continent,location,date,total_vaccinations,people_vaccinated,people_fully_vaccinated,new_vaccinations
Asia,Afghanistan,1/3/2021,0,0,0,0
Asia,Afghanistan,1/10/2021,0,0,0,0
Asia,Afghanistan,1/17/2021,0,0,0,0
Asia,Afghanistan,1/24/2021,0,0,0,0
Asia,Afghanistan,1/31/2021,0,0,0,0
Asia,Afghanistan,2/7/2021,0,0,0,0
Asia,Afghanistan,2/14/2021,0,0,0,0
Asia,Afghanistan,2/21/2021,0,0,0,0
Asia,Afghanistan,2/28/2021,8200,8200,0,0
Asia,Afghanistan,3/7/2021,0,0,0,0
Asia,Afghanistan,3/14/2021,0,0,0,0
Asia,Afghanistan,3/21/2021,0,0,0,0
Asia,Afghanistan,3/28/2021,0,0,0,0
Asia,Afghanistan,4/4/2021,0,0,0,0
Asia,Afghanistan,4/11/2021,0,0,0,0
Asia,Afghanistan,4/18/2021,0,0,0,0
Asia,Afghanistan,4/25/2021,0,0,0,0
Asia,Afghanistan,5/2/2021,0,0,0,0
Asia,Afghanistan,5/9/2021,0,0,0,0
Asia,Afghanistan,5/16/2021,0,0,0,0
Asia,Afghanistan,5/23/2021,0,0,0,0
Asia,Afghanistan,5/30/2021,600152,480226,119926,0
Asia,Afghanistan,6/6/2021,0,0,0,0
Asia,Afghanistan,6/13/2021,0,0,0,0
Asia,Afghanistan,6/20/2021,0,0,0,0
Asia,Afghanistan,6/27/2021,835694,649434,186260,0
Asia,Afghanistan,7/4/2021,0,0,0,0
Asia,Afghanistan,7/11/2021,962093,742934,219159,0
Asia,Afghanistan,7/18/2021,1094257,0,0,0
Asia,Afghanistan,7/25/2021,0,0,0,0
Asia,Afghanistan,8/1/2021,0,0,0,0
Asia,Afghanistan,8/8/2021,0,0,0,0
Asia,Afghanistan,8/15/2021,0,0,0,0
Asia,Afghanistan,8/22/2021,0,0,0,0
Asia,Afghanistan,8/29/2021,0,0,0,0
Asia,Afghanistan,9/5/2021,0,0,0,0
Asia,Afghanistan,9/12/2021,0,0,0,0
Asia,Afghanistan,9/19/2021,0,0,0,0
Asia,Afghanistan,10/3/2021,0,0,0,0
Asia,Afghanistan,10/10/2021,0,0,0,0
Asia,Afghanistan,10/17/2021,0,0,0,0
Asia,Afghanistan,10/24/2021,0,0,0,0
Asia,Afghanistan,10/31/2021,0,0,0,0
Asia,Afghanistan,11/7/2021,0,0,0,0
Asia,Afghanistan,11/14/2021,4018197,3530173,3188609,0
Asia,Afghanistan,11/21/2021,0,0,0,0
Asia,Afghanistan,11/28/2021,0,0,0,0
Asia,Afghanistan,12/5/2021,0,0,0,0
Asia,Afghanistan,12/12/2021,0,0,0,0
Asia,Afghanistan,12/19/2021,0,0,0,0
Asia,Afghanistan,12/26/2021,0,0,0,0
Asia,Afghanistan,1/2/2022,0,0,0,0
Asia,Afghanistan,1/9/2022,4903368,4358570,3809353,0
Asia,Afghanistan,1/16/2022,0,0,0,0
Asia,Afghanistan,1/23/2022,0,0,0,0
Asia,Afghanistan,1/30/2022,0,0,0,0
Asia,Afghanistan,2/6/2022,0,0,0,0
Asia,Afghanistan,2/13/2022,0,0,0,0
Asia,Afghanistan,2/20/2022,5412309,4801524,4125717,0
Asia,Afghanistan,2/27/2022,5535254,4907058,4231984,0
Asia,Afghanistan,3/6/2022,5597130,4952744,4281934,0
Asia,Afghanistan,3/13/2022,0,0,0,0
Asia,Afghanistan,3/20/2022,0,0,0,0
Asia,Afghanistan,3/27/2022,0,0,0,0
Asia,Afghanistan,4/3/2022,0,0,0,0
Asia,Afghanistan,4/10/2022,0,0,0,0
Asia,Afghanistan,4/17/2022,0,0,0,0
Asia,Afghanistan,4/24/2022,0,0,0,0
Asia,Afghanistan,5/1/2022,0,0,0,0
Asia,Afghanistan,5/8/2022,6023425,5320381,4670950,0
Asia,Afghanistan,5/15/2022,6066579,5359930,4710456,0
Asia,Afghanistan,5/22/2022,0,0,0,0
Asia,Afghanistan,5/29/2022,0,0,0,0
Asia,Afghanistan,6/5/2022,0,0,0,0
Asia,Afghanistan,6/19/2022,0,0,0,0
Asia,Afghanistan,6/26/2022,0,0,0,0
Asia,Afghanistan,7/3/2022,0,0,0,0
Asia,Afghanistan,7/10/2022,6491111,5755294,5105618,0
Asia,Afghanistan,7/17/2022,6706843,5969406,5309804,0
Asia,Afghanistan,7/24/2022,0,0,0,0
Asia,Afghanistan,7/31/2022,0,0,0,0
Asia,Afghanistan,8/7/2022,9822860,9066437,8272846,0
Asia,Afghanistan,8/14/2022,0,0,0,0
Asia,Afghanistan,8/21/2022,0,0,0,0
Asia,Afghanistan,8/28/2022,0,0,0,0
Asia,Afghanistan,9/4/2022,11588893,10748257,9963368,0
Asia,Afghanistan,9/11/2022,11725188,10823299,10096068,0
Asia,Afghanistan,9/18/2022,0,0,0,0
Asia,Afghanistan,9/25/2022,0,0,0,0
Asia,Afghanistan,10/2/2022,0,0,0,0
Asia,Afghanistan,10/9/2022,0,0,0,0
Asia,Afghanistan,10/16/2022,11977773,11012345,10328057,0
Asia,Afghanistan,10/23/2022,0,0,0,0
Asia,Afghanistan,10/30/2022,0,0,0,0
Asia,Afghanistan,11/6/2022,0,0,0,0
Asia,Afghanistan,11/13/2022,0,0,0,0
Asia,Afghanistan,11/20/2022,0,0,0,0
Asia,Afghanistan,11/27/2022,12275911,11292816,10587076,0
Asia,Afghanistan,12/4/2022,0,0,0,0
Asia,Afghanistan,12/11/2022,0,0,0,0
Asia,Afghanistan,12/18/2022,0,0,0,0
Asia,Afghanistan,12/25/2022,0,0,0,0
Asia,Afghanistan,1/1/2023,0,0,0,0
Asia,Armenia,1/3/2021,0,0,0,0
Asia,Armenia,1/10/2021,0,0,0,0
Asia,Armenia,1/17/2021,0,0,0,0
Asia,Armenia,1/24/2021,0,0,0,0
Asia,Armenia,1/31/2021,0,0,0,0
Asia,Armenia,2/7/2021,0,0,0,0
Asia,Armenia,2/14/2021,0,0,0,0
Asia,Armenia,2/21/2021,0,0,0,0
Asia,Armenia,2/28/2021,0,0,0,0
Asia,Armenia,3/7/2021,0,0,0,0
Asia,Armenia,3/14/2021,0,0,0,0
Asia,Armenia,3/21/2021,0,0,0,0
Asia,Armenia,3/28/2021,0,0,0,0
Asia,Armenia,4/4/2021,0,0,0,0
Asia,Armenia,4/11/2021,0,0,0,0
Asia,Armenia,4/18/2021,0,0,0,0
Asia,Armenia,4/25/2021,0,0,0,0
Asia,Armenia,5/2/2021,0,0,0,0
Asia,Armenia,5/9/2021,10727,10727,0,0
Asia,Armenia,5/16/2021,19249,19249,0,0
Asia,Armenia,5/23/2021,26562,26562,0,0
Asia,Armenia,5/30/2021,33529,33529,0,0
Asia,Armenia,6/6/2021,46503,46503,0,0
Asia,Armenia,6/13/2021,0,0,0,0
Asia,Armenia,6/20/2021,64293,52509,11784,0
Asia,Armenia,6/27/2021,74714,58518,16196,0
Asia,Armenia,7/4/2021,0,0,0,0
Asia,Armenia,7/11/2021,108107,77449,30658,0
Asia,Armenia,7/18/2021,131080,94560,36520,0
Asia,Armenia,7/25/2021,152529,108674,43855,0
Asia,Armenia,8/1/2021,171890,120285,51605,0
Asia,Armenia,8/8/2021,194902,132529,62373,0
Asia,Armenia,8/15/2021,220236,144573,75663,0
Asia,Armenia,8/22/2021,239342,153888,85454,0
Asia,Armenia,8/29/2021,275138,176552,98586,0
Asia,Armenia,9/5/2021,303325,195290,108035,0
Asia,Armenia,9/12/2021,335721,215278,120443,0
Asia,Armenia,9/19/2021,366779,237454,129325,0
Asia,Armenia,9/26/2021,408535,264695,143840,0
Asia,Armenia,10/3/2021,0,0,0,0
Asia,Armenia,10/10/2021,0,0,0,0
Asia,Armenia,10/17/2021,620698,434617,186081,0
Asia,Armenia,10/24/2021,709345,497971,211374,0
Asia,Armenia,10/31/2021,831856,579360,252496,0
Asia,Armenia,11/7/2021,890797,613849,276948,0
Asia,Armenia,11/14/2021,1004493,682188,322305,0
Asia,Armenia,11/21/2021,1110891,738887,372004,0
Asia,Armenia,11/28/2021,1236264,799403,436861,0
Asia,Armenia,12/5/2021,0,0,0,0
Asia,Armenia,12/12/2021,1452374,869750,582624,0
Asia,Armenia,12/19/2021,1546632,903661,642971,0
Asia,Armenia,12/26/2021,1626738,934028,692082,0
Asia,Armenia,1/2/2022,1660256,944784,714685,0
Asia,Armenia,1/9/2022,1694518,952813,740489,0
Asia,Armenia,1/16/2022,0,0,0,0
Asia,Armenia,1/23/2022,1825382,999891,819841,0
Asia,Armenia,1/30/2022,1883413,1032249,842213,0
Asia,Armenia,2/6/2022,1925556,1054178,858981,0
Asia,Armenia,2/13/2022,1971565,1080404,872336,0
Asia,Armenia,2/20/2022,1992891,0,896723,0
Asia,Armenia,2/27/2022,2042616,1100694,919397,0
Asia,Armenia,3/6/2022,0,0,0,0
Asia,Armenia,3/13/2022,2088962,1113472,948778,0
Asia,Armenia,3/20/2022,2107032,1118674,959116,0
Asia,Armenia,3/27/2022,0,0,0,0
Asia,Armenia,4/3/2022,2141957,0,980101,0
Asia,Armenia,4/10/2022,0,0,984868,0
Asia,Armenia,4/17/2022,2149195,0,0,0
Asia,Armenia,4/24/2022,0,0,0,0
Asia,Armenia,5/8/2022,0,0,0,0
Asia,Armenia,5/22/2022,2150112,0,985807,0
Asia,Armenia,5/29/2022,0,0,0,0
Asia,Armenia,7/3/2022,0,0,0,0
Asia,Armenia,7/31/2022,0,0,0,0
Asia,Armenia,8/7/2022,0,0,0,0
Asia,Armenia,8/14/2022,0,0,0,0
Asia,Armenia,8/21/2022,0,0,0,0
Asia,Armenia,8/28/2022,0,0,0,0
Asia,Armenia,9/4/2022,0,0,0,0
Asia,Armenia,9/11/2022,0,0,0,0
Asia,Armenia,9/18/2022,0,0,0,0
Asia,Armenia,9/25/2022,0,0,0,0
Asia,Armenia,10/2/2022,0,0,0,0
Asia,Armenia,10/9/2022,0,0,0,0
Asia,Armenia,10/16/2022,0,0,0,0
Asia,Armenia,10/23/2022,0,0,0,0
Asia,Armenia,11/6/2022,0,0,0,0
Asia,Armenia,12/4/2022,0,0,0,0
Asia,Armenia,12/11/2022,0,0,0,0
Asia,Armenia,12/25/2022,0,0,0,0
Asia,Armenia,1/1/2023,0,0,0,0
Asia,Azerbaijan,1/3/2021,0,0,0,0
Asia,Azerbaijan,1/10/2021,0,0,0,0
Asia,Azerbaijan,1/17/2021,0,0,0,0
Asia,Azerbaijan,1/24/2021,0,0,0,0
Asia,Azerbaijan,1/31/2021,0,0,0,0
Asia,Azerbaijan,2/7/2021,0,0,0,0
Asia,Azerbaijan,2/14/2021,0,0,0,0
Asia,Azerbaijan,2/21/2021,0,0,0,0
Asia,Azerbaijan,2/28/2021,0,0,0,0
Asia,Azerbaijan,3/7/2021,0,0,0,0
Asia,Azerbaijan,3/14/2021,453586,453586,0,3270
Asia,Azerbaijan,3/21/2021,0,0,0,0
Asia,Azerbaijan,3/28/2021,0,0,0,0
Asia,Azerbaijan,4/4/2021,947745,590914,356831,22932
Asia,Azerbaijan,4/11/2021,1177087,758275,418812,23538
Asia,Azerbaijan,4/18/2021,1337361,889216,448145,12327
Asia,Azerbaijan,4/25/2021,1423295,939098,484197,10814
Asia,Azerbaijan,5/2/2021,1516923,975208,541715,11717
Asia,Azerbaijan,5/9/2021,1687397,1005678,681719,25625
Asia,Azerbaijan,5/16/2021,1795049,1030831,764218,17623
Asia,Azerbaijan,5/23/2021,1986969,1134376,852593,25406
Asia,Azerbaijan,5/30/2021,2252809,1352778,900031,44735
Asia,Azerbaijan,6/6/2021,2546169,1611165,935004,33084
Asia,Azerbaijan,6/13/2021,2775319,1810857,964462,32452
Asia,Azerbaijan,6/20/2021,2989458,1949635,1039823,0
Asia,Azerbaijan,6/27/2021,3348427,2138684,1209743,54695
Asia,Azerbaijan,7/4/2021,3792764,2345077,1447687,52317
Asia,Azerbaijan,7/11/2021,4107950,2474911,1633039,38732
Asia,Azerbaijan,7/18/2021,4357356,2580819,1776537,33869
Asia,Azerbaijan,7/25/2021,4563897,2654076,1909821,46910
Asia,Azerbaijan,8/1/2021,5040778,2923477,2117301,68416
Asia,Azerbaijan,8/8/2021,5418243,3160484,2257759,47475
Asia,Azerbaijan,8/15/2021,5794232,3419938,2374294,54890
Asia,Azerbaijan,8/22/2021,6170376,3713143,2457233,60191
Asia,Azerbaijan,8/29/2021,6687806,4042976,2644830,0
Asia,Azerbaijan,9/5/2021,7235274,4358794,2876480,60977
Asia,Azerbaijan,9/12/2021,7609940,4507038,3102902,0
Asia,Azerbaijan,9/19/2021,7976549,4619432,3357117,0
Asia,Azerbaijan,9/26/2021,8349945,4713750,3636195,56355
Asia,Azerbaijan,10/3/2021,8736939,4808142,3928797,52949
Asia,Azerbaijan,10/10/2021,8996778,4889178,4107600,33833
Asia,Azerbaijan,10/17/2021,9194432,4964151,4230281,0
Asia,Azerbaijan,10/24/2021,9383303,0,4323145,29559
Asia,Azerbaijan,10/31/2021,9660868,0,4402450,43113
Asia,Azerbaijan,11/7/2021,0,0,0,0
Asia,Azerbaijan,11/14/2021,10092423,5022350,4480614,30231
Asia,Azerbaijan,11/21/2021,10292434,5050602,4524841,25256
Asia,Azerbaijan,11/28/2021,10486650,5074275,4559863,26530
Asia,Azerbaijan,12/5/2021,10702988,5098541,4593278,27339
Asia,Azerbaijan,12/12/2021,10894072,5120573,4617224,24600
Asia,Azerbaijan,12/19/2021,11066874,5140913,4641869,20738
Asia,Azerbaijan,12/26/2021,0,0,0,0
Asia,Azerbaijan,1/2/2022,11346285,5169401,4676609,42
Asia,Azerbaijan,1/9/2022,11498372,5184045,4695326,26775
Asia,Azerbaijan,1/16/2022,11672083,5200328,4714478,23587
Asia,Azerbaijan,1/23/2022,11813840,5214124,4729272,22586
Asia,Azerbaijan,1/30/2022,12000749,5230388,4742169,29728
Asia,Azerbaijan,2/6/2022,0,0,0,0
Asia,Azerbaijan,2/13/2022,12478257,5267458,4764254,43929
Asia,Azerbaijan,2/20/2022,0,0,0,0
Asia,Azerbaijan,2/27/2022,0,0,0,0
Asia,Azerbaijan,3/6/2022,13159751,5308772,4795324,0
Asia,Azerbaijan,3/13/2022,13263746,5314246,4803742,16804
Asia,Azerbaijan,3/20/2022,13368482,5319389,4814484,12966
Asia,Azerbaijan,3/27/2022,13405920,5321389,4818792,10095
Asia,Azerbaijan,4/3/2022,13491577,5327175,4827901,0
Asia,Azerbaijan,4/10/2022,13549307,5330997,4832867,8312
Asia,Azerbaijan,4/17/2022,13595242,5334494,4836495,0
Asia,Azerbaijan,4/24/2022,13627588,5337603,4838456,3869
Asia,Azerbaijan,5/1/2022,0,0,0,0
Asia,Azerbaijan,5/22/2022,0,0,0,0
Asia,Azerbaijan,5/29/2022,13721284,5347501,4848699,27
Asia,Azerbaijan,6/5/2022,0,0,0,0
Asia,Azerbaijan,6/12/2022,0,0,0,0
Asia,Azerbaijan,6/19/2022,13753387,5352263,4852231,1265
Asia,Azerbaijan,6/26/2022,13762091,5353536,4853215,1475
Asia,Azerbaijan,7/10/2022,0,0,0,0
Asia,Azerbaijan,7/17/2022,0,0,0,0
Asia,Azerbaijan,7/24/2022,13805231,5364362,4857106,2187
Asia,Azerbaijan,7/31/2022,13818005,5366776,4857889,1682
Asia,Azerbaijan,8/7/2022,13829027,5368516,4858862,1424
Asia,Azerbaijan,8/14/2022,0,0,0,0
Asia,Azerbaijan,8/21/2022,0,0,0,0
Asia,Azerbaijan,8/28/2022,13857111,5373253,4862494,0
Asia,Azerbaijan,9/4/2022,0,0,0,0
Asia,Azerbaijan,9/11/2022,0,0,0,0
Asia,Azerbaijan,9/18/2022,0,0,0,0
Asia,Azerbaijan,9/25/2022,0,0,0,0
Asia,Azerbaijan,10/2/2022,0,0,0,0
Asia,Azerbaijan,10/9/2022,0,0,0,0
Asia,Azerbaijan,10/16/2022,0,0,0,0
Asia,Azerbaijan,10/23/2022,0,0,0,0
Asia,Azerbaijan,10/30/2022,0,0,0,0
Asia,Azerbaijan,11/6/2022,0,0,0,0
Asia,Azerbaijan,11/13/2022,0,0,0,0
Asia,Azerbaijan,11/20/2022,0,0,0,0
Asia,Azerbaijan,11/27/2022,0,0,0,0
Asia,Azerbaijan,12/4/2022,0,0,0,0
Asia,Azerbaijan,12/11/2022,0,0,0,0
Asia,Azerbaijan,12/18/2022,0,0,0,0
Asia,Azerbaijan,12/25/2022,0,0,0,0
Asia,Azerbaijan,1/1/2023,0,0,0,0
Asia,Bahrain,1/3/2021,60689,60689,0,592
Asia,Bahrain,1/10/2021,89250,89250,0,5093
Asia,Bahrain,1/17/2021,0,141563,0,0
Asia,Bahrain,1/24/2021,0,0,0,0
Asia,Bahrain,1/31/2021,0,171568,0,0
Asia,Bahrain,2/7/2021,0,191406,0,0
Asia,Bahrain,2/14/2021,0,248775,0,0
Asia,Bahrain,2/21/2021,0,274960,0,0
Asia,Bahrain,2/28/2021,0,298171,0,0
Asia,Bahrain,3/7/2021,509907,308465,201442,3388
Asia,Bahrain,3/14/2021,551197,337016,214181,16572
Asia,Bahrain,3/21/2021,653236,417364,235872,13132
Asia,Bahrain,3/28/2021,735717,487640,248077,11716
Asia,Bahrain,4/4/2021,817379,530415,286964,19455
Asia,Bahrain,4/11/2021,956471,565171,391300,17403
Asia,Bahrain,4/18/2021,1077488,602644,474844,22438
Asia,Bahrain,4/25/2021,1180735,659990,520745,12085
Asia,Bahrain,5/2/2021,1264087,717024,547063,17848
Asia,Bahrain,5/9/2021,1375967,797181,578786,18150
Asia,Bahrain,5/16/2021,1472955,838719,634236,16538
Asia,Bahrain,5/23/2021,1580103,880795,699308,20440
Asia,Bahrain,5/30/2021,1706904,924530,782374,22055
Asia,Bahrain,6/6/2021,1826466,1002977,823489,12732
Asia,Bahrain,6/13/2021,1891596,1026666,864930,7955
Asia,Bahrain,6/20/2021,1943301,1043787,899514,10795
Asia,Bahrain,6/27/2021,2027964,1052795,975169,8651
Asia,Bahrain,7/4/2021,2147153,1074175,1000567,7364
Asia,Bahrain,7/11/2021,2193232,1086557,1021658,6680
Asia,Bahrain,7/18/2021,2241494,1096309,1032792,6318
Asia,Bahrain,7/25/2021,2274536,1102454,1044087,8247
Asia,Bahrain,8/1/2021,2314773,1109612,1057053,9419
Asia,Bahrain,8/22/2021,2449543,1133403,1077833,5688
Asia,Bahrain,8/29/2021,2481843,1143653,1086651,4827
Asia,Bahrain,9/26/2021,2561756,1163701,1111146,8065
Asia,Bahrain,10/10/2021,2660632,1168404,1128869,8923
Asia,Bahrain,10/17/2021,2708159,1171032,1133745,8054
Asia,Bahrain,10/24/2021,2741537,1173266,1137725,5545
Asia,Bahrain,11/21/2021,2858015,1185754,1153488,6577
Asia,Bahrain,1/9/2022,3274860,1207231,1183058,6457
Asia,Bahrain,1/16/2022,3306303,1210108,1188253,3669
Asia,Bahrain,1/23/2022,3329649,1212541,1191589,5013
Asia,Bahrain,1/30/2022,3354745,1223635,1193541,4100
Asia,Bahrain,2/6/2022,3369863,1226496,1196371,2716
Asia,Bahrain,2/13/2022,0,0,0,0
Asia,Bahrain,2/20/2022,0,0,0,0
Asia,Bahrain,2/27/2022,0,0,0,0
Asia,Bahrain,3/6/2022,3410306,1231321,1212914,0
Asia,Bahrain,3/13/2022,0,0,0,0
Asia,Bahrain,3/20/2022,0,0,0,0
Asia,Bahrain,3/27/2022,0,0,0,0
Asia,Bahrain,4/3/2022,3426136,1233412,1217102,0
Asia,Bahrain,4/10/2022,0,0,0,0
Asia,Bahrain,4/17/2022,0,0,0,0
Asia,Bahrain,4/24/2022,0,0,0,0
Asia,Bahrain,5/8/2022,3436743,1234889,1219122,0
Asia,Bahrain,5/15/2022,3439499,1235552,1219598,0
Asia,Bahrain,5/22/2022,0,0,0,0
Asia,Bahrain,5/29/2022,3444236,1236792,1220508,358
Asia,Bahrain,6/5/2022,3446398,1237175,1221140,361
Asia,Bahrain,6/12/2022,3448436,1237504,1221776,348
Asia,Bahrain,6/19/2022,3450654,1237838,1222378,370
Asia,Bahrain,6/26/2022,3452870,1238189,1222834,362
Asia,Bahrain,7/3/2022,3454831,1238496,1223225,440
Asia,Bahrain,7/10/2022,3456455,1238724,1223530,111
Asia,Bahrain,7/17/2022,3457672,1238878,1223780,28
Asia,Bahrain,7/24/2022,3459641,1239164,1224069,339
Asia,Bahrain,7/31/2022,3461096,1239333,1224301,0
Asia,Bahrain,8/7/2022,3462975,1239565,1224548,324
Asia,Bahrain,8/14/2022,3464152,1239740,1224776,231
Asia,Bahrain,8/21/2022,3465615,1239972,1224984,257
Asia,Bahrain,9/4/2022,3467957,1240287,1225452,146
Asia,Bahrain,9/11/2022,3468872,1240373,1225659,119
Asia,Bahrain,9/18/2022,3469643,1240458,1225826,129
Asia,Bahrain,10/16/2022,3472481,1240743,1226235,94
Asia,Bahrain,10/23/2022,3473111,1240835,1226317,111
Asia,Bahrain,10/30/2022,0,0,0,0
Asia,Bahrain,11/6/2022,3474226,1240936,1226465,108
Asia,Bahrain,11/13/2022,3474789,1240986,1226556,102
Asia,Bahrain,11/20/2022,3475295,1241047,1226614,80
Asia,Bahrain,11/27/2022,3475735,1241082,1226691,70
Asia,Bangladesh,1/3/2021,0,0,0,0
Asia,Bangladesh,1/10/2021,0,0,0,0
Asia,Bangladesh,1/17/2021,0,0,0,0
Asia,Bangladesh,1/24/2021,0,0,0,0
Asia,Bangladesh,1/31/2021,0,0,0,0
Asia,Bangladesh,2/7/2021,31160,31160,0,0
Asia,Bangladesh,2/14/2021,906033,906033,0,169353
Asia,Bangladesh,2/21/2021,0,0,0,0
Asia,Bangladesh,2/28/2021,3110525,3110525,0,125752
Asia,Bangladesh,3/7/2021,3682152,3682152,0,0
Asia,Bangladesh,3/14/2021,4398094,4398094,0,0
Asia,Bangladesh,3/21/2021,0,0,0,0
Asia,Bangladesh,3/28/2021,0,0,0,0
Asia,Bangladesh,4/4/2021,5498172,5498172,0,45538
Asia,Bangladesh,4/11/2021,6010824,5627107,383717,189348
Asia,Bangladesh,4/18/2021,7080699,5714090,1366609,0
Asia,Bangladesh,4/25/2021,8145266,5818400,2326866,191090
Asia,Bangladesh,5/2/2021,8755950,5819709,2936241,0
Asia,Bangladesh,5/9/2021,9316086,5819900,3496186,94699
Asia,Bangladesh,5/16/2021,9519995,5819912,3700083,0
Asia,Bangladesh,5/23/2021,0,0,0,0
Asia,Bangladesh,5/30/2021,9979415,5823245,4156170,19468
Asia,Bangladesh,6/6/2021,10034502,5823245,4211257,12868
Asia,Bangladesh,6/13/2021,0,0,0,0
Asia,Bangladesh,6/20/2021,10086979,5823245,4263734,3371
Asia,Bangladesh,6/27/2021,0,0,0,0
Asia,Bangladesh,7/4/2021,0,0,0,0
Asia,Bangladesh,7/11/2021,0,0,0,0
Asia,Bangladesh,7/18/2021,0,0,0,0
Asia,Bangladesh,7/25/2021,10366468,6076310,4290158,43511
Asia,Bangladesh,8/1/2021,13141815,8803650,4338165,292550
Asia,Bangladesh,8/8/2021,17678802,13159099,4519703,2979212
Asia,Bangladesh,8/15/2021,20918340,15567318,5351022,276688
Asia,Bangladesh,8/22/2021,22813877,16491181,6322696,398396
Asia,Bangladesh,8/29/2021,25542041,18131561,7410480,0
Asia,Bangladesh,9/5/2021,27715325,19150115,8565210,371768
Asia,Bangladesh,9/12/2021,34288574,20656175,13632399,574620
Asia,Bangladesh,9/19/2021,36832791,22148103,14684688,534641
Asia,Bangladesh,9/26/2021,40317634,24194096,16123538,678686
Asia,Bangladesh,10/3/2021,50785915,33663082,17122833,0
Asia,Bangladesh,10/10/2021,54191063,36162135,18028928,910415
Asia,Bangladesh,10/17/2021,56317857,37575990,18741867,184836
Asia,Bangladesh,10/24/2021,0,0,0,0
Asia,Bangladesh,10/31/2021,70510078,41784170,28725908,0
Asia,Bangladesh,11/7/2021,75557364,44688518,30868846,1681512
Asia,Bangladesh,11/14/2021,84319490,51510392,32809098,481545
Asia,Bangladesh,11/21/2021,0,0,0,0
Asia,Bangladesh,11/28/2021,93786813,57817590,35969223,157
Asia,Bangladesh,12/5/2021,102108505,64284262,37824243,910151
Asia,Bangladesh,12/12/2021,0,0,0,0
Asia,Bangladesh,12/19/2021,0,0,0,0
Asia,Bangladesh,12/26/2021,0,0,0,0
Asia,Bangladesh,1/2/2022,0,0,0,0
Asia,Bangladesh,1/9/2022,0,0,0,0
Asia,Bangladesh,1/16/2022,144171163,87092079,56481969,2501676
Asia,Bangladesh,1/23/2022,0,0,0,0
Asia,Bangladesh,1/30/2022,0,0,0,0
Asia,Bangladesh,2/6/2022,0,0,0,0
Asia,Bangladesh,2/13/2022,0,0,0,0
Asia,Bangladesh,2/20/2022,0,0,0,0
Asia,Bangladesh,2/27/2022,0,0,0,0
Asia,Bangladesh,3/6/2022,215798686,125316319,86332008,0
Asia,Bangladesh,3/13/2022,220410542,126228916,89486205,637725
Asia,Bangladesh,3/20/2022,224397254,126684729,91743096,1040439
Asia,Bangladesh,3/27/2022,231420654,127169172,96671169,1631356
Asia,Bangladesh,4/3/2022,252034101,128218843,114051310,0
Asia,Bangladesh,4/10/2022,0,0,0,0
Asia,Bangladesh,4/17/2022,255102992,128566787,115489411,0
Asia,Bangladesh,4/24/2022,0,0,0,0
Asia,Bangladesh,5/22/2022,0,0,0,0
Asia,Bangladesh,5/29/2022,261364230,129000128,117565106,180440
Asia,Bangladesh,6/5/2022,0,0,0,0
Asia,Bangladesh,6/26/2022,0,0,0,0
Asia,Bangladesh,7/3/2022,0,0,0,0
Asia,Bangladesh,7/10/2022,0,0,0,0
Asia,Bangladesh,7/17/2022,279837374,129875650,119857594,124607
Asia,Bangladesh,7/24/2022,288586019,130000824,120297369,0
Asia,Bangladesh,7/31/2022,0,0,0,0
Asia,Bangladesh,8/7/2022,0,0,0,0
Asia,Bangladesh,8/14/2022,291969856,130179063,120841398,0
Asia,Bangladesh,8/21/2022,0,0,0,0
Asia,Bangladesh,8/28/2022,294274995,130344789,121152135,0
Asia,Bangladesh,9/4/2022,295728911,130878488,121295180,0
Asia,Bangladesh,9/11/2022,296741118,131265584,121425539,0
Asia,Bangladesh,9/18/2022,297640056,131538572,121583776,153855
Asia,Bangladesh,9/25/2022,298387725,131668681,121715545,86542
Asia,Bangladesh,10/2/2022,0,0,0,0
Asia,Bangladesh,10/9/2022,0,0,0,0
Asia,Bangladesh,10/16/2022,315846938,135233348,123896251,0
Asia,Bangladesh,10/23/2022,0,0,0,0
Asia,Bangladesh,10/30/2022,0,0,0,0
Asia,Bangladesh,11/6/2022,0,0,0,0
Asia,Bangladesh,11/13/2022,0,0,0,0
Asia,Bangladesh,11/20/2022,329704425,146831906,124751844,722136
Asia,Bangladesh,11/27/2022,0,0,0,0
Asia,Bangladesh,12/4/2022,334842984,149128228,125670627,2131550
Asia,Bangladesh,12/11/2022,0,149138275,0,0
Asia,Bangladesh,12/18/2022,0,149140247,0,0
Asia,Bangladesh,12/25/2022,0,149140660,0,0
Asia,Bangladesh,1/1/2023,334842984,149140663,125670627,0
Asia,Bhutan,1/10/2021,0,0,0,0
Asia,Bhutan,7/18/2021,488872,486242,2630,0
Asia,Bhutan,8/15/2021,1035510,560963,474547,0
Asia,Bhutan,1/30/2022,1435774,593980,570751,0
Asia,Bhutan,2/13/2022,1507848,594872,572425,0
Asia,Bhutan,2/20/2022,1584463,596419,574529,0
Asia,Bhutan,3/6/2022,0,0,0,0
Asia,Bhutan,3/20/2022,1787937,687549,579640,0
Asia,Bhutan,4/3/2022,1804259,689748,582523,0
Asia,Bhutan,4/10/2022,1888156,691290,662656,0
Asia,Bhutan,4/17/2022,0,0,0,0
Asia,Bhutan,4/24/2022,1902438,692170,670303,0
Asia,Bhutan,5/1/2022,0,0,0,0
Asia,Brunei,8/15/2021,0,0,0,0
Asia,Brunei,8/22/2021,0,0,0,0
Asia,Brunei,8/29/2021,308219,219145,89074,0
Asia,Brunei,9/5/2021,0,0,0,0
Asia,Brunei,9/12/2021,378598,236408,142190,0
Asia,Brunei,9/19/2021,0,0,0,0
Asia,Brunei,9/26/2021,455355,276935,178420,0
Asia,Brunei,10/3/2021,0,0,0,0
Asia,Brunei,10/10/2021,542019,330410,211609,0
Asia,Brunei,10/17/2021,0,0,0,0
Asia,Brunei,10/24/2021,592613,348782,243831,0
Asia,Brunei,10/31/2021,0,0,0,0
Asia,Brunei,11/7/2021,640721,355420,285301,7257
Asia,Brunei,1/2/2022,0,0,0,0
Asia,Brunei,2/13/2022,0,0,0,0
Asia,Brunei,2/20/2022,0,0,0,0
Asia,Brunei,2/27/2022,0,0,0,0
Asia,Brunei,3/6/2022,0,0,0,0
Asia,Brunei,3/13/2022,0,0,0,0
Asia,Brunei,3/20/2022,0,0,0,0
Asia,Brunei,3/27/2022,0,0,0,0
Asia,Brunei,4/10/2022,0,0,0,0
Asia,Brunei,7/3/2022,0,0,0,0
Asia,Brunei,7/10/2022,0,0,0,0
Asia,Brunei,7/17/2022,0,0,0,0
Asia,Brunei,7/24/2022,0,0,0,0
Asia,Brunei,8/7/2022,0,0,0,0
Asia,Brunei,8/28/2022,0,0,0,0
Asia,Brunei,9/4/2022,0,0,0,0
Asia,Brunei,9/11/2022,0,0,0,0
Asia,Brunei,10/2/2022,0,0,0,0
Asia,Brunei,10/9/2022,0,0,0,0
Asia,Brunei,10/16/2022,0,0,0,0
Asia,Brunei,10/23/2022,0,0,0,0
Asia,Brunei,11/6/2022,0,0,0,0
Asia,Brunei,11/20/2022,0,0,0,0
Asia,Brunei,11/27/2022,0,0,0,0
Asia,Brunei,12/4/2022,0,0,0,0
Asia,Brunei,12/11/2022,0,0,0,0
Asia,Brunei,12/18/2022,0,0,0,0
Asia,Brunei,12/25/2022,0,0,0,0
Asia,Cambodia,3/14/2021,336900,279307,57593,9650
Asia,Cambodia,3/21/2021,463872,323689,140183,7369
Asia,Cambodia,3/28/2021,595466,383462,212004,14280
Asia,Cambodia,4/4/2021,830031,581591,248440,52517
Asia,Cambodia,4/11/2021,1286585,1018605,267980,48597
Asia,Cambodia,4/18/2021,1559128,1257214,301914,3690
Asia,Cambodia,4/25/2021,2027968,1295660,732308,49420
Asia,Cambodia,5/2/2021,2407503,1422722,984781,72794
Asia,Cambodia,5/9/2021,2884922,1773994,1110928,58333
Asia,Cambodia,5/16/2021,3267516,2082282,1185234,52681
Asia,Cambodia,5/23/2021,3840027,2269860,1570167,72911
Asia,Cambodia,5/30/2021,4528839,2567493,1961346,90643
Asia,Cambodia,6/6/2021,4938642,2754341,2184301,44327
Asia,Cambodia,6/13/2021,5428433,2939543,2488890,103339
Asia,Cambodia,6/20/2021,6098584,3366207,2732377,85586
Asia,Cambodia,6/27/2021,6836447,3955033,2881414,106711
Asia,Cambodia,7/4/2021,7814310,4535894,3278416,123496
Asia,Cambodia,7/11/2021,8700167,4903845,3796322,139624
Asia,Cambodia,7/18/2021,10043602,5912545,4131057,166010
Asia,Cambodia,7/25/2021,11223465,6741782,4481683,143740
Asia,Cambodia,8/1/2021,12232259,7385013,4847246,143942
Asia,Cambodia,8/8/2021,13949503,8151969,6019634,268127
Asia,Cambodia,8/15/2021,15839320,8948377,7250849,217186
Asia,Cambodia,8/22/2021,17313877,9717258,7874938,161972
Asia,Cambodia,8/29/2021,18714426,10562995,8392316,179216
Asia,Cambodia,9/5/2021,19926987,11242806,8929045,96286
Asia,Cambodia,9/12/2021,20763467,11446420,9519460,90912
Asia,Cambodia,9/19/2021,22152521,12049739,10304104,313676
Asia,Cambodia,9/26/2021,23830570,13124421,10884162,125490
Asia,Cambodia,10/3/2021,24411182,13441093,11119189,32358
Asia,Cambodia,10/10/2021,24861031,13492406,11498517,189734
Asia,Cambodia,10/17/2021,26589595,13593910,12617254,150770
Asia,Cambodia,10/24/2021,27309793,13663527,12988266,66315
Asia,Cambodia,10/31/2021,27582895,13709487,13065834,42561
Asia,Cambodia,11/7/2021,28041552,13963921,13149177,0
Asia,Cambodia,11/14/2021,28231176,14051925,13203848,1000
Asia,Cambodia,11/21/2021,28414237,14090548,13234874,8660
Asia,Cambodia,11/28/2021,28597011,14129389,13285251,15589
Asia,Cambodia,12/5/2021,29001512,14170074,13465652,34750
Asia,Cambodia,12/12/2021,29502058,14201322,13548174,29632
Asia,Cambodia,12/19/2021,29830319,14225712,13592006,27257
Asia,Cambodia,12/26/2021,30209708,14244784,13625556,29012
Asia,Cambodia,1/2/2022,30472330,14262959,13661019,7009
Asia,Cambodia,1/9/2022,30826697,14282788,13685179,23896
Asia,Cambodia,2/20/2022,34299633,14394430,13819573,40448
Asia,Cambodia,2/27/2022,35277260,14563512,13846457,84673
Asia,Cambodia,3/6/2022,35962180,14693174,13866433,39660
Asia,Cambodia,3/13/2022,36305981,14750100,13881075,20591
Asia,Cambodia,3/20/2022,36536400,14783260,13897764,17612
Asia,Cambodia,3/27/2022,36776457,14810353,13970910,17987
Asia,Cambodia,4/10/2022,37145166,14845304,14093151,8323
Asia,Cambodia,4/24/2022,37654417,14892264,14151943,79268
Asia,China,1/3/2021,0,0,0,0
Asia,China,1/10/2021,0,0,0,0
Asia,China,1/17/2021,0,0,0,0
Asia,China,1/24/2021,0,0,0,0
Asia,China,1/31/2021,24000000,0,0,0
Asia,China,2/7/2021,0,0,0,0
Asia,China,2/14/2021,0,0,0,0
Asia,China,2/21/2021,0,0,0,0
Asia,China,2/28/2021,52520000,0,0,0
Asia,China,3/7/2021,0,0,0,0
Asia,China,3/14/2021,64980000,0,0,0
Asia,China,3/28/2021,106613000,0,0,4196000
Asia,China,4/11/2021,167343000,0,0,2872000
Asia,China,4/18/2021,192127000,0,0,2318000
Asia,China,5/2/2021,275338000,0,0,4932000
Asia,China,5/23/2021,510858000,0,0,13586000
Asia,China,5/30/2021,639172000,0,0,18198000
Asia,China,6/6/2021,777879000,0,0,14814000
Asia,China,6/13/2021,892770000,0,0,14247000
Asia,China,6/20/2021,1029223000,0,0,18734000
Asia,China,6/27/2021,1185787000,0,0,20557000
Asia,China,7/4/2021,1305499000,0,0,9462000
Asia,China,7/11/2021,1382482000,0,0,8320000
Asia,China,7/18/2021,1456557000,0,0,9130000
Asia,China,7/25/2021,1550268000,0,0,11561000
Asia,China,8/1/2021,1669527000,0,0,16708000
Asia,China,8/8/2021,1782525000,0,0,12221000
Asia,China,8/15/2021,1862928000,0,0,9089000
Asia,China,8/22/2021,1946954000,0,0,11085000
Asia,China,8/29/2021,2044625000,0,0,11691000
Asia,China,9/5/2021,2107445000,0,0,7058000
Asia,China,9/12/2021,2148120000,0,0,5540000
Asia,China,9/19/2021,2177638000,0,0,3595000
Asia,China,9/26/2021,2200202000,0,0,2513000
Asia,China,10/3/2021,2213691000,0,0,730000
Asia,China,10/10/2021,2221245000,0,0,1117000
Asia,China,10/31/2021,2274072000,0,0,5710000
Asia,China,11/14/2021,2389568000,0,0,7435000
Asia,China,12/19/2021,2684290000,0,1193466000,10602000
Asia,China,1/16/2022,2937632000,0,0,4147000
Asia,China,2/13/2022,3046687000,0,0,4311000
Asia,China,2/20/2022,3084712000,0,0,3924000
Asia,China,2/27/2022,3124118000,0,0,4454000
Asia,China,3/6/2022,3160685000,0,0,3786000
Asia,China,3/13/2022,3193236000,0,0,3810000
Asia,China,3/20/2022,3226334000,0,0,3466000
Asia,China,3/27/2022,3254984000,0,0,3572000
Asia,China,4/3/2022,3279249000,0,0,2363000
Asia,China,4/10/2022,3297551000,0,0,2343000
Asia,China,4/17/2022,3315186000,0,0,1848000
Asia,China,4/24/2022,3331771000,0,0,2005000
Asia,China,5/1/2022,3345524000,0,0,996000
Asia,China,5/8/2022,3353022000,0,0,969000
Asia,China,5/15/2022,3362389000,0,0,1056000
Asia,China,5/22/2022,3371096000,1288947000,1254875000,934000
Asia,China,5/29/2022,3379075000,0,0,864000
Asia,China,6/5/2022,3384372000,0,0,454000
Asia,China,6/12/2022,3389454000,0,0,550000
Asia,China,6/19/2022,3395026000,0,0,522000
Asia,China,6/26/2022,3399803000,0,0,486000
Asia,China,7/3/2022,3403989000,0,0,346000
Asia,China,7/10/2022,3408404000,0,0,459000
Asia,China,7/17/2022,3412950000,0,0,493000
Asia,China,7/24/2022,3417900000,0,0,543000
Asia,China,7/31/2022,3423669000,0,0,759000
Asia,China,8/7/2022,3426023000,0,0,180000
Asia,China,8/14/2022,3427965000,0,0,177000
Asia,China,8/21/2022,3429988000,0,0,184000
Asia,China,8/28/2022,3431965000,0,0,174000
Asia,China,9/4/2022,3433450000,0,0,122000
Asia,China,9/11/2022,3434390000,0,0,73000
Asia,China,9/18/2022,3435302000,0,0,95000
Asia,China,9/25/2022,3436227000,0,0,95000
Asia,China,10/2/2022,3437018000,0,0,52000
Asia,China,10/9/2022,3437516000,0,0,74000
Asia,China,10/16/2022,3438277000,0,0,75000
Asia,China,10/23/2022,3438993000,0,0,73000
Asia,China,10/30/2022,3439698000,0,0,78000
Asia,China,11/6/2022,3440421000,0,0,75000
Asia,China,11/13/2022,3441205000,0,0,79000
Asia,China,11/20/2022,3442376000,0,0,123000
Asia,China,11/27/2022,3443327000,0,0,87000
Asia,China,12/4/2022,3444295000,0,0,129000
Asia,China,12/11/2022,3448992000,0,0,817000
Asia,China,12/18/2022,3457491000,0,0,688000
Asia,China,12/25/2022,3471819000,0,0,873000
Asia,China,1/1/2023,3478488000,0,0,394000
Asia,East Timor,4/11/2021,0,0,0,0
Asia,East Timor,4/18/2021,0,0,0,0
Asia,East Timor,4/25/2021,0,0,0,0
Asia,East Timor,5/2/2021,0,0,0,0
Asia,East Timor,5/9/2021,0,0,0,0
Asia,East Timor,5/16/2021,0,0,0,0
Asia,East Timor,5/23/2021,0,0,0,0
Asia,East Timor,5/30/2021,0,0,0,0
Asia,East Timor,6/6/2021,0,0,0,0
Asia,East Timor,6/13/2021,0,0,0,0
Asia,East Timor,6/20/2021,0,0,0,0
Asia,East Timor,6/27/2021,0,0,0,0
Asia,East Timor,7/4/2021,0,0,0,0
Asia,East Timor,7/11/2021,0,0,0,0
Asia,East Timor,7/18/2021,0,0,0,0
Asia,East Timor,8/8/2021,0,0,0,0
Asia,East Timor,8/15/2021,0,0,0,0
Asia,East Timor,8/22/2021,0,0,0,0
Asia,East Timor,8/29/2021,0,0,0,0
Asia,East Timor,9/5/2021,0,0,0,0
Asia,East Timor,9/12/2021,0,0,0,0
Asia,East Timor,9/19/2021,0,0,0,0
Asia,East Timor,9/26/2021,0,0,0,0
Asia,East Timor,10/3/2021,0,0,0,0
Asia,East Timor,10/10/2021,0,0,0,0
Asia,East Timor,10/24/2021,0,0,0,0
Asia,East Timor,10/31/2021,0,0,0,0
Asia,East Timor,2/13/2022,0,0,0,0
Asia,East Timor,2/20/2022,0,0,0,0
Asia,East Timor,2/27/2022,0,0,0,0
Asia,East Timor,3/6/2022,0,0,0,0
Asia,East Timor,3/20/2022,0,0,0,0
Asia,East Timor,5/15/2022,0,0,0,0
Asia,East Timor,6/12/2022,0,0,0,0
Asia,East Timor,8/7/2022,0,0,0,0
Asia,East Timor,8/14/2022,0,0,0,0
Asia,East Timor,8/28/2022,0,0,0,0
Asia,East Timor,9/4/2022,0,0,0,0
Asia,Georgia,1/3/2021,0,0,0,0
Asia,Georgia,1/10/2021,0,0,0,0
Asia,Georgia,1/17/2021,0,0,0,0
Asia,Georgia,1/24/2021,0,0,0,0
Asia,Georgia,1/31/2021,0,0,0,0
Asia,Georgia,2/7/2021,0,0,0,0
Asia,Georgia,2/14/2021,0,0,0,0
Asia,Georgia,2/21/2021,0,0,0,0
Asia,Georgia,2/28/2021,0,0,0,0
Asia,Georgia,3/7/2021,0,0,0,0
Asia,Georgia,3/14/2021,0,0,0,0
Asia,Georgia,3/21/2021,0,0,0,0
Asia,Georgia,3/28/2021,0,0,0,0
Asia,Georgia,4/4/2021,0,0,0,0
Asia,Georgia,4/11/2021,0,0,0,0
Asia,Georgia,4/18/2021,0,0,0,0
Asia,Georgia,4/25/2021,0,0,0,0
Asia,Georgia,5/2/2021,0,0,0,0
Asia,Georgia,5/9/2021,0,0,0,0
Asia,Georgia,5/16/2021,0,0,0,0
Asia,Georgia,5/23/2021,0,0,0,0
Asia,Georgia,5/30/2021,0,0,0,0
Asia,Georgia,6/6/2021,0,0,0,0
Asia,Georgia,6/13/2021,0,0,0,0
Asia,Georgia,6/20/2021,0,0,0,0
Asia,Georgia,6/27/2021,0,0,0,0
Asia,Georgia,7/4/2021,0,0,0,0
Asia,Georgia,7/11/2021,0,0,0,0
Asia,Georgia,7/18/2021,0,0,0,0
Asia,Georgia,7/25/2021,404339,264583,139756,0
Asia,Georgia,8/1/2021,506780,345238,161542,25189
Asia,Georgia,8/8/2021,641242,444124,197118,14899
Asia,Georgia,8/15/2021,0,0,0,0
Asia,Georgia,8/22/2021,962165,675978,286187,0
Asia,Georgia,8/29/2021,1164402,780948,383454,18477
Asia,Georgia,9/5/2021,1326033,845420,480613,11929
Asia,Georgia,9/12/2021,1507986,902457,605529,0
Asia,Georgia,9/19/2021,1655040,947477,707563,0
Asia,Georgia,9/26/2021,1749457,971836,777621,19785
Asia,Georgia,10/3/2021,1818258,989294,828964,4579
Asia,Georgia,10/10/2021,1874845,1000785,874060,12092
Asia,Georgia,10/17/2021,0,0,0,0
Asia,Georgia,10/24/2021,0,0,0,0
Asia,Georgia,10/31/2021,0,0,0,0
Asia,Georgia,11/7/2021,2005229,1052398,952831,1266
Asia,Georgia,11/14/2021,0,0,0,0
Asia,Georgia,11/21/2021,2097159,1116946,980213,0
Asia,Georgia,11/28/2021,2155561,1160258,995303,0
Asia,Georgia,12/5/2021,2238070,1219086,1018984,0
Asia,Georgia,12/12/2021,2311840,1264271,1047569,0
Asia,Georgia,12/19/2021,2384360,1304199,1080161,3388
Asia,Georgia,12/26/2021,2466815,1341907,1124908,0
Asia,Georgia,1/2/2022,0,0,0,0
Asia,Georgia,1/9/2022,0,0,0,0
Asia,Georgia,1/16/2022,2612313,1420593,1191720,2798
Asia,Georgia,1/23/2022,0,0,0,0
Asia,Georgia,1/30/2022,2712889,1493168,1219721,7932
Asia,Georgia,2/6/2022,0,0,0,0
Asia,Georgia,2/13/2022,2775482,1541916,1233566,727
Asia,Georgia,2/20/2022,2797346,1556751,1240595,470
Asia,Georgia,2/27/2022,2816627,1570559,1246068,548
Asia,Georgia,3/6/2022,2826144,1577303,1248841,311
Asia,Georgia,3/13/2022,2833144,1581848,1251296,150
Asia,Georgia,3/20/2022,2842541,1588805,1253736,186
Asia,Georgia,3/27/2022,2853264,1597391,1255873,224
Asia,Georgia,4/3/2022,2861953,1604649,1257304,0
Asia,Georgia,4/10/2022,2865985,1607267,1258718,212
Asia,Georgia,4/17/2022,2872820,1611753,1261067,0
Asia,Georgia,4/24/2022,0,0,0,0
Asia,Georgia,5/1/2022,0,0,0,0
Asia,Georgia,5/8/2022,2886084,1621087,1264997,0
Asia,Georgia,5/15/2022,2888622,1622702,1265920,0
Asia,Georgia,5/22/2022,0,0,0,0
Asia,Georgia,5/29/2022,0,0,0,0
Asia,Georgia,6/5/2022,0,0,0,0
Asia,Georgia,6/12/2022,0,0,0,0
Asia,Georgia,6/26/2022,0,0,0,0
Asia,Georgia,7/10/2022,0,0,0,0
Asia,Georgia,7/17/2022,0,0,0,0
Asia,Georgia,7/24/2022,0,0,0,0
Asia,Georgia,7/31/2022,0,0,0,0
Asia,Georgia,8/7/2022,0,0,0,0
Asia,Georgia,8/14/2022,0,0,0,0
Asia,Georgia,8/21/2022,0,0,0,0
Asia,Georgia,8/28/2022,0,0,0,0
Asia,Georgia,9/4/2022,0,0,0,0
Asia,Georgia,9/11/2022,0,0,0,0
Asia,Georgia,9/18/2022,0,0,0,0
Asia,Georgia,9/25/2022,0,0,0,0
Asia,Georgia,10/2/2022,0,0,0,0
Asia,Georgia,10/9/2022,0,0,0,0
Asia,Georgia,10/16/2022,0,0,0,0
Asia,Georgia,10/23/2022,0,0,0,0
Asia,Georgia,10/30/2022,0,0,0,0
Asia,Georgia,11/6/2022,0,0,0,0
Asia,Georgia,11/20/2022,0,0,0,0
Asia,Georgia,11/27/2022,0,0,0,0
Asia,Georgia,12/4/2022,0,0,0,0
Asia,Georgia,12/11/2022,0,0,0,0
Asia,Georgia,12/18/2022,0,0,0,0
Asia,Georgia,12/25/2022,0,0,0,0
Asia,Georgia,1/1/2023,0,0,0,0
Asia,India,1/3/2021,0,0,0,0
Asia,India,1/10/2021,0,0,0,0
Asia,India,1/17/2021,224301,224301,0,33120
Asia,India,1/24/2021,1615504,1615504,0,33303
Asia,India,1/31/2021,3758843,3758843,0,14509
Asia,India,2/7/2021,5812362,5812362,0,37040
Asia,India,2/14/2021,0,0,0,0
Asia,India,2/21/2021,11085173,10124531,960642,246850
Asia,India,2/28/2021,14301266,11845075,2456191,58719
Asia,India,3/7/2021,20989010,17227903,3761107,66666
Asia,India,3/14/2021,29908038,24452385,5455653,169629
Asia,India,3/21/2021,45065998,37574302,7491696,462157
Asia,India,3/28/2021,60530435,51660234,8870201,260653
Asia,India,4/4/2021,79105163,68678838,10426325,3125512
Asia,India,4/11/2021,104528565,91587400,12941165,2933418
Asia,India,4/18/2021,123852566,107371770,16480796,1229976
Asia,India,4/25/2021,139185173,117795008,21390165,0
Asia,India,5/2/2021,154211511,126704151,27507360,585186
Asia,India,5/9/2021,168304868,133854676,34450192,811011
Asia,India,5/16/2021,182251006,141764335,40486671,706470
Asia,India,5/23/2021,191719240,150033188,41686052,876743
Asia,India,5/30/2021,208665123,165598013,43067110,1576170
Asia,India,6/6/2021,228041045,183275704,44765341,2469901
Asia,India,6/13/2021,249430416,202572835,46857581,3242349
Asia,India,6/20/2021,274286599,224541283,49745316,3378287
Asia,India,6/27/2021,318030412,262916313,55114099,3189028
Asia,India,7/4/2021,347378550,284455266,62923284,3077960
Asia,India,7/11/2021,377352501,304018852,73333649,1319915
Asia,India,7/18/2021,0,0,0,0
Asia,India,7/25/2021,435196001,341802707,93393294,2045137
Asia,India,8/1/2021,472223639,367994586,104229053,0
Asia,India,8/8/2021,508664759,395667593,112997166,1854267
Asia,India,8/15/2021,0,0,0,0
Asia,India,8/22/2021,580771824,451186857,129584967,4406004
Asia,India,8/29/2021,632587851,488153607,144434244,6723085
Asia,India,9/5/2021,684515513,525319361,159196152,6770544
Asia,India,9/12/2021,740278136,563337272,176940864,6849164
Asia,India,9/19/2021,804778696,602206789,202571907,8763577
Asia,India,9/26/2021,855791746,631601656,224190090,3635047
Asia,India,10/3/2021,906155473,659744381,246411092,5151203
Asia,India,10/10/2021,951139832,683498355,267641477,8105914
Asia,India,10/17/2021,976344696,695536360,280808336,3658554
Asia,India,10/24/2021,1022267850,717676310,304591540,8630419
Asia,India,10/31/2021,1062631351,733542729,329088622,4141918
Asia,India,11/7/2021,1083142285,741210655,341931630,2964808
Asia,India,11/14/2021,1122889436,752662221,370227215,3709083
Asia,India,11/21/2021,1168057227,766988022,401069205,4372222
Asia,India,11/28/2021,1223194701,784647922,438546779,10701655
Asia,India,12/5/2021,1278763558,801417375,477346183,4957313
Asia,India,12/12/2021,1331399226,816708250,514690976,3904978
Asia,India,12/19/2021,1376428862,828319595,548109267,3371373
Asia,India,12/26/2021,1414731603,837294288,577437315,749812
Asia,India,1/2/2022,1456586234,847665306,608920928,2516432
Asia,India,1/9/2022,1517705282,886204082,631501200,9697867
Asia,India,1/16/2022,1570696006,910386043,656011893,5057459
Asia,India,1/23/2022,1622210924,929971622,684436700,5122818
Asia,India,1/30/2022,1657362150,940755706,705405482,6900866
Asia,India,2/6/2022,1695886196,951213177,730532500,2709031
Asia,India,2/13/2022,1727912049,958033046,753481207,4540768
Asia,India,2/20/2022,1753406786,962616766,772901521,1939340
Asia,India,2/27/2022,1773724815,965531308,789372639,1406918
Asia,India,3/6/2022,1787845508,967279389,801141086,996160
Asia,India,3/13/2022,1800720203,968738370,811980554,1308487
Asia,India,3/20/2022,1811384731,971428124,819491293,911900
Asia,India,3/27/2022,1831347741,983190780,826884564,1062451
Asia,India,4/3/2022,0,0,0,0
Asia,India,4/10/2022,1856267473,994940223,838319304,835344
Asia,India,4/17/2022,0,0,0,0
Asia,India,4/24/2022,1875857737,1000351588,850179623,0
Asia,India,5/1/2022,1890938196,1003626487,860357368,2257011
Asia,India,5/8/2022,1901414279,1005710091,867476230,1848015
Asia,India,5/15/2022,1912387924,1007875307,874993288,1398993
Asia,India,5/22/2022,1922077507,1009567798,881280667,1438451
Asia,India,5/29/2022,1931892904,1011066751,887503757,1247768
Asia,India,6/5/2022,1939962957,1012178184,892593726,1099607
Asia,India,6/12/2022,1949991113,1013473564,899123575,1478562
Asia,India,6/19/2022,1960498702,1014700077,905759251,1230414
Asia,India,6/26/2022,1969852777,1015812743,911401679,1181064
Asia,India,7/3/2022,1978551059,1016937915,916273442,932685
Asia,India,7/10/2022,1986908392,1017996645,920505305,0
Asia,India,7/17/2022,0,0,0,0
Asia,India,7/24/2022,2020403475,1020201502,929485331,2960410
Asia,India,7/31/2022,2042774905,1021327183,932775394,2700603
Asia,India,8/7/2022,2062862077,1022282731,935516836,3089012
Asia,India,8/14/2022,2080314240,1023010325,937694109,2646304
Asia,India,8/21/2022,2097388903,1023568977,939457024,2950311
Asia,India,8/28/2022,2117020150,1024314319,941719531,2566293
Asia,India,9/4/2022,2132658458,1024831365,943294210,2194272
Asia,India,9/11/2022,2150122402,1025330630,944970466,2047213
Asia,India,9/18/2022,2165982650,1025814756,946508327,1585702
Asia,India,9/25/2022,2175957465,1026153814,947573788,1615875
Asia,India,10/2/2022,2187548762,1026427876,948592361,593516
Asia,India,10/9/2022,2189790426,1026515438,948925816,415081
Asia,India,10/16/2022,2193219253,1026669165,949453930,439357
Asia,India,10/23/2022,2195580184,1026816174,949937200,180877
Asia,India,10/30/2022,2196335748,1026856716,950090439,120446
Asia,India,11/6/2022,2197262288,1026907906,950278552,123482
Asia,India,11/13/2022,2197978762,1026954849,950447893,81815
Asia,India,11/20/2022,2198603903,1026996633,950606106,66731
Asia,India,11/27/2022,2199058598,1027035849,950724853,45894
Asia,India,12/4/2022,2199404380,1027062119,950823043,42039
Asia,India,12/11/2022,2199683095,1027087217,950909151,36212
Asia,India,12/18/2022,2200010800,1027117507,951006502,42684
Asia,India,12/25/2022,2200495328,1027154597,951119216,96923
Asia,India,1/1/2023,2201044679,1027204886,951216009,54693
Asia,Indonesia,1/3/2021,0,0,0,0
Asia,Indonesia,1/10/2021,0,0,0,0
Asia,Indonesia,1/17/2021,0,0,0,0
Asia,Indonesia,1/24/2021,149242,149242,0,0
Asia,Indonesia,1/31/2021,515681,493133,22548,12726
Asia,Indonesia,2/7/2021,923449,784318,139131,9146
Asia,Indonesia,2/14/2021,1494325,1068747,425578,18513
Asia,Indonesia,2/21/2021,0,0,0,0
Asia,Indonesia,2/28/2021,2690163,1691724,998439,91628
Asia,Indonesia,3/7/2021,4022544,2888757,1133787,0
Asia,Indonesia,3/14/2021,5480346,4020124,1460222,39914
Asia,Indonesia,3/21/2021,7835357,5533379,2301978,489209
Asia,Indonesia,3/28/2021,10489657,7243202,3246455,76833
Asia,Indonesia,4/4/2021,12643583,8629182,4014401,158292
Asia,Indonesia,4/11/2021,15145565,10045575,5099990,139608
Asia,Indonesia,4/18/2021,16739340,10828419,5910921,48380
Asia,Indonesia,4/25/2021,18556227,11733923,6822304,72048
Asia,Indonesia,5/2/2021,20135649,12457164,7678485,24803
Asia,Indonesia,5/9/2021,21975503,13340957,8634546,107227
Asia,Indonesia,5/16/2021,22708311,13737596,8970715,32384
Asia,Indonesia,5/23/2021,24762597,14890933,9871664,121432
Asia,Indonesia,5/30/2021,26889189,16304700,10584489,130564
Asia,Indonesia,6/6/2021,28770360,17643603,11126757,67427
Asia,Indonesia,6/13/2021,31727380,20158937,11568443,124055
Asia,Indonesia,6/20/2021,35283078,23043372,12239706,196830
Asia,Indonesia,6/27/2021,40224794,27115763,13109031,1174139
Asia,Indonesia,7/4/2021,46043309,32063745,13979564,547337
Asia,Indonesia,7/11/2021,51278367,36267019,15011348,115961
Asia,Indonesia,7/18/2021,57947614,41673464,16274150,461132
Asia,Indonesia,7/25/2021,62376478,44469974,17906504,792556
Asia,Indonesia,8/1/2021,68151247,47478168,20673079,389910
Asia,Indonesia,8/8/2021,74275263,50497940,23777323,1128176
Asia,Indonesia,8/15/2021,81800407,53688122,28112285,387981
Asia,Indonesia,8/22/2021,88941175,57339307,31601868,744103
Asia,Indonesia,8/29/2021,96512676,61654676,34858000,587597
Asia,Indonesia,9/5/2021,105005826,66782673,38223153,621505
Asia,Indonesia,9/12/2021,114500929,72766195,41734734,717869
Asia,Indonesia,9/19/2021,124649550,79515356,45134194,1392461
Asia,Indonesia,9/26/2021,134987333,86460685,48526648,1557710
Asia,Indonesia,10/3/2021,146456498,93780446,52676052,1073438
Asia,Indonesia,10/10/2021,157468784,100059481,57409303,1186826
Asia,Indonesia,10/17/2021,170235796,107503228,62732568,1398910
Asia,Indonesia,10/24/2021,180948208,113032768,67915440,1510548
Asia,Indonesia,10/31/2021,193361231,119662248,73698983,918725
Asia,Indonesia,11/7/2021,204100126,125105963,78994163,1829887
Asia,Indonesia,11/14/2021,214445104,130283345,84161759,1316828
Asia,Indonesia,11/21/2021,223638627,134418286,89220341,853421
Asia,Indonesia,11/28/2021,232869968,138530231,94339737,1083516
Asia,Indonesia,12/5/2021,241441928,142432347,99009581,787340
Asia,Indonesia,12/12/2021,249399820,146489638,102910182,1044544
Asia,Indonesia,12/19/2021,258469441,151417878,107051563,586972
Asia,Indonesia,12/26/2021,267262585,156641778,110620807,672713
Asia,Indonesia,1/2/2022,0,165900887,114103362,0
Asia,Indonesia,1/9/2022,0,170143626,116819952,0
Asia,Indonesia,1/16/2022,0,176301989,119746532,0
Asia,Indonesia,1/23/2022,0,181131333,124080794,0
Asia,Indonesia,1/30/2022,0,184557715,128005763,0
Asia,Indonesia,2/6/2022,323371246,186589750,131080731,0
Asia,Indonesia,2/13/2022,331211718,188282851,135766676,113460
Asia,Indonesia,2/20/2022,338608177,189646917,140301087,203561
Asia,Indonesia,2/27/2022,344263603,190672557,143778623,2639
Asia,Indonesia,3/6/2022,0,192003490,147858311,0
Asia,Indonesia,3/13/2022,0,193400494,151378726,0
Asia,Indonesia,3/20/2022,364931091,194559612,154267349,625593
Asia,Indonesia,3/27/2022,0,195889215,157840758,0
Asia,Indonesia,4/3/2022,0,196872209,159988167,0
Asia,Indonesia,4/10/2022,386366209,197493411,161423404,440521
Asia,Indonesia,4/17/2022,392476033,198191838,162750057,0
Asia,Indonesia,4/24/2022,398135514,198900322,163954030,275680
Asia,Indonesia,5/1/2022,401308016,199346528,165230060,0
Asia,Indonesia,5/8/2022,401308016,199346528,165641991,0
Asia,Indonesia,5/15/2022,401308016,199604493,166252348,0
Asia,Indonesia,5/22/2022,401308016,199883553,166837615,0
Asia,Indonesia,5/29/2022,401308016,200198188,167325130,0
Asia,Indonesia,6/5/2022,0,0,0,0
Asia,Indonesia,6/12/2022,0,0,0,0
Asia,Indonesia,6/19/2022,0,0,0,0
Asia,Indonesia,6/26/2022,0,0,0,0
Asia,Indonesia,7/3/2022,0,0,0,0
Asia,Indonesia,7/10/2022,0,0,0,0
Asia,Indonesia,7/17/2022,0,0,0,0
Asia,Indonesia,7/24/2022,0,0,0,0
Asia,Indonesia,7/31/2022,0,0,0,0
Asia,Indonesia,8/7/2022,0,0,0,0
Asia,Indonesia,8/14/2022,0,0,0,0
Asia,Indonesia,8/21/2022,0,0,0,0
Asia,Indonesia,8/28/2022,435683139,203435374,0,0
Asia,Indonesia,9/4/2022,0,0,0,0
Asia,Indonesia,9/11/2022,0,0,0,0
Asia,Indonesia,9/18/2022,437022061,0,170603677,0
Asia,Indonesia,9/25/2022,0,0,0,0
Asia,Indonesia,10/2/2022,438360363,0,170774653,0
Asia,Indonesia,10/9/2022,0,0,0,0
Asia,Indonesia,10/16/2022,0,0,0,0
Asia,Indonesia,10/23/2022,0,0,0,0
Asia,Indonesia,10/30/2022,439654699,0,170975417,0
Asia,Indonesia,11/6/2022,0,0,0,0
Asia,Indonesia,11/13/2022,0,0,0,0
Asia,Indonesia,11/20/2022,0,0,0,0
Asia,Indonesia,11/27/2022,0,0,0,0
Asia,Indonesia,12/4/2022,0,0,0,0
Asia,Indonesia,12/11/2022,0,0,0,0
Asia,Indonesia,12/18/2022,0,0,0,0
Asia,Indonesia,12/25/2022,0,0,0,0
Asia,Indonesia,1/1/2023,0,0,0,0
Asia,Iran,1/3/2021,0,0,0,0
Asia,Iran,1/10/2021,0,0,0,0
Asia,Iran,1/17/2021,0,0,0,0
Asia,Iran,1/24/2021,0,0,0,0
Asia,Iran,1/31/2021,0,0,0,0
Asia,Iran,2/7/2021,0,0,0,0
Asia,Iran,2/14/2021,0,0,0,0
Asia,Iran,2/21/2021,0,0,0,0
Asia,Iran,2/28/2021,0,0,0,0
Asia,Iran,3/7/2021,0,0,0,0
Asia,Iran,3/14/2021,0,0,0,0
Asia,Iran,3/21/2021,0,0,0,0
Asia,Iran,3/28/2021,0,0,0,0
Asia,Iran,4/4/2021,0,0,0,0
Asia,Iran,4/11/2021,0,0,0,0
Asia,Iran,4/18/2021,0,0,0,0
Asia,Iran,4/25/2021,0,0,0,0
Asia,Iran,5/2/2021,0,0,0,0
Asia,Iran,5/9/2021,0,0,0,0
Asia,Iran,5/16/2021,0,0,0,0
Asia,Iran,5/23/2021,0,0,0,0
Asia,Iran,5/30/2021,0,0,0,0
Asia,Iran,6/6/2021,0,0,0,0
Asia,Iran,6/13/2021,0,0,0,0
Asia,Iran,6/20/2021,0,0,0,0
Asia,Iran,6/27/2021,0,0,0,0
Asia,Iran,7/4/2021,0,0,0,0
Asia,Iran,7/11/2021,0,0,0,0
Asia,Iran,7/18/2021,0,0,0,0
Asia,Iran,7/25/2021,0,0,0,0
Asia,Iran,8/1/2021,0,0,0,0
Asia,Iran,8/8/2021,0,0,0,0
Asia,Iran,8/15/2021,0,0,0,0
Asia,Iran,8/22/2021,0,0,0,0
Asia,Iran,8/29/2021,26176126,18261245,7914881,0
Asia,Iran,9/5/2021,29152527,19467858,9684669,0
Asia,Iran,9/12/2021,35047143,22943141,12104002,0
Asia,Iran,9/19/2021,0,0,0,0
Asia,Iran,9/26/2021,0,0,0,0
Asia,Iran,10/3/2021,57676540,40961153,16715387,0
Asia,Iran,10/10/2021,64401471,45075271,19326200,0
Asia,Iran,10/17/2021,0,0,0,0
Asia,Iran,10/24/2021,0,0,0,0
Asia,Iran,10/31/2021,0,0,0,0
Asia,Iran,11/7/2021,0,0,0,0
Asia,Iran,11/14/2021,0,0,0,0
Asia,Iran,11/21/2021,102145229,56653947,44726047,0
Asia,Iran,11/28/2021,104781077,57385036,46522058,171719
Asia,Iran,12/5/2021,107531771,58094169,48149791,0
Asia,Iran,12/12/2021,109807742,58569046,49150330,0
Asia,Iran,12/19/2021,113239941,59126764,50340978,0
Asia,Iran,12/26/2021,116210697,59498870,51194091,0
Asia,Iran,1/2/2022,0,0,0,0
Asia,Iran,1/9/2022,122153249,60062247,52530978,0
Asia,Iran,1/16/2022,125973179,60321108,53130215,413144
Asia,Iran,1/23/2022,128640395,60490309,53586646,387571
Asia,Iran,1/30/2022,131617252,60699381,54040089,572775
Asia,Iran,2/6/2022,135264672,61112617,54505698,459976
Asia,Iran,2/13/2022,137659890,61568128,54812067,325588
Asia,Iran,2/20/2022,139467036,62151678,55100679,319378
Asia,Iran,2/27/2022,141150412,62739635,55418020,144412
Asia,Iran,3/6/2022,142884337,63149233,55753546,347157
Asia,Iran,3/13/2022,0,0,0,0
Asia,Iran,3/20/2022,146046396,63759258,56562086,111157
Asia,Iran,3/27/2022,146302121,63800645,56655572,0
Asia,Iran,4/3/2022,147149111,63946854,56924402,0
Asia,Iran,4/10/2022,147767297,64077522,57156201,94205
Asia,Iran,4/17/2022,148289629,64188241,57350435,0
Asia,Iran,4/24/2022,148631915,64266837,57461194,31225
Asia,Iran,5/1/2022,0,0,0,0
Asia,Iran,5/8/2022,149153878,64378545,57619890,62643
Asia,Iran,5/15/2022,149475105,64440065,57711964,36635
Asia,Iran,5/22/2022,149698995,64487631,57781757,37490
Asia,Iran,5/29/2022,0,0,0,0
Asia,Iran,6/5/2022,0,0,0,0
Asia,Iran,6/12/2022,0,0,0,0
Asia,Iran,6/19/2022,0,0,0,0
Asia,Iran,6/26/2022,0,0,0,0
Asia,Iran,7/3/2022,0,0,0,0
Asia,Iran,7/10/2022,0,0,0,0
Asia,Iran,7/17/2022,0,0,0,0
Asia,Iran,7/24/2022,0,0,0,0
Asia,Iran,7/31/2022,0,0,0,0
Asia,Iran,8/7/2022,0,0,0,0
Asia,Iran,8/14/2022,0,0,0,0
Asia,Iran,8/21/2022,153299262,64862632,58234857,0
Asia,Iran,8/28/2022,153666785,64935971,58311579,0
Asia,Iran,9/4/2022,153956137,64978822,58354106,0
Asia,Iran,9/11/2022,0,0,0,0
Asia,Iran,9/18/2022,154329909,65029508,58413678,0
Asia,Iran,9/25/2022,0,0,0,0
Asia,Iran,10/2/2022,0,0,0,0
Asia,Iran,10/9/2022,0,65063096,58454446,0
Asia,Iran,10/16/2022,0,0,0,0
Asia,Iran,10/23/2022,0,0,0,0
Asia,Iran,10/30/2022,154491250,65064570,58465011,0
Asia,Iran,11/6/2022,154521421,65070315,58472263,0
Asia,Iran,11/13/2022,154693602,65095073,58492038,0
Asia,Iran,11/20/2022,154713943,65100058,58497683,0
Asia,Iran,11/27/2022,154729353,65103298,58502096,0
Asia,Iran,12/4/2022,154742051,65106089,58505737,0
Asia,Iran,12/11/2022,0,0,0,0
Asia,Iran,12/18/2022,0,0,0,0
Asia,Iran,12/25/2022,0,0,0,0
Asia,Iran,1/1/2023,0,0,0,0
Asia,Iraq,1/3/2021,0,0,0,0
Asia,Iraq,1/10/2021,0,0,0,0
Asia,Iraq,1/17/2021,0,0,0,0
Asia,Iraq,1/24/2021,0,0,0,0
Asia,Iraq,1/31/2021,0,0,0,0
Asia,Iraq,2/7/2021,0,0,0,0
Asia,Iraq,2/14/2021,0,0,0,0
Asia,Iraq,2/21/2021,0,0,0,0
Asia,Iraq,2/28/2021,0,0,0,0
Asia,Iraq,3/7/2021,0,0,0,0
Asia,Iraq,3/14/2021,0,0,0,0
Asia,Iraq,3/21/2021,0,0,0,0
Asia,Iraq,3/28/2021,0,0,0,0
Asia,Iraq,4/4/2021,93021,93021,0,0
Asia,Iraq,4/11/2021,0,0,0,0
Asia,Iraq,4/18/2021,0,0,0,0
Asia,Iraq,4/25/2021,0,0,0,0
Asia,Iraq,5/2/2021,0,0,0,0
Asia,Iraq,5/9/2021,0,0,0,0
Asia,Iraq,5/16/2021,0,0,0,0
Asia,Iraq,5/23/2021,0,0,0,0
Asia,Iraq,5/30/2021,0,0,0,0
Asia,Iraq,6/6/2021,0,0,0,0
Asia,Iraq,6/13/2021,0,0,0,0
Asia,Iraq,6/20/2021,805363,548696,256667,0
Asia,Iraq,6/27/2021,0,0,0,0
Asia,Iraq,7/4/2021,0,0,0,0
Asia,Iraq,7/11/2021,1330393,826007,494900,0
Asia,Iraq,7/18/2021,0,0,0,0
Asia,Iraq,7/25/2021,0,0,0,0
Asia,Iraq,8/1/2021,0,0,0,0
Asia,Iraq,8/8/2021,0,0,0,0
Asia,Iraq,8/15/2021,0,0,0,0
Asia,Iraq,8/22/2021,0,0,0,0
Asia,Iraq,8/29/2021,0,0,0,0
Asia,Iraq,9/5/2021,0,0,0,0
Asia,Iraq,9/12/2021,0,0,0,0
Asia,Iraq,9/19/2021,0,0,0,0
Asia,Iraq,9/26/2021,7608508,4676216,2932292,0
Asia,Iraq,10/3/2021,0,0,0,0
Asia,Iraq,10/10/2021,0,0,0,0
Asia,Iraq,10/17/2021,8506934,5260678,3246256,0
Asia,Iraq,10/24/2021,8972041,5621027,3351014,0
Asia,Iraq,10/31/2021,0,0,0,0
Asia,Iraq,11/7/2021,0,0,0,0
Asia,Iraq,11/14/2021,0,0,0,0
Asia,Iraq,11/21/2021,11380981,7055224,4325757,0
Asia,Iraq,11/28/2021,12048583,7424101,4624482,0
Asia,Iraq,12/5/2021,0,0,0,0
Asia,Iraq,12/12/2021,13174583,8009447,5158731,0
Asia,Iraq,12/19/2021,13685013,8271151,5402359,0
Asia,Iraq,12/26/2021,0,0,0,0
Asia,Iraq,1/2/2022,0,0,0,0
Asia,Iraq,1/9/2022,0,0,0,0
Asia,Iraq,1/16/2022,15035683,8898519,6089527,0
Asia,Iraq,1/23/2022,15370064,9093724,6214980,0
Asia,Iraq,1/30/2022,0,0,0,0
Asia,Iraq,2/6/2022,0,0,0,0
Asia,Iraq,2/13/2022,16257861,9589248,6570825,0
Asia,Iraq,2/20/2022,0,0,0,0
Asia,Iraq,2/27/2022,0,0,0,0
Asia,Iraq,3/6/2022,0,0,0,0
Asia,Iraq,3/13/2022,0,0,0,0
Asia,Iraq,3/20/2022,0,0,0,0
Asia,Iraq,3/27/2022,0,0,0,0
Asia,Iraq,4/3/2022,17778382,10379529,7241775,0
Asia,Iraq,4/10/2022,0,0,0,0
Asia,Iraq,4/17/2022,17943392,10459618,7320887,0
Asia,Iraq,4/24/2022,0,0,0,0
Asia,Iraq,5/1/2022,0,0,0,0
Asia,Iraq,5/8/2022,18142685,10557921,7414628,0
Asia,Iraq,5/15/2022,0,0,0,0
Asia,Iraq,5/29/2022,0,0,0,0
Asia,Iraq,6/5/2022,0,0,0,0
Asia,Iraq,6/12/2022,0,0,0,0
Asia,Iraq,6/19/2022,0,0,0,0
Asia,Iraq,6/26/2022,0,0,0,0
Asia,Iraq,7/3/2022,0,0,0,0
Asia,Iraq,7/10/2022,18785269,10913964,7664049,0
Asia,Iraq,7/17/2022,0,0,0,0
Asia,Iraq,7/24/2022,0,0,0,0
Asia,Iraq,7/31/2022,0,0,0,0
Asia,Iraq,8/7/2022,18982116,11014427,7741261,0
Asia,Iraq,8/14/2022,0,0,0,0
Asia,Iraq,8/21/2022,0,0,0,0
Asia,Iraq,8/28/2022,0,0,0,0
Asia,Iraq,9/4/2022,19165091,11110310,7813138,0
Asia,Iraq,9/11/2022,0,0,0,0
Asia,Iraq,9/18/2022,0,0,0,0
Asia,Iraq,10/2/2022,0,0,0,0
Asia,Iraq,10/16/2022,0,0,0,0
Asia,Iraq,10/30/2022,0,0,0,0
Asia,Iraq,11/6/2022,0,0,0,0
Asia,Iraq,11/20/2022,0,0,0,0
Asia,Iraq,11/27/2022,0,0,0,0
Asia,Iraq,12/4/2022,0,0,0,0
Asia,Iraq,12/11/2022,19534812,11323818,7938409,0
Asia,Iraq,12/18/2022,0,0,0,0
Asia,Iraq,12/25/2022,0,0,0,0
Asia,Iraq,1/1/2023,0,0,0,0
Asia,Israel,1/3/2021,1285272,1285266,6,149770
Asia,Israel,1/10/2021,1936866,1930813,6053,43651
Asia,Israel,1/17/2021,2546585,2213332,333253,153045
Asia,Israel,1/24/2021,3815272,2650029,1165243,209861
Asia,Israel,1/31/2021,4965697,3111701,1853996,132838
Asia,Israel,2/7/2021,5656690,3506934,2149756,122825
Asia,Israel,2/14/2021,6489554,3925188,2564366,144006
Asia,Israel,2/21/2021,7391195,4372081,3019114,157887
Asia,Israel,2/28/2021,8139185,4731899,3407286,96238
Asia,Israel,3/7/2021,8777994,4959867,3818127,104008
Asia,Israel,3/14/2021,9337358,5100938,4236420,94929
Asia,Israel,3/21/2021,9786081,5198966,4587115,53683
Asia,Israel,3/28/2021,9983947,5244768,4739179,6727
Asia,Israel,4/4/2021,10153774,5289965,4863809,32451
Asia,Israel,4/11/2021,10300275,5342024,4958251,23295
Asia,Israel,4/18/2021,10370898,5372494,4998404,14532
Asia,Israel,4/25/2021,10444735,5405889,5038846,11756
Asia,Israel,5/2/2021,10508554,5430366,5078188,9317
Asia,Israel,5/9/2021,10553143,5449376,5103767,7602
Asia,Israel,5/16/2021,10583099,5460745,5122354,1735
Asia,Israel,5/23/2021,10613319,5471227,5142092,5488
Asia,Israel,5/30/2021,10638645,5481105,5157540,3582
Asia,Israel,6/6/2021,10659522,5493012,5166510,5297
Asia,Israel,6/13/2021,10686053,5512900,5173153,4361
Asia,Israel,6/20/2021,10709657,5529401,5180256,4648
Asia,Israel,6/27/2021,10777359,5587429,5189930,17073
Asia,Israel,7/11/2021,10993859,5767643,5226018,4315
Asia,Israel,7/18/2021,11053125,5782540,5269081,12080
Asia,Israel,7/25/2021,11146968,5800833,5342743,20139
Asia,Israel,8/1/2021,11287960,5827301,5414194,37495
Asia,Israel,8/8/2021,11788842,5850338,5433179,88161
Asia,Israel,8/15/2021,12306030,5887187,5453154,109661
Asia,Israel,8/22/2021,12910718,5938566,5482081,119743
Asia,Israel,8/29/2021,13563537,5999288,5510996,95808
Asia,Israel,9/5/2021,14275685,6054948,5550371,86779
Asia,Israel,9/12/2021,14548712,6078932,5583855,68831
Asia,Israel,9/19/2021,14828192,6103484,5623492,60986
Asia,Israel,9/26/2021,15032151,6127609,5655796,47849
Asia,Israel,10/3/2021,15430887,6174038,5691662,89669
Asia,Israel,10/10/2021,15710145,6216362,5719766,29943
Asia,Israel,10/17/2021,15836194,6237519,5736028,18415
Asia,Israel,10/24/2021,15924530,6252220,5749766,15028
Asia,Israel,10/31/2021,16000006,6265573,5764104,13012
Asia,Israel,11/7/2021,16058737,6275930,5776013,9481
Asia,Israel,11/14/2021,16107159,6284364,5785594,8286
Asia,Israel,11/21/2021,16149709,6291721,5794466,7832
Asia,Israel,11/28/2021,16234282,6341709,5803157,16536
Asia,Israel,12/5/2021,16321765,6395769,5810052,14272
Asia,Israel,12/12/2021,16390239,6430985,5817603,13969
Asia,Israel,12/19/2021,16508154,6475089,5858475,22588
Asia,Israel,12/26/2021,16660971,6533675,5910771,27771
Asia,Israel,1/2/2022,16823140,6593402,5950814,30295
Asia,Israel,1/9/2022,17313135,6647454,5990451,95676
Asia,Israel,1/16/2022,17705013,6686524,6041270,40016
Asia,Israel,1/23/2022,17842212,6697799,6079861,15662
Asia,Israel,1/30/2022,17917416,6702003,6104577,15607
Asia,Israel,2/6/2022,17974453,6704477,6119395,9759
Asia,Israel,2/13/2022,18017756,6706134,6126190,7198
Asia,Israel,2/20/2022,18043540,6707372,6129929,4105
Asia,Israel,2/27/2022,18057058,6708138,6132128,2020
Asia,Israel,3/6/2022,18065893,6708735,6133704,1534
Asia,Israel,3/13/2022,18072901,6709262,6135183,1325
Asia,Israel,3/20/2022,18080375,6709696,6136273,2297
Asia,Israel,3/27/2022,18096631,6710436,6137861,4465
Asia,Israel,4/3/2022,18115888,6711261,6139341,3476
Asia,Israel,4/10/2022,18131733,6711908,6140485,2642
Asia,Israel,4/17/2022,18140879,6712467,6141416,1229
Asia,Israel,4/24/2022,18146935,6712811,6142172,1543
Asia,Israel,5/1/2022,18154210,6713390,6143279,1267
Asia,Israel,5/8/2022,18157879,6713692,6143915,1052
Asia,Israel,5/15/2022,18163487,6714166,6144796,1176
Asia,Israel,5/22/2022,18168673,6714577,6145673,918
Asia,Israel,5/29/2022,18172382,6714922,6146339,721
Asia,Israel,6/5/2022,18175001,6715186,6146867,34
Asia,Israel,6/12/2022,18179861,6715565,6147712,1269
Asia,Israel,6/19/2022,18186255,6716064,6148580,1518
Asia,Israel,6/26/2022,18195070,6716626,6149435,1577
Asia,Israel,7/3/2022,18202662,6717082,6150239,1236
Asia,Israel,7/10/2022,18208600,6717484,6151008,953
Asia,Israel,7/17/2022,18213766,6717872,6151804,969
Asia,Israel,7/24/2022,18217848,6718177,6152571,747
Asia,Israel,7/31/2022,18220825,6718444,6153204,0
Asia,Israel,8/7/2022,18223419,6718939,6153725,424
Asia,Israel,8/14/2022,18225567,6719356,6154157,381
Asia,Israel,8/21/2022,18227765,6719755,6154623,418
Asia,Israel,8/28/2022,18229700,6720066,6155053,0
Asia,Israel,9/4/2022,18231460,6720342,6155560,398
Asia,Israel,9/11/2022,18233062,6720574,6156045,350
Asia,Israel,9/18/2022,18234495,6720777,6156489,261
Asia,Israel,9/25/2022,18239680,6720922,6156797,0
Asia,Israel,10/2/2022,18256970,6721012,6156963,5547
Asia,Israel,10/9/2022,18275528,6721071,6157072,2094
Asia,Israel,10/16/2022,18293004,6721129,6157167,1941
Asia,Israel,10/23/2022,18318085,6721217,6157308,0
Asia,Israel,10/30/2022,18353366,6721365,6157484,0
Asia,Israel,11/6/2022,18382590,6721447,6157572,0
Asia,Israel,11/13/2022,18423540,6721565,6157694,7360
Asia,Israel,11/20/2022,18464210,6721683,6157820,0
Asia,Israel,11/27/2022,18500388,6721776,6157951,6022
Asia,Israel,12/4/2022,18534441,6721887,6158082,0
Asia,Israel,12/11/2022,18561639,6721978,6158196,4272
Asia,Israel,12/18/2022,18585732,6722070,6158311,0
Asia,Israel,12/25/2022,18599288,6722118,6158383,0
Asia,Israel,1/1/2023,18610874,6722203,6158483,1720
Asia,Japan,1/3/2021,0,0,0,0
Asia,Japan,1/10/2021,0,0,0,0
Asia,Japan,1/17/2021,0,0,0,0
Asia,Japan,1/24/2021,0,0,0,0
Asia,Japan,1/31/2021,0,0,0,0
Asia,Japan,2/7/2021,0,0,0,0
Asia,Japan,2/14/2021,0,0,0,0
Asia,Japan,2/21/2021,0,0,0,0
Asia,Japan,2/28/2021,0,0,0,0
Asia,Japan,3/7/2021,0,0,0,0
Asia,Japan,3/14/2021,0,0,0,0
Asia,Japan,3/21/2021,0,0,0,0
Asia,Japan,3/28/2021,0,0,0,0
Asia,Japan,4/4/2021,0,0,0,0
Asia,Japan,4/11/2021,0,0,0,0
Asia,Japan,4/18/2021,1966962,1248566,718396,8424
Asia,Japan,4/25/2021,2998001,2119267,878734,25527
Asia,Japan,5/2/2021,4339117,3296119,1042998,27280
Asia,Japan,5/9/2021,5113758,3925381,1188377,84020
Asia,Japan,5/16/2021,7470122,5476898,1993224,214563
Asia,Japan,5/23/2021,11140858,7985431,3155427,355456
Asia,Japan,5/30/2021,15925982,12082411,3843571,532924
Asia,Japan,6/6/2021,22206310,16905303,5301007,753065
Asia,Japan,6/13/2021,29821076,22112205,7708871,929391
Asia,Japan,6/20/2021,38500314,26985169,11515145,1117727
Asia,Japan,6/27/2021,48547456,32463964,16083492,1335478
Asia,Japan,7/4/2021,59039077,38012870,21026207,1411135
Asia,Japan,7/11/2021,70885313,45067639,25817674,1439365
Asia,Japan,7/18/2021,81743417,50949898,30793519,1336109
Asia,Japan,7/25/2021,89895433,54529063,35366370,1210771
Asia,Japan,8/1/2021,100878109,58822223,42055886,1262347
Asia,Japan,8/8/2021,110995217,63016247,47978970,1247178
Asia,Japan,8/15/2021,117075517,65736040,51339477,749695
Asia,Japan,8/22/2021,125830434,69839228,55991206,1240143
Asia,Japan,8/29/2021,134742036,74150120,60591916,1232397
Asia,Japan,9/5/2021,142443716,78743483,63700233,1182167
Asia,Japan,9/12/2021,150928281,83241402,67686879,1216476
Asia,Japan,9/19/2021,159022410,87203833,71818577,1146913
Asia,Japan,9/26/2021,165853554,89849295,76004259,1178396
Asia,Japan,10/3/2021,173414077,92936657,80477420,1078823
Asia,Japan,10/10/2021,180269884,95531882,84738002,981396
Asia,Japan,10/17/2021,185217842,97447479,87770363,747694
Asia,Japan,10/24/2021,189794225,98742586,91051639,672227
Asia,Japan,10/31/2021,193462346,99609069,93853277,527683
Asia,Japan,11/7/2021,195861019,100056541,95804478,351618
Asia,Japan,11/14/2021,197551592,100369287,97182305,207018
Asia,Japan,11/21/2021,198753659,100592039,98161620,158821
Asia,Japan,11/28/2021,199501390,100772168,98729222,113507
Asia,Japan,12/5/2021,200028252,100930094,99075775,50312
Asia,Japan,12/12/2021,200420105,100990990,99302973,30116
Asia,Japan,12/19/2021,201015107,101095685,99497740,39073
Asia,Japan,12/26/2021,201730580,101195710,99676760,40059
Asia,Japan,1/2/2022,201972748,101215975,99712296,929
Asia,Japan,1/9/2022,202480542,101286105,99820220,41073
Asia,Japan,1/16/2022,203485253,101369166,99928492,59057
Asia,Japan,1/23/2022,205228062,101462716,99971840,100481
Asia,Japan,1/30/2022,207627512,101559794,100045937,190368
Asia,Japan,2/6/2022,212076855,101651995,100121530,511797
Asia,Japan,2/13/2022,217587570,101721892,100200844,636707
Asia,Japan,2/20/2022,224396297,101801174,100294937,756442
Asia,Japan,2/27/2022,231026327,101864152,100387325,823718
Asia,Japan,3/6/2022,238093359,101950970,100458063,809275
Asia,Japan,3/13/2022,244805789,102110644,100533199,733661
Asia,Japan,3/20/2022,251108949,102327867,100596453,695770
Asia,Japan,3/27/2022,256212933,102562130,100684107,584271
Asia,Japan,4/3/2022,260413405,102794403,100836687,357678
Asia,Japan,4/10/2022,264207558,102937872,101039264,388554
Asia,Japan,4/17/2022,267890858,103047587,101256863,389395
Asia,Japan,4/24/2022,271465156,103203633,101482641,377798
Asia,Japan,5/1/2022,274105909,103306882,101622552,180033
Asia,Japan,5/8/2022,275498330,103376984,101721764,152660
Asia,Japan,5/15/2022,277710319,103474378,101881430,200608
Asia,Japan,5/22/2022,279542416,103546847,101989840,141876
Asia,Japan,5/29/2022,281063606,103613830,102069122,132353
Asia,Japan,6/5/2022,282104699,103668865,102163461,70558
Asia,Japan,6/12/2022,283000424,103713777,102235697,63571
Asia,Japan,6/19/2022,283825289,103749385,102303310,57733
Asia,Japan,6/26/2022,284756733,103784352,102362139,67202
Asia,Japan,7/3/2022,285939503,103811620,102407244,88478
Asia,Japan,7/10/2022,288152069,103842045,102443769,161569
Asia,Japan,7/17/2022,291534125,103875773,102479250,311016
Asia,Japan,7/24/2022,295467112,103909145,102507675,440060
Asia,Japan,7/31/2022,300315136,103969754,102540995,450014
Asia,Japan,8/7/2022,305067332,104038948,102573324,424195
Asia,Japan,8/14/2022,308344875,104070840,102596611,144257
Asia,Japan,8/21/2022,312076201,104107525,102650863,385478
Asia,Japan,8/28/2022,316219357,104146956,102719374,328712
Asia,Japan,9/4/2022,319295449,104184070,102755099,170954
Asia,Japan,9/11/2022,321616059,104215882,102789363,125582
Asia,Japan,9/18/2022,323433220,104232569,102826694,75875
Asia,Japan,9/25/2022,324462783,104243219,102861424,88856
Asia,Japan,10/2/2022,325739979,104256164,102897283,66052
Asia,Japan,10/9/2022,326919856,104268049,102912850,117097
Asia,Japan,10/16/2022,328376663,104277723,102924150,159546
Asia,Japan,10/23/2022,330373681,104289277,102937851,205510
Asia,Japan,10/30/2022,332716989,104302626,102952687,260733
Asia,Japan,11/6/2022,335669596,104317457,102963109,355215
Asia,Japan,11/13/2022,339797104,104339287,102975650,485244
Asia,Japan,11/20/2022,344696768,104371184,102989508,549650
Asia,Japan,11/27/2022,349831348,104408209,103005291,581868
Asia,Japan,12/4/2022,355367373,104456014,103026160,543557
Asia,Japan,12/11/2022,361110242,104484979,103055414,545594
Asia,Japan,12/18/2022,366765907,104514321,103089764,523381
Asia,Japan,12/25/2022,371501132,104546116,103135517,341854
Asia,Japan,1/1/2023,373165799,104558121,103154354,537
Asia,Jordan,1/3/2021,0,0,0,0
Asia,Jordan,1/10/2021,0,0,0,0
Asia,Jordan,1/17/2021,0,0,0,0
Asia,Jordan,1/24/2021,0,0,0,0
Asia,Jordan,1/31/2021,40000,40000,0,0
Asia,Jordan,2/7/2021,0,0,0,0
Asia,Jordan,2/14/2021,0,0,0,0
Asia,Jordan,2/21/2021,0,0,0,0
Asia,Jordan,2/28/2021,0,0,0,0
Asia,Jordan,3/7/2021,0,0,0,0
Asia,Jordan,3/14/2021,0,0,0,0
Asia,Jordan,3/21/2021,272648,209278,63370,0
Asia,Jordan,3/28/2021,0,0,0,0
Asia,Jordan,4/4/2021,0,0,0,0
Asia,Jordan,4/11/2021,0,0,0,0
Asia,Jordan,4/18/2021,0,0,0,0
Asia,Jordan,4/25/2021,0,0,0,0
Asia,Jordan,5/2/2021,0,0,0,0
Asia,Jordan,5/9/2021,0,0,0,0
Asia,Jordan,5/16/2021,0,0,0,0
Asia,Jordan,5/23/2021,0,0,0,0
Asia,Jordan,5/30/2021,0,0,0,0
Asia,Jordan,6/6/2021,2307978,1748084,559894,0
Asia,Jordan,6/13/2021,2601824,1922977,678847,0
Asia,Jordan,6/20/2021,3099657,2100892,998765,185322
Asia,Jordan,6/27/2021,3522719,2316516,1206203,81995
Asia,Jordan,7/4/2021,3995188,2539944,1455244,0
Asia,Jordan,7/11/2021,4312212,2654733,1657479,0
Asia,Jordan,7/18/2021,4641453,2710398,1931055,67092
Asia,Jordan,7/25/2021,4848741,2788103,2060638,99788
Asia,Jordan,8/1/2021,5265074,3004698,2260376,50347
Asia,Jordan,8/8/2021,0,0,0,0
Asia,Jordan,8/15/2021,5791708,3252453,2539255,50019
Asia,Jordan,8/22/2021,6098386,3354577,2743809,54455
Asia,Jordan,8/29/2021,6371558,3450724,2920834,80340
Asia,Jordan,9/5/2021,6512659,3513620,2999039,34268
Asia,Jordan,9/12/2021,6669093,3577708,3091385,29485
Asia,Jordan,9/19/2021,6805103,3630190,3174913,18736
Asia,Jordan,9/26/2021,6920178,3677698,3242480,16235
Asia,Jordan,10/3/2021,7037813,3729142,3308671,18288
Asia,Jordan,10/10/2021,0,0,0,0
Asia,Jordan,10/17/2021,7238510,3823481,3415029,11885
Asia,Jordan,10/24/2021,7354774,3884920,3469854,24454
Asia,Jordan,10/31/2021,7476831,3950145,3526686,18143
Asia,Jordan,11/7/2021,7574613,4004226,3570387,14270
Asia,Jordan,11/14/2021,7662371,4045428,3616943,18587
Asia,Jordan,11/21/2021,7755890,4081129,3674761,13683
Asia,Jordan,11/28/2021,7853665,4122674,3730991,16918
Asia,Jordan,12/5/2021,7950684,4174421,3776263,21959
Asia,Jordan,12/12/2021,8050084,4230296,3819788,16369
Asia,Jordan,12/19/2021,8138188,4275516,3862672,16828
Asia,Jordan,12/26/2021,8220492,4313657,3906835,0
Asia,Jordan,1/2/2022,0,0,0,0
Asia,Jordan,1/9/2022,0,0,0,0
Asia,Jordan,1/16/2022,0,0,0,0
Asia,Jordan,1/23/2022,0,0,0,0
Asia,Jordan,1/30/2022,0,0,0,0
Asia,Jordan,2/6/2022,9326347,4615120,4273338,0
Asia,Jordan,2/13/2022,0,0,0,0
Asia,Jordan,2/20/2022,0,0,0,0
Asia,Jordan,2/27/2022,0,0,0,0
Asia,Jordan,3/6/2022,0,0,0,0
Asia,Jordan,3/13/2022,0,0,0,0
Asia,Jordan,3/20/2022,0,0,0,0
Asia,Jordan,3/27/2022,0,0,0,0
Asia,Jordan,4/3/2022,0,0,0,0
Asia,Jordan,4/10/2022,0,0,0,0
Asia,Jordan,4/17/2022,0,0,0,0
Asia,Jordan,4/24/2022,0,0,0,0
Asia,Jordan,5/1/2022,0,0,0,0
Asia,Jordan,6/5/2022,0,0,0,0
Asia,Jordan,7/10/2022,10027401,4809987,4548721,0
Asia,Jordan,7/17/2022,0,0,0,0
Asia,Jordan,7/24/2022,0,0,0,0
Asia,Jordan,7/31/2022,0,0,0,0
Asia,Jordan,8/7/2022,10040301,4816724,4554791,0
Asia,Jordan,8/14/2022,0,0,0,0
Asia,Jordan,8/21/2022,10057975,4821579,4558313,0
Asia,Jordan,8/28/2022,0,0,0,0
Asia,Jordan,9/4/2022,0,0,0,0
Asia,Jordan,9/18/2022,0,0,0,0
Asia,Jordan,9/25/2022,0,0,0,0
Asia,Kazakhstan,1/3/2021,0,0,0,0
Asia,Kazakhstan,1/10/2021,0,0,0,0
Asia,Kazakhstan,1/17/2021,0,0,0,0
Asia,Kazakhstan,1/24/2021,0,0,0,0
Asia,Kazakhstan,1/31/2021,0,0,0,0
Asia,Kazakhstan,2/7/2021,0,0,0,0
Asia,Kazakhstan,2/14/2021,0,0,0,0
Asia,Kazakhstan,2/21/2021,0,0,0,0
Asia,Kazakhstan,2/28/2021,0,0,0,0
Asia,Kazakhstan,3/7/2021,0,0,0,0
Asia,Kazakhstan,3/14/2021,0,0,0,0
Asia,Kazakhstan,3/21/2021,0,0,0,0
Asia,Kazakhstan,3/28/2021,0,0,0,0
Asia,Kazakhstan,4/4/2021,0,0,0,0
Asia,Kazakhstan,4/11/2021,0,0,0,0
Asia,Kazakhstan,4/18/2021,856906,733980,122926,0
Asia,Kazakhstan,4/25/2021,0,0,0,0
Asia,Kazakhstan,5/2/2021,0,0,0,0
Asia,Kazakhstan,5/9/2021,0,0,0,0
Asia,Kazakhstan,5/16/2021,2590798,1836821,753977,26786
Asia,Kazakhstan,5/23/2021,2902678,1984761,917917,30420
Asia,Kazakhstan,6/6/2021,3409522,2230018,1179504,34517
Asia,Kazakhstan,6/13/2021,3861948,2490852,1371096,55262
Asia,Kazakhstan,6/20/2021,4397655,2744212,1653443,51802
Asia,Kazakhstan,6/27/2021,5021117,3130095,1891022,70088
Asia,Kazakhstan,7/4/2021,5892097,3717876,2174221,144549
Asia,Kazakhstan,7/11/2021,6742275,4319897,2422378,110660
Asia,Kazakhstan,7/18/2021,7645097,4872183,2772914,77737
Asia,Kazakhstan,7/25/2021,8359068,5127049,3232019,90165
Asia,Kazakhstan,8/1/2021,9208838,5408959,3799879,107257
Asia,Kazakhstan,8/8/2021,10083693,5727414,4356279,79466
Asia,Kazakhstan,8/15/2021,10774674,6074583,4700091,62455
Asia,Kazakhstan,8/22/2021,11347235,6351991,4995244,61607
Asia,Kazakhstan,8/29/2021,11909481,6592369,5317112,60872
Asia,Kazakhstan,9/5/2021,12465884,6819137,5646747,62605
Asia,Kazakhstan,9/12/2021,12966142,7072523,5893619,50037
Asia,Kazakhstan,9/19/2021,13427908,7284247,6143661,59719
Asia,Kazakhstan,9/26/2021,13901899,7508100,6393799,48899
Asia,Kazakhstan,10/3/2021,14362693,7703478,6659215,43126
Asia,Kazakhstan,10/10/2021,14734747,7846324,6888423,38193
Asia,Kazakhstan,10/17/2021,15137851,8019611,7118240,36464
Asia,Kazakhstan,10/24/2021,15477640,8159043,7318597,31456
Asia,Kazakhstan,10/31/2021,15782394,8291167,7491227,32230
Asia,Kazakhstan,11/7/2021,16070232,8403514,7666718,29033
Asia,Kazakhstan,11/14/2021,16344892,8533457,7811435,23331
Asia,Kazakhstan,11/21/2021,16570835,8631201,7939634,20578
Asia,Kazakhstan,11/28/2021,16766179,8712773,8053406,19619
Asia,Kazakhstan,12/5/2021,16955745,8778757,8176988,18536
Asia,Kazakhstan,12/12/2021,17138045,8852029,8286016,14129
Asia,Kazakhstan,12/19/2021,17256476,8896942,8359534,12311
Asia,Kazakhstan,12/26/2021,17400137,8944701,8455436,13176
Asia,Kazakhstan,1/2/2022,17521399,8995933,8525466,9405
Asia,Kazakhstan,1/9/2022,0,0,0,0
Asia,Kazakhstan,1/16/2022,17676183,9059198,8616985,12884
Asia,Kazakhstan,1/23/2022,17807668,9122455,8685213,13086
Asia,Kazakhstan,1/30/2022,17934008,9182136,8751872,0
Asia,Kazakhstan,2/6/2022,18045037,9236796,8808241,0
Asia,Kazakhstan,2/13/2022,20273902,9294766,8871476,2118887
Asia,Kazakhstan,2/20/2022,0,0,0,0
Asia,Kazakhstan,2/27/2022,20875964,9379737,8982156,892
Asia,Kazakhstan,3/6/2022,0,0,0,0
Asia,Kazakhstan,3/13/2022,0,9423576,9070228,0
Asia,Kazakhstan,3/20/2022,0,9440295,9119719,0
Asia,Kazakhstan,3/27/2022,0,9450022,9145878,0
Asia,Kazakhstan,4/3/2022,0,0,0,0
Asia,Kazakhstan,4/10/2022,0,9465209,9197535,0
Asia,Kazakhstan,5/8/2022,0,9489564,9254951,0
Asia,Kazakhstan,5/15/2022,0,0,0,0
Asia,Kazakhstan,6/5/2022,0,0,0,0
Asia,Kazakhstan,6/12/2022,0,0,0,0
Asia,Kazakhstan,6/26/2022,0,0,0,0
Asia,Kazakhstan,7/17/2022,0,0,0,0
Asia,Kazakhstan,7/24/2022,0,9545315,9326873,0
Asia,Kazakhstan,8/7/2022,0,10799863,10532828,0
Asia,Kazakhstan,8/14/2022,0,0,0,0
Asia,Kazakhstan,8/21/2022,0,0,0,0
Asia,Kazakhstan,8/28/2022,0,0,0,0
Asia,Kazakhstan,9/11/2022,0,0,0,0
Asia,Kazakhstan,9/18/2022,0,0,0,0
Asia,Kazakhstan,10/2/2022,0,0,0,0
Asia,Kazakhstan,10/9/2022,0,0,0,0
Asia,Kazakhstan,11/13/2022,0,0,0,0
Asia,Kazakhstan,12/11/2022,0,0,0,0
Asia,Kazakhstan,12/18/2022,0,0,0,0
Asia,Kazakhstan,1/1/2023,0,0,0,0
Asia,Kuwait,1/3/2021,0,0,0,0
Asia,Kuwait,1/10/2021,0,0,0,0
Asia,Kuwait,1/17/2021,0,0,0,0
Asia,Kuwait,1/24/2021,0,0,0,0
Asia,Kuwait,1/31/2021,0,0,0,0
Asia,Kuwait,2/7/2021,0,0,0,0
Asia,Kuwait,2/14/2021,0,0,0,0
Asia,Kuwait,2/21/2021,0,0,0,0
Asia,Kuwait,2/28/2021,0,0,0,0
Asia,Kuwait,3/7/2021,0,0,0,0
Asia,Kuwait,3/14/2021,0,0,0,0
Asia,Kuwait,3/21/2021,0,0,0,0
Asia,Kuwait,3/28/2021,0,0,0,0
Asia,Kuwait,4/4/2021,0,0,0,0
Asia,Kuwait,4/11/2021,0,0,0,0
Asia,Kuwait,4/18/2021,860000,822000,38000,0
Asia,Kuwait,4/25/2021,1000000,0,0,0
Asia,Kuwait,5/2/2021,0,0,0,0
Asia,Kuwait,5/9/2021,0,0,0,0
Asia,Kuwait,5/16/2021,1820000,0,0,0
Asia,Kuwait,5/23/2021,0,0,0,0
Asia,Kuwait,5/30/2021,0,0,0,0
Asia,Kuwait,6/6/2021,0,0,0,0
Asia,Kuwait,6/13/2021,0,0,0,0
Asia,Kuwait,6/20/2021,0,0,0,0
Asia,Kuwait,6/27/2021,0,0,0,0
Asia,Kuwait,7/4/2021,0,0,0,0
Asia,Kuwait,7/11/2021,0,0,0,0
Asia,Kuwait,7/18/2021,0,0,0,0
Asia,Kuwait,7/25/2021,0,0,0,0
Asia,Kuwait,8/1/2021,0,0,0,0
Asia,Kuwait,8/8/2021,0,0,0,0
Asia,Kuwait,8/15/2021,0,0,0,0
Asia,Kuwait,8/22/2021,0,0,0,0
Asia,Kuwait,8/29/2021,0,0,0,0
Asia,Kuwait,9/5/2021,0,0,0,0
Asia,Kuwait,9/12/2021,0,0,0,0
Asia,Kuwait,9/19/2021,0,0,0,0
Asia,Kuwait,9/26/2021,0,0,0,0
Asia,Kuwait,10/3/2021,0,0,0,0
Asia,Kuwait,10/10/2021,0,0,0,0
Asia,Kuwait,10/17/2021,0,0,0,0
Asia,Kuwait,10/24/2021,0,0,0,0
Asia,Kuwait,10/31/2021,0,0,0,0
Asia,Kuwait,11/7/2021,0,0,0,0
Asia,Kuwait,11/21/2021,0,0,0,0
Asia,Kuwait,11/28/2021,0,0,0,0
Asia,Kuwait,12/12/2021,0,0,0,0
Asia,Kuwait,12/26/2021,0,0,0,0
Asia,Kuwait,1/9/2022,7100784,3344173,3228399,0
Asia,Kuwait,1/16/2022,0,0,0,0
Asia,Kuwait,1/23/2022,7243697,3357463,3244850,0
Asia,Kuwait,1/30/2022,0,0,0,0
Asia,Kuwait,2/6/2022,0,0,0,0
Asia,Kuwait,2/13/2022,0,0,0,0
Asia,Kuwait,2/20/2022,7502337,3382899,3271835,0
Asia,Kuwait,2/27/2022,7567520,3391299,3275680,0
Asia,Kuwait,3/6/2022,7592265,3393521,3277287,0
Asia,Kuwait,3/13/2022,0,0,0,0
Asia,Kuwait,3/20/2022,0,0,0,0
Asia,Kuwait,4/3/2022,0,0,0,0
Asia,Kuwait,4/10/2022,0,0,0,0
Asia,Kuwait,7/10/2022,8141439,3435840,3324867,0
Asia,Kuwait,7/17/2022,0,0,0,0
Asia,Kuwait,7/24/2022,0,0,0,0
Asia,Kuwait,7/31/2022,0,0,0,0
Asia,Kuwait,8/14/2022,0,0,0,0
Asia,Kuwait,10/2/2022,0,0,0,0
Asia,Kuwait,10/16/2022,8223203,3446920,3338781,0
Asia,Kuwait,10/23/2022,8227208,3447845,3339301,0
Asia,Kuwait,10/30/2022,0,0,0,0
Asia,Kuwait,11/13/2022,0,0,0,0
Asia,Kyrgyzstan,6/27/2021,0,0,0,0
Asia,Kyrgyzstan,7/4/2021,0,0,0,0
Asia,Kyrgyzstan,7/11/2021,0,0,0,0
Asia,Kyrgyzstan,7/18/2021,0,0,0,0
Asia,Kyrgyzstan,7/25/2021,0,0,0,0
Asia,Kyrgyzstan,8/1/2021,579490,461947,117311,8926
Asia,Kyrgyzstan,8/8/2021,721892,542209,179070,11954
Asia,Kyrgyzstan,8/15/2021,865447,592126,272424,17362
Asia,Kyrgyzstan,8/22/2021,1000277,638014,360447,10372
Asia,Kyrgyzstan,8/29/2021,1124350,680409,441427,13927
Asia,Kyrgyzstan,9/5/2021,1188137,703407,481593,7730
Asia,Kyrgyzstan,9/12/2021,1270320,740586,525926,12878
Asia,Kyrgyzstan,9/19/2021,1338921,768526,565989,7920
Asia,Kyrgyzstan,9/26/2021,1411946,808701,598510,10938
Asia,Kyrgyzstan,10/3/2021,1471891,837915,633059,3584
Asia,Kyrgyzstan,10/10/2021,1534397,873990,659063,6893
Asia,Kyrgyzstan,10/17/2021,1597895,908652,687496,5079
Asia,Kyrgyzstan,10/24/2021,1667139,947865,717333,6081
Asia,Kyrgyzstan,10/31/2021,1741064,983749,754624,12094
Asia,Kyrgyzstan,11/7/2021,1802325,1014402,784804,2669
Asia,Kyrgyzstan,11/14/2021,1863966,1042048,818092,8647
Asia,Kyrgyzstan,11/21/2021,1934226,1076385,853367,11446
Asia,Kyrgyzstan,11/28/2021,0,0,0,0
Asia,Kyrgyzstan,12/5/2021,2056269,1137694,914026,0
Asia,Kyrgyzstan,12/12/2021,2112639,1163928,940341,7102
Asia,Kyrgyzstan,12/19/2021,0,0,0,0
Asia,Kyrgyzstan,12/26/2021,2224305,1216105,988024,4701
Asia,Kyrgyzstan,1/2/2022,2260694,1233354,0,4676
Asia,Kyrgyzstan,1/9/2022,2292871,1246270,0,6184
Asia,Kyrgyzstan,1/16/2022,2352641,1269521,0,8648
Asia,Kyrgyzstan,1/23/2022,2419611,1299559,0,4248
Asia,Kyrgyzstan,2/6/2022,2538415,1354415,1100398,2649
Asia,Kyrgyzstan,2/13/2022,2599981,1380159,1120886,4783
Asia,Kyrgyzstan,2/20/2022,2673204,1415936,1139983,6584
Asia,Kyrgyzstan,2/27/2022,2726917,1438348,1158791,6491
Asia,Kyrgyzstan,3/6/2022,2781699,1455528,1183332,5023
Asia,Kyrgyzstan,3/13/2022,0,0,0,0
Asia,Kyrgyzstan,3/20/2022,2856035,1476272,1217875,358
Asia,Kyrgyzstan,3/27/2022,2891494,1485262,1233864,4512
Asia,Kyrgyzstan,4/3/2022,2922653,1495421,1243958,0
Asia,Laos,5/9/2021,0,0,0,0
Asia,Laos,5/16/2021,0,0,0,0
Asia,Laos,5/30/2021,0,0,0,0
Asia,Laos,7/18/2021,0,0,0,0
Asia,Laos,8/1/2021,0,0,0,0
Asia,Laos,8/8/2021,0,1361484,0,0
Asia,Laos,8/15/2021,0,0,0,0
Asia,Laos,8/22/2021,3774074,2109937,1664137,66965
Asia,Laos,8/29/2021,4182234,2407056,1775178,46920
Asia,Laos,9/5/2021,4382959,2545657,1837302,13946
Asia,Laos,10/3/2021,0,0,0,0
Asia,Laos,10/10/2021,0,0,0,0
Asia,Laos,10/17/2021,0,0,0,0
Asia,Laos,10/24/2021,0,0,0,0
Asia,Laos,10/31/2021,0,0,0,0
Asia,Laos,11/7/2021,0,0,0,0
Asia,Laos,11/14/2021,0,0,0,0
Asia,Laos,11/21/2021,0,0,0,0
Asia,Laos,11/28/2021,0,0,0,0
Asia,Laos,12/5/2021,0,0,0,0
Asia,Laos,12/12/2021,0,0,0,0
Asia,Laos,12/19/2021,0,0,0,0
Asia,Laos,12/26/2021,0,0,0,0
Asia,Laos,1/2/2022,0,0,0,0
Asia,Laos,1/9/2022,0,0,0,0
Asia,Laos,1/16/2022,0,0,0,0
Asia,Laos,1/23/2022,0,0,0,0
Asia,Laos,1/30/2022,0,0,0,0
Asia,Laos,2/6/2022,0,0,0,0
Asia,Laos,2/13/2022,9057962,4819056,4238906,0
Asia,Laos,2/20/2022,0,0,0,0
Asia,Laos,2/27/2022,0,0,0,0
Asia,Laos,3/6/2022,0,0,0,0
Asia,Laos,3/13/2022,0,0,0,0
Asia,Laos,3/20/2022,0,0,0,0
Asia,Laos,3/27/2022,0,0,0,0
Asia,Laos,4/3/2022,0,0,0,0
Asia,Lebanon,1/3/2021,0,0,0,0
Asia,Lebanon,1/10/2021,0,0,0,0
Asia,Lebanon,1/17/2021,0,0,0,0
Asia,Lebanon,1/24/2021,0,0,0,0
Asia,Lebanon,1/31/2021,0,0,0,0
Asia,Lebanon,2/7/2021,0,0,0,0
Asia,Lebanon,2/14/2021,48,0,0,48
Asia,Lebanon,2/21/2021,0,0,0,0
Asia,Lebanon,2/28/2021,40593,0,0,0
Asia,Lebanon,3/7/2021,61330,0,0,590
Asia,Lebanon,3/14/2021,0,0,0,0
Asia,Lebanon,3/21/2021,138420,93801,44619,3071
Asia,Lebanon,3/28/2021,186712,114730,71982,5585
Asia,Lebanon,4/4/2021,228050,139855,88195,2208
Asia,Lebanon,4/11/2021,0,0,0,0
Asia,Lebanon,4/18/2021,329452,204564,124888,6684
Asia,Lebanon,4/25/2021,415562,271335,144227,7030
Asia,Lebanon,5/2/2021,465909,294945,170964,4151
Asia,Lebanon,5/9/2021,0,0,0,0
Asia,Lebanon,5/16/2021,586734,382219,204515,5216
Asia,Lebanon,5/23/2021,664814,446633,218181,3205
Asia,Lebanon,5/30/2021,752172,507853,244319,9807
Asia,Lebanon,6/6/2021,863134,574301,288833,11044
Asia,Lebanon,6/13/2021,1010867,689509,321358,25549
Asia,Lebanon,6/20/2021,1130669,761818,368851,1950
Asia,Lebanon,6/27/2021,1253918,852887,401031,6653
Asia,Lebanon,7/4/2021,1379853,928112,451741,1621
Asia,Lebanon,7/11/2021,1541843,1007250,534593,5226
Asia,Lebanon,7/18/2021,1700905,1050411,650494,861
Asia,Lebanon,7/25/2021,1807133,1077758,729375,20627
Asia,Lebanon,8/1/2021,1949258,1114578,834680,2367
Asia,Lebanon,8/8/2021,2085102,1167764,917338,2613
Asia,Lebanon,8/15/2021,2203682,1225483,978199,11563
Asia,Lebanon,8/22/2021,0,0,0,0
Asia,Lebanon,8/29/2021,2422511,1346202,1076309,21446
Asia,Lebanon,9/5/2021,2505347,1393246,1112101,5769
Asia,Lebanon,9/12/2021,2622677,1455792,1166885,22127
Asia,Lebanon,9/19/2021,2717164,1506291,1210873,11211
Asia,Lebanon,9/26/2021,2816322,1553625,1262697,6299
Asia,Lebanon,10/3/2021,2934734,1620958,1313776,9552
Asia,Lebanon,10/10/2021,3026121,1663481,1362640,5566
Asia,Lebanon,10/17/2021,3108749,1696621,1412128,433
Asia,Lebanon,10/24/2021,3189658,1728149,1461509,89
Asia,Lebanon,10/31/2021,0,0,0,0
Asia,Lebanon,11/7/2021,3371123,1804857,1566266,1932
Asia,Lebanon,11/14/2021,3443254,1837206,1606048,4427
Asia,Lebanon,11/21/2021,3508035,1867352,1640683,1642
Asia,Lebanon,11/28/2021,3570392,1898771,1671621,1099
Asia,Lebanon,12/5/2021,3660210,1949439,1710771,6704
Asia,Lebanon,12/12/2021,3807958,2062985,1744973,14930
Asia,Lebanon,12/19/2021,0,0,0,0
Asia,Lebanon,12/26/2021,4270775,2199535,1799640,3175
Asia,Lebanon,1/2/2022,4386756,2256124,1833116,6693
Asia,Lebanon,1/9/2022,4570269,2349307,1873787,17766
Asia,Lebanon,1/16/2022,4704784,0,1920783,17189
Asia,Lebanon,1/23/2022,4785351,2412182,1964345,2438
Asia,Lebanon,1/30/2022,4881608,2433847,2009187,14723
Asia,Lebanon,2/6/2022,4957005,2450675,2043920,98
Asia,Lebanon,2/13/2022,5035228,2465838,2083064,2582
Asia,Lebanon,2/20/2022,5110416,2478594,2125887,5977
Asia,Lebanon,2/27/2022,5165788,2489859,2152424,6135
Asia,Lebanon,3/6/2022,5202990,2497907,2167714,3334
Asia,Lebanon,3/13/2022,5228148,2504168,2179198,689
Asia,Lebanon,3/20/2022,5253049,2510153,2190327,2197
Asia,Lebanon,3/27/2022,5269263,2514136,2198355,2749
Asia,Lebanon,4/3/2022,5285907,2518322,2206417,0
Asia,Lebanon,4/10/2022,5294781,2520489,2209770,1062
Asia,Lebanon,4/17/2022,5302325,2522688,2212600,0
Asia,Lebanon,4/24/2022,5310268,2524596,2215768,234
Asia,Lebanon,5/1/2022,0,0,0,0
Asia,Lebanon,5/8/2022,0,0,0,0
Asia,Lebanon,5/15/2022,0,0,0,0
Asia,Lebanon,5/22/2022,0,0,0,0
Asia,Lebanon,5/29/2022,0,0,0,0
Asia,Lebanon,6/5/2022,0,0,0,0
Asia,Lebanon,6/12/2022,0,0,0,0
Asia,Lebanon,6/19/2022,5663420,2695953,2371669,0
Asia,Lebanon,6/26/2022,0,0,0,0
Asia,Lebanon,7/3/2022,0,0,0,0
Asia,Lebanon,7/10/2022,5696640,2703855,2380026,0
Asia,Lebanon,7/17/2022,5706300,2705873,2382431,0
Asia,Lebanon,7/24/2022,0,0,0,0
Asia,Lebanon,7/31/2022,0,0,0,0
Asia,Lebanon,8/7/2022,5728684,2712342,2387834,0
Asia,Lebanon,8/14/2022,0,0,0,0
Asia,Lebanon,8/21/2022,5746016,2717582,2392404,0
Asia,Lebanon,8/28/2022,5752986,2719718,2394370,0
Asia,Lebanon,9/4/2022,0,0,0,0
Asia,Lebanon,9/11/2022,5766450,2723692,2399261,0
Asia,Lebanon,9/18/2022,0,0,0,0
Asia,Lebanon,9/25/2022,0,0,0,0
Asia,Lebanon,10/2/2022,0,0,0,0
Asia,Lebanon,10/9/2022,0,0,0,0
Asia,Lebanon,10/16/2022,0,0,0,0
Asia,Lebanon,10/23/2022,0,0,0,0
Asia,Lebanon,10/30/2022,0,0,0,0
Asia,Lebanon,11/6/2022,0,0,0,0
Asia,Lebanon,11/13/2022,0,0,0,0
Asia,Lebanon,11/20/2022,5809032,2738210,2412315,0
Asia,Lebanon,11/27/2022,0,0,0,0
Asia,Lebanon,12/4/2022,0,0,0,0
Asia,Lebanon,12/11/2022,0,0,0,0
Asia,Lebanon,12/18/2022,0,0,0,0
Asia,Lebanon,12/25/2022,0,0,0,0
Asia,Lebanon,1/1/2023,0,0,0,0
Asia,Malaysia,1/3/2021,0,0,0,0
Asia,Malaysia,1/10/2021,0,0,0,0
Asia,Malaysia,1/17/2021,0,0,0,0
Asia,Malaysia,1/24/2021,0,0,0,0
Asia,Malaysia,1/31/2021,0,0,0,0
Asia,Malaysia,2/7/2021,0,0,0,0
Asia,Malaysia,2/14/2021,0,0,0,0
Asia,Malaysia,2/21/2021,0,0,0,0
Asia,Malaysia,2/28/2021,18789,18769,20,6726
Asia,Malaysia,3/7/2021,140935,140865,70,12613
Asia,Malaysia,3/14/2021,307106,306918,192,10315
Asia,Malaysia,3/21/2021,435923,419057,16871,15568
Asia,Malaysia,3/28/2021,593864,459134,134735,16626
Asia,Malaysia,4/4/2021,813126,520668,292463,15203
Asia,Malaysia,4/11/2021,993087,591105,401990,23195
Asia,Malaysia,4/18/2021,1152098,702721,449385,9932
Asia,Malaysia,4/25/2021,1321226,809053,512181,14855
Asia,Malaysia,5/2/2021,1486566,914591,571983,15781
Asia,Malaysia,5/9/2021,1806262,1115571,690702,32543
Asia,Malaysia,5/16/2021,1956689,1213862,742838,10384
Asia,Malaysia,5/23/2021,2416039,1525676,890374,46510
Asia,Malaysia,5/30/2021,2947691,1881555,1066147,62900
Asia,Malaysia,6/6/2021,3618655,2473498,1145168,82867
Asia,Malaysia,6/13/2021,4554893,3178248,1376657,132091
Asia,Malaysia,6/20/2021,5931849,4296716,1635145,146821
Asia,Malaysia,6/27/2021,7582180,5465040,2117153,178075
Asia,Malaysia,7/4/2021,9259718,6598705,2661027,216022
Asia,Malaysia,7/11/2021,11716588,8107072,3609530,298338
Asia,Malaysia,7/18/2021,14703761,10062392,4641384,356872
Asia,Malaysia,7/25/2021,17771367,12096456,5674926,417808
Asia,Malaysia,8/1/2021,21625863,14526173,7099714,496498
Asia,Malaysia,8/8/2021,25013406,16079916,8933520,412282
Asia,Malaysia,8/15/2021,28365131,17451506,10913671,440765
Asia,Malaysia,8/22/2021,32048873,18747797,13301146,465780
Asia,Malaysia,8/29/2021,34895258,19927896,14985535,333364
Asia,Malaysia,9/5/2021,37427291,21138957,16340276,317247
Asia,Malaysia,9/12/2021,39686595,22044812,17725368,251292
Asia,Malaysia,9/19/2021,41461822,22598060,18975125,239283
Asia,Malaysia,9/26/2021,43597000,23477675,20249734,283943
Asia,Malaysia,10/3/2021,45672862,24508284,21307990,218647
Asia,Malaysia,10/10/2021,47045446,25153242,22047038,137562
Asia,Malaysia,10/17/2021,48362863,25442580,23063721,142803
Asia,Malaysia,10/24/2021,49658646,25615073,24111285,132362
Asia,Malaysia,10/31/2021,50707776,25740121,24830597,67744
Asia,Malaysia,11/7/2021,51285188,25788658,25074225,41407
Asia,Malaysia,11/14/2021,52030192,25838979,25301224,46823
Asia,Malaysia,11/21/2021,52711498,25881344,25429514,39302
Asia,Malaysia,11/28/2021,53470770,25914134,25485475,43971
Asia,Malaysia,12/5/2021,54285633,25946490,25535753,57524
Asia,Malaysia,12/12/2021,55069187,25975347,25578499,69904
Asia,Malaysia,12/19/2021,56044455,25999831,25612165,81438
Asia,Malaysia,12/26/2021,56969794,26018323,25639641,65986
Asia,Malaysia,1/2/2022,57988831,26038099,25667894,97028
Asia,Malaysia,1/9/2022,59423545,26056349,25692319,113054
Asia,Malaysia,1/16/2022,61005780,26069844,25710574,150161
Asia,Malaysia,1/23/2022,62413036,26081276,25728694,134396
Asia,Malaysia,1/30/2022,63630647,26092730,25744785,83079
Asia,Malaysia,2/6/2022,64133228,26132697,25753950,71057
Asia,Malaysia,2/13/2022,65200167,26286275,25766064,121531
Asia,Malaysia,2/20/2022,66308051,26653451,25776760,130941
Asia,Malaysia,2/27/2022,67253216,27005118,25783514,103842
Asia,Malaysia,3/6/2022,67892516,27200145,25793890,58853
Asia,Malaysia,3/13/2022,68316321,27352320,25807146,46329
Asia,Malaysia,3/20/2022,68635341,27461825,25820732,29037
Asia,Malaysia,3/27/2022,68847731,27521512,25831388,25184
Asia,Malaysia,4/3/2022,69138961,27570381,25858933,18065
Asia,Malaysia,4/10/2022,69372263,27604907,25989000,41196
Asia,Malaysia,4/17/2022,69791488,27670115,26293184,63582
Asia,Malaysia,4/24/2022,70240929,27764247,26610971,56897
Asia,Malaysia,5/1/2022,70490222,27819866,26776407,13593
Asia,Malaysia,5/8/2022,70591782,27842260,26842773,31004
Asia,Malaysia,5/15/2022,70871485,27943922,26985008,26587
Asia,Malaysia,5/22/2022,71006304,27981969,27053706,17506
Asia,Malaysia,5/29/2022,71125937,28026367,27104724,15941
Asia,Malaysia,6/5/2022,71197858,28048356,27136893,5841
Asia,Malaysia,6/12/2022,71261292,28054188,27178654,8852
Asia,Malaysia,6/19/2022,71347230,28060588,27242961,11043
Asia,Malaysia,6/26/2022,71430284,28070791,27296568,8010
Asia,Malaysia,7/3/2022,71483845,28075069,27321389,8021
Asia,Malaysia,7/10/2022,71565772,28078679,27368431,5654
Asia,Malaysia,7/17/2022,71667842,28081824,27405784,13167
Asia,Malaysia,7/24/2022,71785331,28085927,27442907,13072
Asia,Malaysia,7/31/2022,71888777,28089497,27470262,9107
Asia,Malaysia,8/7/2022,71951869,28092870,27482479,4703
Asia,Malaysia,8/14/2022,72002017,28096237,27492149,4307
Asia,Malaysia,8/21/2022,72043351,28098621,27501128,3402
Asia,Malaysia,8/28/2022,72075532,28100998,27506672,2380
Asia,Malaysia,9/4/2022,72097416,28102715,27509636,1504
Asia,Malaysia,9/11/2022,72118270,28105566,27512713,1363
Asia,Malaysia,9/18/2022,72133473,28106997,27515203,962
Asia,Malaysia,9/25/2022,72150314,28108450,27518158,1212
Asia,Malaysia,10/2/2022,72164419,28110128,27520804,966
Asia,Malaysia,10/9/2022,72174345,28111268,27522667,471
Asia,Malaysia,10/16/2022,72183479,28112262,27524492,601
Asia,Malaysia,10/23/2022,72192689,28113332,27525955,585
Asia,Malaysia,10/30/2022,72199878,28114279,27527420,608
Asia,Malaysia,11/6/2022,72213516,28115362,27528615,1152
Asia,Malaysia,11/13/2022,72237937,28116570,27529829,1956
Asia,Malaysia,11/20/2022,72260470,28117435,27530579,1343
Asia,Malaysia,11/27/2022,72281616,28118619,27531878,1459
Asia,Malaysia,12/4/2022,72299359,28119632,27532910,1282
Asia,Malaysia,12/11/2022,72316919,28120596,27533907,873
Asia,Malaysia,12/18/2022,72331988,28121539,27534906,859
Asia,Malaysia,12/25/2022,72342743,28122256,27535610,314
Asia,Malaysia,1/1/2023,72358631,28123129,27536609,1255
Asia,Maldives,1/10/2021,0,0,0,0
Asia,Maldives,1/24/2021,0,0,0,0
Asia,Maldives,1/31/2021,0,0,0,0
Asia,Maldives,2/7/2021,9752,9752,0,2898
Asia,Maldives,2/14/2021,38591,38591,0,5485
Asia,Maldives,2/21/2021,75013,75013,0,5004
Asia,Maldives,2/28/2021,111415,111415,0,5923
Asia,Maldives,3/7/2021,151643,151643,0,5875
Asia,Maldives,3/21/2021,218912,218912,0,267
Asia,Maldives,4/4/2021,250633,246896,3737,5163
Asia,Maldives,4/18/2021,327665,281848,45817,8133
Asia,Maldives,4/25/2021,375240,292413,82827,7090
Asia,Maldives,5/2/2021,406133,297639,108494,6583
Asia,Maldives,5/9/2021,435236,301239,133997,3444
Asia,Maldives,5/16/2021,448708,303336,145372,2821
Asia,Maldives,5/23/2021,464505,306430,158075,2653
Asia,Maldives,5/30/2021,476305,309815,166490,1680
Asia,Maldives,6/6/2021,485424,312133,173291,1421
Asia,Maldives,6/13/2021,492718,314059,178659,884
Asia,Maldives,6/20/2021,498655,315282,183373,784
Asia,Maldives,6/27/2021,505285,316497,188788,1288
Asia,Maldives,7/4/2021,512200,317398,194802,2563
Asia,Maldives,7/11/2021,554371,318756,235615,0
Asia,Maldives,7/18/2021,0,0,0,0
Asia,Maldives,7/25/2021,0,0,0,0
Asia,Maldives,8/1/2021,595120,323568,271552,4166
Asia,Maldives,8/8/2021,617585,331654,285931,2752
Asia,Maldives,8/22/2021,672365,372777,299588,5140
Asia,Maldives,8/29/2021,684946,383089,301857,746
Asia,Maldives,9/12/2021,710805,389235,321570,2949
Asia,Maldives,9/19/2021,0,0,0,0
Asia,Maldives,9/26/2021,0,0,0,0
Asia,Maldives,10/10/2021,739914,393133,346781,859
Asia,Maldives,10/17/2021,745288,393718,351570,440
Asia,Maldives,10/24/2021,748858,394099,354759,445
Asia,Maldives,10/31/2021,752341,394574,357767,461
Asia,Maldives,11/7/2021,0,0,0,0
Asia,Maldives,11/14/2021,756045,395068,360977,0
Asia,Maldives,11/21/2021,764421,395373,362326,0
Asia,Maldives,12/5/2021,776498,395956,364692,655
Asia,Maldives,12/12/2021,781907,396207,365604,831
Asia,Maldives,12/19/2021,785241,396410,366358,363
Asia,Maldives,12/26/2021,787873,396635,367068,0
Asia,Maldives,1/2/2022,790942,396822,367672,0
Asia,Maldives,1/9/2022,792981,396981,368238,400
Asia,Maldives,1/16/2022,801114,397211,368817,2657
Asia,Maldives,1/23/2022,819148,397421,369252,3473
Asia,Maldives,1/30/2022,840260,397615,369820,2734
Asia,Maldives,2/6/2022,859352,397804,370161,3828
Asia,Maldives,2/13/2022,877141,397956,370515,2011
Asia,Maldives,2/20/2022,0,0,0,0
Asia,Maldives,2/27/2022,899878,398197,371051,1823
Asia,Maldives,3/27/2022,0,0,0,0
Asia,Maldives,6/5/2022,0,0,0,0
Asia,Maldives,6/19/2022,0,0,0,0
Asia,Maldives,6/26/2022,0,0,0,0
Asia,Maldives,7/3/2022,0,0,0,0
Asia,Maldives,7/10/2022,0,0,0,0
Asia,Maldives,8/28/2022,0,0,0,0
Asia,Maldives,11/6/2022,0,0,0,0
Asia,Maldives,11/13/2022,0,0,0,0
Asia,Maldives,11/20/2022,0,0,0,0
Asia,Mongolia,1/24/2021,0,0,0,0
Asia,Mongolia,3/7/2021,0,0,0,0
Asia,Mongolia,3/14/2021,100000,100000,0,15983
Asia,Mongolia,3/21/2021,209278,209278,0,5157
Asia,Mongolia,3/28/2021,0,0,0,0
Asia,Mongolia,4/4/2021,376373,376373,0,39615
Asia,Mongolia,4/11/2021,0,616906,0,0
Asia,Mongolia,4/18/2021,0,0,0,0
Asia,Mongolia,4/25/2021,0,678692,0,0
Asia,Mongolia,5/2/2021,1398592,947529,451063,102054
Asia,Mongolia,5/9/2021,2213376,1590636,622740,58753
Asia,Mongolia,5/16/2021,2422303,1778612,643691,10747
Asia,Mongolia,5/23/2021,2604563,1830623,773940,23601
Asia,Mongolia,5/30/2021,3083871,1854643,1229228,0
Asia,Mongolia,6/6/2021,3397608,1872056,1525552,16796
Asia,Mongolia,6/13/2021,3538289,1892396,1645893,3794
Asia,Mongolia,6/20/2021,3608480,1912235,1696245,0
Asia,Mongolia,6/27/2021,3682742,1956403,1726339,0
Asia,Mongolia,7/4/2021,3827417,2066119,1761298,0
Asia,Mongolia,7/11/2021,0,0,0,0
Asia,Mongolia,7/18/2021,3930877,2107044,1823833,4664
Asia,Mongolia,7/25/2021,4068492,2138538,1929954,0
Asia,Mongolia,8/1/2021,4161918,2178913,1983005,0
Asia,Mongolia,8/8/2021,4200827,2202412,1998415,1136
Asia,Mongolia,8/15/2021,4236033,2217139,2018894,420
Asia,Mongolia,8/22/2021,4282702,2227434,2055268,1954
Asia,Mongolia,8/29/2021,4321363,2236363,2085000,1064
Asia,Mongolia,9/5/2021,4346550,2242768,2103782,708
Asia,Mongolia,9/12/2021,0,0,0,0
Asia,Mongolia,9/19/2021,4370453,2248757,2121696,0
Asia,Mongolia,9/26/2021,4376793,2250218,2126575,0
Asia,Mongolia,10/3/2021,4382486,2251699,2130787,93
Asia,Mongolia,10/10/2021,4386477,2252748,2133729,0
Asia,Mongolia,10/17/2021,4389824,2253761,2136063,0
Asia,Mongolia,10/24/2021,4392350,2254570,2137780,0
Asia,Mongolia,10/31/2021,4395278,2255448,2139830,0
Asia,Mongolia,11/7/2021,0,0,0,0
Asia,Mongolia,11/14/2021,4402207,2257590,2144617,0
Asia,Mongolia,11/21/2021,4406086,2258752,2147334,0
Asia,Mongolia,11/28/2021,4409756,2259870,2149886,276
Asia,Mongolia,12/5/2021,4414941,2261533,2153408,245
Asia,Mongolia,12/12/2021,4418882,2262825,2156057,295
Asia,Mongolia,12/19/2021,0,2264437,2160217,0
Asia,Mongolia,12/26/2021,0,0,0,0
Asia,Mongolia,1/2/2022,5348124,2266151,0,1781
Asia,Mongolia,1/9/2022,5369265,2266964,2166235,2108
Asia,Mongolia,1/16/2022,5403042,2267934,2168053,0
Asia,Mongolia,1/23/2022,5432373,2268885,0,1690
Asia,Mongolia,1/30/2022,5446692,2269723,2170556,396
Asia,Mongolia,2/6/2022,0,0,0,0
Asia,Mongolia,2/13/2022,5455980,2270372,2171612,0
Asia,Mongolia,2/20/2022,5461677,2270897,2172253,0
Asia,Mongolia,2/27/2022,0,0,0,0
Asia,Mongolia,3/6/2022,0,0,0,0
Asia,Mongolia,3/13/2022,0,0,0,0
Asia,Mongolia,3/20/2022,5476381,2272200,2174127,0
Asia,Mongolia,5/1/2022,0,0,0,0
Asia,Mongolia,5/8/2022,0,0,0,0
Asia,Mongolia,5/22/2022,0,0,0,0
Asia,Mongolia,5/29/2022,0,0,0,0
Asia,Mongolia,6/5/2022,0,0,0,0
Asia,Mongolia,7/3/2022,0,0,0,0
Asia,Mongolia,7/10/2022,0,0,0,0
Asia,Mongolia,8/7/2022,0,0,0,0
Asia,Mongolia,8/21/2022,0,0,0,0
Asia,Mongolia,8/28/2022,0,0,0,0
Asia,Mongolia,9/4/2022,0,0,0,0
Asia,Mongolia,9/11/2022,0,0,0,0
Asia,Mongolia,9/18/2022,0,0,0,0
Asia,Mongolia,11/13/2022,0,0,0,0
Asia,Mongolia,11/20/2022,0,0,0,0
Asia,Mongolia,12/4/2022,0,0,0,0
Asia,Mongolia,12/25/2022,0,0,0,0
Asia,Myanmar,1/3/2021,0,0,0,0
Asia,Myanmar,1/10/2021,0,0,0,0
Asia,Myanmar,1/17/2021,0,0,0,0
Asia,Myanmar,1/24/2021,0,0,0,0
Asia,Myanmar,1/31/2021,0,0,0,0
Asia,Myanmar,2/7/2021,0,0,0,0
Asia,Myanmar,2/14/2021,0,0,0,0
Asia,Myanmar,2/21/2021,0,0,0,0
Asia,Myanmar,2/28/2021,0,0,0,0
Asia,Myanmar,3/7/2021,0,0,0,0
Asia,Myanmar,3/14/2021,0,0,0,0
Asia,Myanmar,3/21/2021,0,0,0,0
Asia,Myanmar,3/28/2021,0,0,0,0
Asia,Myanmar,4/25/2021,0,0,0,0
Asia,Myanmar,5/2/2021,0,0,0,0
Asia,Myanmar,5/9/2021,0,0,0,0
Asia,Myanmar,5/16/2021,0,0,0,0
Asia,Myanmar,5/23/2021,0,0,0,0
Asia,Myanmar,6/6/2021,0,0,0,0
Asia,Myanmar,6/13/2021,0,0,0,0
Asia,Myanmar,6/20/2021,0,0,0,0
Asia,Myanmar,6/27/2021,0,0,0,0
Asia,Myanmar,7/4/2021,0,0,0,0
Asia,Myanmar,7/11/2021,0,0,0,0
Asia,Myanmar,7/18/2021,0,0,0,0
Asia,Myanmar,7/25/2021,0,0,0,0
Asia,Myanmar,8/1/2021,0,0,0,0
Asia,Myanmar,8/8/2021,0,0,0,0
Asia,Myanmar,8/15/2021,0,0,0,0
Asia,Myanmar,8/22/2021,0,0,0,0
Asia,Myanmar,8/29/2021,0,0,0,0
Asia,Myanmar,9/5/2021,0,0,0,0
Asia,Myanmar,9/12/2021,0,0,0,0
Asia,Myanmar,9/19/2021,0,0,0,0
Asia,Myanmar,9/26/2021,0,0,0,0
Asia,Myanmar,10/3/2021,0,0,0,0
Asia,Myanmar,10/10/2021,0,0,0,0
Asia,Myanmar,10/17/2021,15797703,11223285,4574418,0
Asia,Myanmar,10/24/2021,0,0,0,0
Asia,Myanmar,10/31/2021,20299011,13244996,7054015,0
Asia,Myanmar,11/7/2021,0,0,0,0
Asia,Myanmar,11/14/2021,0,0,0,0
Asia,Myanmar,11/21/2021,0,0,0,0
Asia,Myanmar,11/28/2021,0,0,0,0
Asia,Myanmar,12/5/2021,0,0,0,0
Asia,Myanmar,12/12/2021,0,0,0,0
Asia,Myanmar,12/19/2021,0,0,0,0
Asia,Myanmar,12/26/2021,0,0,0,0
Asia,Myanmar,1/2/2022,0,0,0,0
Asia,Myanmar,1/9/2022,37610466,21017026,16593440,0
Asia,Myanmar,1/16/2022,38919898,21361785,17558113,0
Asia,Myanmar,1/23/2022,0,0,0,0
Asia,Myanmar,2/20/2022,0,0,0,0
Asia,Myanmar,2/27/2022,0,0,0,0
Asia,Myanmar,3/6/2022,0,0,0,0
Asia,Myanmar,3/13/2022,0,0,0,0
Asia,Myanmar,3/20/2022,0,0,0,0
Asia,Myanmar,3/27/2022,0,0,0,0
Asia,Myanmar,4/3/2022,0,0,0,0
Asia,Myanmar,4/10/2022,0,0,0,0
Asia,Myanmar,8/14/2022,0,0,0,0
Asia,Myanmar,8/21/2022,0,0,0,0
Asia,Myanmar,9/4/2022,0,0,0,0
Asia,Myanmar,9/11/2022,0,0,0,0
Asia,Myanmar,9/18/2022,0,0,0,0
Asia,Myanmar,9/25/2022,0,0,0,0
Asia,Myanmar,10/2/2022,0,0,0,0
Asia,Myanmar,10/9/2022,0,0,0,0
Asia,Myanmar,10/16/2022,0,0,0,0
Asia,Myanmar,10/23/2022,0,0,0,0
Asia,Myanmar,10/30/2022,0,0,0,0
Asia,Myanmar,11/6/2022,0,0,0,0
Asia,Myanmar,11/13/2022,0,0,0,0
Asia,Myanmar,11/20/2022,0,0,0,0
Asia,Myanmar,11/27/2022,0,0,0,0
Asia,Myanmar,12/25/2022,0,0,0,0
Asia,Nepal,1/3/2021,0,0,0,0
Asia,Nepal,1/10/2021,0,0,0,0
Asia,Nepal,1/17/2021,0,0,0,0
Asia,Nepal,1/24/2021,0,0,0,0
Asia,Nepal,1/31/2021,0,0,0,0
Asia,Nepal,2/7/2021,0,0,0,0
Asia,Nepal,2/14/2021,0,0,0,0
Asia,Nepal,2/21/2021,0,0,0,0
Asia,Nepal,2/28/2021,0,0,0,0
Asia,Nepal,3/7/2021,0,0,0,0
Asia,Nepal,3/14/2021,0,0,0,0
Asia,Nepal,3/21/2021,0,0,0,0
Asia,Nepal,3/28/2021,0,0,0,0
Asia,Nepal,4/4/2021,0,0,0,0
Asia,Nepal,4/11/2021,1850570,1850570,0,9446
Asia,Nepal,4/18/2021,1924703,1924703,0,14494
Asia,Nepal,4/25/2021,2006436,2006436,0,0
Asia,Nepal,5/2/2021,0,0,0,0
Asia,Nepal,5/9/2021,0,0,0,0
Asia,Nepal,5/16/2021,0,0,0,0
Asia,Nepal,5/23/2021,2666669,2113080,553589,22021
Asia,Nepal,5/30/2021,2802596,2113080,689516,2577
Asia,Nepal,6/6/2021,2804574,2113080,691494,0
Asia,Nepal,6/13/2021,0,0,0,0
Asia,Nepal,6/20/2021,0,0,0,0
Asia,Nepal,6/27/2021,3333921,2583790,750131,1961
Asia,Nepal,7/4/2021,3364051,2606005,758046,1223
Asia,Nepal,7/11/2021,3653173,2611807,1041366,0
Asia,Nepal,7/18/2021,4129122,2999214,1129908,89402
Asia,Nepal,7/25/2021,4781216,3383038,1398178,37942
Asia,Nepal,8/1/2021,5877759,4064288,1813471,195132
Asia,Nepal,8/8/2021,6986451,4494269,2492182,184036
Asia,Nepal,8/15/2021,8048666,4684509,3364157,70770
Asia,Nepal,8/22/2021,8788986,4942250,3846736,18322
Asia,Nepal,8/29/2021,0,0,0,0
Asia,Nepal,9/5/2021,10428946,5533794,4895152,53182
Asia,Nepal,9/12/2021,10940301,5773612,5166689,10449
Asia,Nepal,9/19/2021,11782181,6203316,5578865,21360
Asia,Nepal,9/26/2021,12645634,6609233,6036401,102301
Asia,Nepal,10/3/2021,14069307,7716985,6352322,26419
Asia,Nepal,10/10/2021,14653146,8202502,6450644,78927
Asia,Nepal,10/17/2021,0,0,0,0
Asia,Nepal,10/24/2021,0,0,0,0
Asia,Nepal,10/31/2021,0,0,0,0
Asia,Nepal,11/7/2021,16173246,8736532,7436714,0
Asia,Nepal,11/14/2021,0,0,0,0
Asia,Nepal,11/21/2021,0,0,0,0
Asia,Nepal,11/28/2021,0,0,0,0
Asia,Nepal,12/5/2021,0,0,0,0
Asia,Nepal,12/12/2021,0,0,0,0
Asia,Nepal,12/19/2021,0,0,0,0
Asia,Nepal,12/26/2021,0,0,0,0
Asia,Nepal,1/2/2022,0,0,0,0
Asia,Nepal,1/9/2022,0,0,0,0
Asia,Nepal,1/16/2022,27965500,15837671,12127829,0
Asia,Nepal,1/23/2022,0,0,0,0
Asia,Nepal,1/30/2022,0,0,0,0
Asia,Nepal,2/6/2022,0,0,0,0
Asia,Nepal,2/13/2022,35546280,18261165,16525155,0
Asia,Nepal,2/20/2022,0,21345539,0,0
Asia,Nepal,2/27/2022,36984611,21524836,17419344,0
Asia,Nepal,3/6/2022,0,0,0,0
Asia,Nepal,3/13/2022,38791546,21779635,18452467,91650
Asia,Nepal,3/27/2022,39777115,21966002,18932518,25849
Asia,Nepal,5/8/2022,42281314,22323233,19692303,22106
Asia,Nepal,7/17/2022,0,0,0,0
Asia,Nepal,7/24/2022,0,0,0,0
Asia,Nepal,7/31/2022,0,0,0,0
Asia,Nepal,8/7/2022,0,0,0,0
Asia,Nepal,8/14/2022,0,0,0,0
Asia,Nepal,8/21/2022,0,0,0,0
Asia,Nepal,8/28/2022,0,0,0,0
Asia,Nepal,9/4/2022,0,0,0,0
Asia,Nepal,9/11/2022,0,0,0,0
Asia,Nepal,9/18/2022,0,0,0,0
Asia,Nepal,9/25/2022,57909436,27148456,22565230,0
Asia,Nepal,10/2/2022,0,0,0,0
Asia,Nepal,10/30/2022,0,0,0,0
Asia,Oman,1/3/2021,8826,8826,0,1595
Asia,Oman,1/10/2021,15907,15907,0,884
Asia,Oman,1/17/2021,25446,24773,673,673
Asia,Oman,1/24/2021,32765,24773,7992,2090
Asia,Oman,1/31/2021,0,0,0,0
Asia,Oman,2/7/2021,0,0,0,0
Asia,Oman,2/14/2021,48819,36547,12272,1621
Asia,Oman,2/21/2021,64538,45519,19019,2051
Asia,Oman,2/28/2021,0,0,0,0
Asia,Oman,3/7/2021,0,0,0,0
Asia,Oman,3/14/2021,0,0,0,0
Asia,Oman,3/21/2021,0,0,0,0
Asia,Oman,3/28/2021,0,0,0,0
Asia,Oman,4/4/2021,0,0,0,0
Asia,Oman,4/11/2021,0,0,0,0
Asia,Oman,4/18/2021,0,0,0,0
Asia,Oman,4/25/2021,0,0,0,0
Asia,Oman,5/2/2021,0,0,0,0
Asia,Oman,5/9/2021,0,0,0,0
Asia,Oman,5/16/2021,0,0,0,0
Asia,Oman,5/23/2021,0,0,0,0
Asia,Oman,5/30/2021,0,0,0,0
Asia,Oman,6/6/2021,0,0,0,0
Asia,Oman,6/13/2021,605845,435090,170755,0
Asia,Oman,6/20/2021,859000,666000,193000,0
Asia,Oman,6/27/2021,0,0,0,0
Asia,Oman,7/4/2021,0,0,0,0
Asia,Oman,7/11/2021,0,0,0,0
Asia,Oman,7/18/2021,0,0,0,0
Asia,Oman,7/25/2021,1887421,1550910,336511,0
Asia,Oman,8/1/2021,0,0,0,0
Asia,Oman,8/8/2021,0,0,0,0
Asia,Oman,8/15/2021,0,0,0,0
Asia,Oman,8/22/2021,0,0,0,0
Asia,Oman,8/29/2021,0,0,0,0
Asia,Oman,9/5/2021,4036350,2592464,1443886,0
Asia,Oman,9/12/2021,0,0,0,0
Asia,Oman,9/19/2021,0,0,0,0
Asia,Oman,9/26/2021,0,0,0,0
Asia,Oman,10/3/2021,0,0,0,0
Asia,Oman,10/10/2021,0,0,0,0
Asia,Oman,10/17/2021,0,0,0,0
Asia,Oman,10/24/2021,0,0,0,0
Asia,Oman,10/31/2021,0,0,0,0
Asia,Oman,11/7/2021,0,0,0,0
Asia,Oman,11/14/2021,0,0,0,0
Asia,Oman,1/2/2022,0,0,0,0
Asia,Oman,1/9/2022,0,0,0,0
Asia,Oman,1/16/2022,0,0,0,0
Asia,Oman,1/23/2022,0,0,0,0
Asia,Oman,1/30/2022,0,0,0,0
Asia,Oman,2/6/2022,0,0,0,0
Asia,Oman,2/13/2022,0,0,0,0
Asia,Oman,2/20/2022,0,0,0,0
Asia,Oman,2/27/2022,0,0,0,0
Asia,Oman,3/6/2022,0,0,0,0
Asia,Oman,3/13/2022,0,0,0,0
Asia,Oman,4/10/2022,0,0,0,0
Asia,Oman,4/17/2022,0,0,0,0
Asia,Oman,5/1/2022,0,0,0,0
Asia,Oman,5/8/2022,0,0,0,0
Asia,Oman,5/22/2022,0,0,0,0
Asia,Oman,5/29/2022,0,0,0,0
Asia,Pakistan,1/3/2021,0,0,0,0
Asia,Pakistan,1/10/2021,0,0,0,0
Asia,Pakistan,1/17/2021,0,0,0,0
Asia,Pakistan,1/24/2021,0,0,0,0
Asia,Pakistan,1/31/2021,0,0,0,0
Asia,Pakistan,2/7/2021,0,0,0,0
Asia,Pakistan,2/14/2021,0,0,0,0
Asia,Pakistan,2/21/2021,72882,72882,0,0
Asia,Pakistan,2/28/2021,0,0,0,0
Asia,Pakistan,3/7/2021,0,0,0,0
Asia,Pakistan,3/14/2021,350000,350000,0,0
Asia,Pakistan,3/21/2021,0,0,0,0
Asia,Pakistan,3/28/2021,0,0,0,0
Asia,Pakistan,4/4/2021,0,0,0,0
Asia,Pakistan,4/11/2021,0,0,0,0
Asia,Pakistan,4/18/2021,0,0,0,0
Asia,Pakistan,4/25/2021,0,0,0,0
Asia,Pakistan,5/2/2021,0,0,0,0
Asia,Pakistan,5/9/2021,0,0,0,0
Asia,Pakistan,5/16/2021,0,0,0,0
Asia,Pakistan,5/23/2021,0,0,0,0
Asia,Pakistan,5/30/2021,0,0,0,0
Asia,Pakistan,6/6/2021,0,0,0,0
Asia,Pakistan,6/13/2021,10696402,8323060,2883959,200174
Asia,Pakistan,6/20/2021,0,0,0,0
Asia,Pakistan,6/27/2021,0,0,0,0
Asia,Pakistan,7/4/2021,17390346,14026856,0,675629
Asia,Pakistan,7/11/2021,19883900,15941609,0,816548
Asia,Pakistan,7/18/2021,0,0,0,0
Asia,Pakistan,7/25/2021,0,0,0,0
Asia,Pakistan,8/1/2021,30590183,24086196,0,942128
Asia,Pakistan,8/8/2021,0,0,0,0
Asia,Pakistan,8/15/2021,42688545,34343317,12104373,0
Asia,Pakistan,8/22/2021,0,0,0,0
Asia,Pakistan,8/29/2021,53314628,41477587,16171867,0
Asia,Pakistan,9/5/2021,61724580,47054090,19427419,0
Asia,Pakistan,9/12/2021,68227337,51390802,21962455,0
Asia,Pakistan,9/19/2021,73831778,54919437,24376310,0
Asia,Pakistan,9/26/2021,0,0,0,0
Asia,Pakistan,10/3/2021,0,0,0,0
Asia,Pakistan,10/10/2021,0,0,0,0
Asia,Pakistan,10/17/2021,0,0,0,0
Asia,Pakistan,10/24/2021,0,0,0,0
Asia,Pakistan,10/31/2021,0,0,0,0
Asia,Pakistan,11/7/2021,111967455,74621225,44431071,0
Asia,Pakistan,11/14/2021,119035991,78215285,48185021,0
Asia,Pakistan,11/21/2021,0,0,0,0
Asia,Pakistan,11/28/2021,122561478,79999013,49954582,0
Asia,Pakistan,12/5/2021,126586512,81806077,52303524,0
Asia,Pakistan,12/12/2021,133901703,84783151,56861225,0
Asia,Pakistan,12/19/2021,141509339,88492869,61084339,0
Asia,Pakistan,12/26/2021,0,0,0,0
Asia,Pakistan,1/2/2022,0,0,0,0
Asia,Pakistan,1/9/2022,0,0,0,0
Asia,Pakistan,1/16/2022,0,0,0,0
Asia,Pakistan,1/23/2022,0,0,0,0
Asia,Pakistan,1/30/2022,0,0,0,0
Asia,Pakistan,2/6/2022,185979557,110213721,86200581,0
Asia,Pakistan,2/13/2022,200887927,119150808,92565125,0
Asia,Pakistan,2/20/2022,0,0,0,0
Asia,Pakistan,2/27/2022,0,0,0,0
Asia,Pakistan,3/6/2022,0,0,0,0
Asia,Pakistan,3/13/2022,0,0,0,0
Asia,Pakistan,3/20/2022,0,0,0,0
Asia,Pakistan,3/27/2022,0,0,0,0
Asia,Pakistan,4/3/2022,0,0,0,0
Asia,Pakistan,4/10/2022,243150094,133526662,119771164,0
Asia,Pakistan,4/17/2022,244354132,133858835,120589371,0
Asia,Pakistan,4/24/2022,0,0,0,0
Asia,Pakistan,5/15/2022,247532519,134654327,122564999,43899
Asia,Pakistan,5/22/2022,248429799,134857883,122912764,58897
Asia,Pakistan,6/12/2022,254300020,135687705,124047329,662832
Asia,Pakistan,6/19/2022,259286753,136187729,124721404,606634
Asia,Pakistan,6/26/2022,266158823,136754791,126004745,965578
Asia,Pakistan,7/3/2022,272421480,137291287,127105292,716395
Asia,Pakistan,7/10/2022,0,0,0,0
Asia,Pakistan,7/17/2022,0,0,0,0
Asia,Pakistan,7/24/2022,0,0,0,0
Asia,Pakistan,7/31/2022,0,0,0,0
Asia,Pakistan,8/7/2022,0,0,0,0
Asia,Pakistan,8/14/2022,0,0,0,0
Asia,Pakistan,8/21/2022,0,0,0,0
Asia,Pakistan,8/28/2022,0,0,0,0
Asia,Pakistan,9/4/2022,0,0,0,0
Asia,Pakistan,9/11/2022,0,0,0,0
Asia,Pakistan,9/18/2022,0,0,0,0
Asia,Pakistan,9/25/2022,0,0,0,0
Asia,Pakistan,10/2/2022,0,0,0,0
Asia,Pakistan,10/9/2022,0,0,0,0
Asia,Pakistan,10/30/2022,0,0,0,0
Asia,Pakistan,11/6/2022,300290727,139553382,0,0
Asia,Pakistan,11/13/2022,0,0,0,0
Asia,Pakistan,11/20/2022,301116542,139587475,0,0
Asia,Pakistan,12/4/2022,316652198,154656277,131361137,0
Asia,Pakistan,12/11/2022,0,0,0,0
Asia,Palestine,1/3/2021,0,0,0,0
Asia,Palestine,1/10/2021,0,0,0,0
Asia,Palestine,1/17/2021,0,0,0,0
Asia,Palestine,1/24/2021,0,0,0,0
Asia,Palestine,1/31/2021,0,0,0,0
Asia,Palestine,2/7/2021,0,0,0,0
Asia,Palestine,2/14/2021,0,0,0,0
Asia,Palestine,2/21/2021,0,0,0,0
Asia,Palestine,2/28/2021,0,0,0,0
Asia,Palestine,3/7/2021,0,0,0,0
Asia,Palestine,3/14/2021,0,0,0,0
Asia,Palestine,3/21/2021,0,0,0,0
Asia,Palestine,3/28/2021,0,0,0,0
Asia,Palestine,4/4/2021,102755,91626,11129,2369
Asia,Palestine,4/11/2021,154099,140932,13167,1147
Asia,Palestine,4/18/2021,183606,159976,23630,0
Asia,Palestine,4/25/2021,0,0,0,0
Asia,Palestine,5/2/2021,0,0,0,0
Asia,Palestine,5/9/2021,0,0,0,0
Asia,Palestine,5/16/2021,467133,271828,195305,0
Asia,Palestine,5/23/2021,0,0,0,0
Asia,Palestine,5/30/2021,0,0,0,0
Asia,Palestine,6/6/2021,0,0,0,0
Asia,Palestine,6/13/2021,658075,408803,0,378
Asia,Palestine,6/20/2021,0,0,0,0
Asia,Palestine,6/27/2021,824170,482695,0,1954
Asia,Palestine,7/4/2021,888480,516404,0,625
Asia,Palestine,7/11/2021,930862,541673,0,219
Asia,Palestine,7/18/2021,969341,568289,0,3120
Asia,Palestine,7/25/2021,977455,572910,0,0
Asia,Palestine,8/1/2021,1007560,591603,0,77
Asia,Palestine,8/8/2021,1032389,608840,0,894
Asia,Palestine,8/15/2021,1066238,637963,0,3052
Asia,Palestine,8/22/2021,1135267,698305,0,4622
Asia,Palestine,8/29/2021,1295929,843525,0,28606
Asia,Palestine,9/5/2021,1568834,1101246,0,15449
Asia,Palestine,9/12/2021,1716269,1209530,0,13369
Asia,Palestine,9/19/2021,1857274,1292634,0,0
Asia,Palestine,9/26/2021,2042005,1362184,0,7968
Asia,Palestine,10/3/2021,2194985,1416215,0,0
Asia,Palestine,10/10/2021,2301812,0,1176037,0
Asia,Palestine,10/17/2021,0,0,0,0
Asia,Palestine,10/24/2021,0,0,0,0
Asia,Palestine,10/31/2021,0,0,0,0
Asia,Palestine,11/7/2021,0,0,0,0
Asia,Palestine,11/14/2021,0,0,0,0
Asia,Palestine,11/21/2021,0,0,0,0
Asia,Palestine,11/28/2021,0,0,0,0
Asia,Palestine,12/5/2021,0,0,0,0
Asia,Palestine,12/12/2021,0,0,0,0
Asia,Palestine,12/19/2021,0,0,0,0
Asia,Palestine,12/26/2021,0,0,0,0
Asia,Palestine,1/2/2022,0,0,0,0
Asia,Palestine,1/9/2022,0,0,0,0
Asia,Palestine,1/16/2022,0,0,0,0
Asia,Palestine,1/23/2022,0,0,0,0
Asia,Palestine,1/30/2022,0,0,0,0
Asia,Palestine,2/6/2022,0,0,0,0
Asia,Palestine,2/13/2022,0,0,0,0
Asia,Palestine,2/20/2022,0,0,0,0
Asia,Palestine,2/27/2022,0,0,0,0
Asia,Palestine,3/6/2022,3609984,1979151,1716216,0
Asia,Palestine,3/13/2022,0,0,0,0
Asia,Palestine,3/20/2022,0,0,0,0
Asia,Palestine,3/27/2022,0,0,0,0
Asia,Palestine,4/10/2022,3712897,2000543,1765399,0
Asia,Palestine,4/17/2022,3716803,2001341,1767508,0
Asia,Palestine,5/15/2022,3721894,2002811,1769209,0
Asia,Palestine,5/22/2022,3723499,2003622,1769425,0
Asia,Palestine,7/3/2022,0,0,0,0
Asia,Palestine,7/10/2022,0,0,0,0
Asia,Palestine,7/17/2022,0,0,0,0
Asia,Palestine,7/24/2022,0,0,0,0
Asia,Palestine,7/31/2022,0,0,0,0
Asia,Palestine,8/7/2022,0,0,0,0
Asia,Palestine,8/14/2022,0,0,0,0
Asia,Palestine,8/28/2022,0,0,0,0
Asia,Palestine,9/4/2022,0,0,0,0
Asia,Palestine,9/11/2022,0,0,0,0
Asia,Palestine,9/25/2022,0,0,0,0
Asia,Philippines,1/3/2021,0,0,0,0
Asia,Philippines,1/10/2021,0,0,0,0
Asia,Philippines,1/17/2021,0,0,0,0
Asia,Philippines,1/24/2021,0,0,0,0
Asia,Philippines,1/31/2021,0,0,0,0
Asia,Philippines,2/7/2021,0,0,0,0
Asia,Philippines,2/14/2021,0,0,0,0
Asia,Philippines,2/21/2021,0,0,0,0
Asia,Philippines,2/28/2021,0,0,0,0
Asia,Philippines,3/7/2021,29266,29266,0,4128
Asia,Philippines,3/14/2021,0,0,0,0
Asia,Philippines,3/21/2021,0,0,0,0
Asia,Philippines,3/28/2021,0,0,0,0
Asia,Philippines,4/4/2021,0,0,0,0
Asia,Philippines,4/11/2021,1139644,1007356,132288,0
Asia,Philippines,4/18/2021,1477757,1279223,198534,20964
Asia,Philippines,4/25/2021,0,0,0,0
Asia,Philippines,5/2/2021,0,0,0,0
Asia,Philippines,5/9/2021,2408781,1957511,451270,13287
Asia,Philippines,5/16/2021,3001875,2282273,719602,80679
Asia,Philippines,5/23/2021,4169905,0,0,72480
Asia,Philippines,5/30/2021,5180721,3974350,1206371,0
Asia,Philippines,6/6/2021,5965651,4421319,1544332,58396
Asia,Philippines,6/13/2021,6948549,5068855,1879694,78495
Asia,Philippines,6/20/2021,8407342,6253400,2153942,184583
Asia,Philippines,6/27/2021,10065414,7538128,2527286,0
Asia,Philippines,7/4/2021,11708029,8839124,2868905,0
Asia,Philippines,7/11/2021,13122277,9657361,3464916,179913
Asia,Philippines,7/18/2021,0,0,0,0
Asia,Philippines,7/25/2021,17066135,11082020,5984115,0
Asia,Philippines,8/1/2021,0,0,0,0
Asia,Philippines,8/8/2021,24990042,13375452,11614590,0
Asia,Philippines,8/15/2021,27806881,18697647,12565017,0
Asia,Philippines,8/22/2021,30389160,0,13130485,0
Asia,Philippines,8/29/2021,33099392,0,13784681,0
Asia,Philippines,9/5/2021,35838964,0,15033354,0
Asia,Philippines,9/12/2021,38746501,0,16794545,0
Asia,Philippines,9/19/2021,41414015,0,18560409,0
Asia,Philippines,9/26/2021,43933886,0,20307122,0
Asia,Philippines,10/3/2021,46380460,0,21800974,0
Asia,Philippines,10/10/2021,49673491,0,23186969,0
Asia,Philippines,10/17/2021,52303905,0,24307903,0
Asia,Philippines,10/24/2021,55715693,0,25711980,0
Asia,Philippines,10/31/2021,59316764,0,27360873,0
Asia,Philippines,11/7/2021,64195936,0,0,0
Asia,Philippines,11/14/2021,69713994,0,0,0
Asia,Philippines,11/21/2021,75600808,0,33579181,0
Asia,Philippines,11/28/2021,81296947,0,35678774,0
Asia,Philippines,12/5/2021,91777433,0,38168603,0
Asia,Philippines,12/12/2021,0,0,0,0
Asia,Philippines,12/19/2021,100907667,0,43534136,0
Asia,Philippines,12/26/2021,105412678,0,47169454,0
Asia,Philippines,1/2/2022,0,0,0,0
Asia,Philippines,1/9/2022,113364030,0,52393229,0
Asia,Philippines,1/16/2022,118944887,0,55195486,0
Asia,Philippines,1/23/2022,123365808,0,57268257,0
Asia,Philippines,1/30/2022,0,0,0,0
Asia,Philippines,2/6/2022,0,0,0,0
Asia,Philippines,2/13/2022,0,0,0,0
Asia,Philippines,2/20/2022,0,0,0,0
Asia,Philippines,2/27/2022,0,0,0,0
Asia,Philippines,3/6/2022,0,0,0,0
Asia,Philippines,3/13/2022,137351822,0,63992620,0
Asia,Philippines,3/20/2022,0,0,0,0
Asia,Philippines,3/27/2022,0,0,0,0
Asia,Philippines,4/3/2022,0,0,0,0
Asia,Philippines,4/10/2022,0,0,0,0
Asia,Philippines,4/17/2022,0,0,0,0
Asia,Philippines,4/24/2022,0,0,0,0
Asia,Philippines,5/1/2022,0,0,0,0
Asia,Philippines,5/8/2022,0,0,0,0
Asia,Philippines,5/15/2022,0,0,0,0
Asia,Philippines,5/22/2022,0,0,0,0
Asia,Philippines,6/5/2022,150995394,74634409,70009042,0
Asia,Philippines,6/12/2022,151919132,74959001,70251531,0
Asia,Philippines,6/19/2022,0,0,0,0
Asia,Philippines,6/26/2022,0,0,0,0
Asia,Philippines,7/3/2022,0,0,0,0
Asia,Philippines,7/10/2022,0,0,0,0
Asia,Philippines,7/17/2022,0,0,0,0
Asia,Philippines,7/24/2022,0,0,0,0
Asia,Philippines,7/31/2022,0,0,0,0
Asia,Philippines,8/7/2022,0,0,0,0
Asia,Philippines,8/14/2022,0,0,0,0
Asia,Philippines,8/21/2022,0,0,0,0
Asia,Philippines,8/28/2022,0,0,0,0
Asia,Philippines,9/4/2022,0,0,0,0
Asia,Philippines,9/11/2022,0,0,0,0
Asia,Philippines,9/18/2022,0,0,0,0
Asia,Philippines,9/25/2022,0,0,0,0
Asia,Philippines,10/2/2022,0,0,0,0
Asia,Philippines,10/9/2022,0,0,0,0
Asia,Philippines,10/16/2022,0,0,0,0
Asia,Philippines,10/23/2022,0,0,0,0
Asia,Philippines,10/30/2022,0,0,0,0
Asia,Philippines,11/6/2022,0,0,0,0
Asia,Philippines,11/13/2022,0,0,0,0
Asia,Philippines,11/20/2022,0,0,0,0
Asia,Philippines,11/27/2022,0,0,0,0
Asia,Philippines,12/4/2022,0,0,0,0
Asia,Philippines,12/11/2022,0,0,0,0
Asia,Philippines,12/18/2022,0,0,0,0
Asia,Philippines,12/25/2022,0,0,0,0
Asia,Philippines,1/1/2023,0,0,0,0
Asia,Qatar,1/3/2021,0,0,0,0
Asia,Qatar,1/10/2021,0,0,0,0
Asia,Qatar,1/24/2021,0,0,0,0
Asia,Qatar,2/7/2021,0,0,0,0
Asia,Qatar,2/14/2021,0,0,0,0
Asia,Qatar,2/21/2021,0,0,0,0
Asia,Qatar,2/28/2021,0,0,0,0
Asia,Qatar,3/7/2021,327000,0,0,0
Asia,Qatar,3/14/2021,0,0,0,0
Asia,Qatar,3/21/2021,594613,0,0,0
Asia,Qatar,3/28/2021,740309,0,0,19073
Asia,Qatar,4/4/2021,910851,0,0,21649
Asia,Qatar,4/11/2021,1079776,0,0,17526
Asia,Qatar,4/18/2021,1248229,0,0,23119
Asia,Qatar,4/25/2021,1415761,0,0,20980
Asia,Qatar,5/2/2021,1603913,1017019,586894,24911
Asia,Qatar,5/9/2021,1813240,1115842,697398,26080
Asia,Qatar,5/16/2021,2035475,1190700,844775,33457
Asia,Qatar,5/23/2021,2293240,1321233,972007,0
Asia,Qatar,5/30/2021,2514585,1443882,1070703,22947
Asia,Qatar,6/6/2021,2676239,1541863,1134376,19544
Asia,Qatar,6/13/2021,2795091,1587414,1207677,14175
Asia,Qatar,6/20/2021,2886323,1620571,1265752,9814
Asia,Qatar,6/27/2021,3041661,1676351,1365310,32839
Asia,Qatar,7/4/2021,3249265,1760633,1488632,22957
Asia,Qatar,7/11/2021,3396963,1849825,1547138,6657
Asia,Qatar,7/25/2021,0,0,0,0
Asia,Qatar,8/1/2021,3804298,2065408,1738890,23830
Asia,Qatar,8/29/2021,4413329,2318916,2094413,43745
Asia,Qatar,9/12/2021,4587397,0,0,8797
Asia,Qatar,10/3/2021,4724998,0,0,2719
Asia,Qatar,10/10/2021,4767210,0,0,6334
Asia,Qatar,10/17/2021,4790350,0,0,2990
Asia,Qatar,10/31/2021,4834881,0,0,2858
Asia,Qatar,11/7/2021,4856503,0,0,2004
Asia,Qatar,12/12/2021,0,0,0,0
Asia,Qatar,12/19/2021,5114157,0,0,5427
Asia,Qatar,1/2/2022,5213945,0,0,4308
Asia,Qatar,1/16/2022,5412717,0,0,3413
Asia,Qatar,1/23/2022,0,0,0,0
Asia,Qatar,1/30/2022,5783563,0,0,6167
Asia,Qatar,2/6/2022,0,0,0,0
Asia,Qatar,2/13/2022,6084258,0,0,12420
Asia,Qatar,2/20/2022,6201271,0,0,2864
Asia,Qatar,2/27/2022,6306789,0,0,3217
Asia,Qatar,3/6/2022,6398889,0,0,1724
Asia,Qatar,3/13/2022,6476114,0,0,1811
Asia,Qatar,3/20/2022,6543862,0,0,5147
Asia,Qatar,6/19/2022,0,0,0,0
Asia,Qatar,7/3/2022,0,0,0,0
Asia,Qatar,7/17/2022,7280398,2738600,2738600,0
Asia,Qatar,7/31/2022,0,0,0,0
Asia,Qatar,9/11/2022,7438750,2785749,2785749,0
Asia,Qatar,10/23/2022,0,0,0,0
Asia,Qatar,11/27/2022,7597911,2849216,2849216,0
Asia,Saudi Arabia,1/3/2021,0,0,0,0
Asia,Saudi Arabia,1/10/2021,0,0,0,0
Asia,Saudi Arabia,1/17/2021,0,0,0,0
Asia,Saudi Arabia,1/24/2021,0,0,0,0
Asia,Saudi Arabia,1/31/2021,0,0,0,0
Asia,Saudi Arabia,2/7/2021,0,0,0,0
Asia,Saudi Arabia,2/14/2021,0,0,0,0
Asia,Saudi Arabia,2/21/2021,0,0,0,0
Asia,Saudi Arabia,2/28/2021,0,0,0,0
Asia,Saudi Arabia,3/7/2021,1332740,0,0,0
Asia,Saudi Arabia,3/14/2021,2232110,0,0,149330
Asia,Saudi Arabia,3/21/2021,3194715,0,0,188296
Asia,Saudi Arabia,3/28/2021,4132630,0,0,129153
Asia,Saudi Arabia,4/4/2021,5000120,0,0,122678
Asia,Saudi Arabia,4/11/2021,6287432,0,0,155308
Asia,Saudi Arabia,4/18/2021,7190402,0,0,198160
Asia,Saudi Arabia,4/25/2021,8263836,0,0,204079
Asia,Saudi Arabia,5/2/2021,9655519,0,0,166607
Asia,Saudi Arabia,5/9/2021,10629320,0,0,187466
Asia,Saudi Arabia,5/16/2021,11668767,0,0,179409
Asia,Saudi Arabia,5/23/2021,12882532,0,0,90751
Asia,Saudi Arabia,5/30/2021,14043763,0,0,215516
Asia,Saudi Arabia,6/6/2021,14977476,0,0,134280
Asia,Saudi Arabia,6/13/2021,15836419,0,0,129695
Asia,Saudi Arabia,6/20/2021,16649095,0,0,100921
Asia,Saudi Arabia,6/27/2021,17339253,15894166,1445087,122137
Asia,Saudi Arabia,7/4/2021,18460462,16705096,1755366,140034
Asia,Saudi Arabia,7/11/2021,19825792,17518976,2306816,238827
Asia,Saudi Arabia,7/18/2021,22646489,18441597,4204892,383410
Asia,Saudi Arabia,7/25/2021,24688885,18443639,6245246,374651
Asia,Saudi Arabia,8/1/2021,27322817,18979146,8343671,455061
Asia,Saudi Arabia,8/8/2021,29951707,20028555,9923152,349974
Asia,Saudi Arabia,8/15/2021,31965789,20809009,11156780,311583
Asia,Saudi Arabia,8/22/2021,34103119,21437649,12665470,368045
Asia,Saudi Arabia,8/29/2021,36519290,22061992,14457298,492201
Asia,Saudi Arabia,9/5/2021,38069150,22440020,15629130,233934
Asia,Saudi Arabia,9/12/2021,39606175,22784983,16821192,254382
Asia,Saudi Arabia,9/19/2021,40888055,23092903,17795152,189981
Asia,Saudi Arabia,9/26/2021,41641404,23267880,18373524,150721
Asia,Saudi Arabia,10/3/2021,42435821,23460621,18975200,170440
Asia,Saudi Arabia,10/10/2021,43615548,23684473,19931075,279885
Asia,Saudi Arabia,10/17/2021,44652849,23912323,20740526,131074
Asia,Saudi Arabia,10/24/2021,45266839,24084544,21182295,94651
Asia,Saudi Arabia,10/31/2021,45720862,24208729,21512133,79329
Asia,Saudi Arabia,11/7/2021,0,0,0,0
Asia,Saudi Arabia,11/14/2021,46743789,24410797,22022105,71248
Asia,Saudi Arabia,11/21/2021,47061187,24506864,22223093,47946
Asia,Saudi Arabia,11/28/2021,47309172,24581780,22380259,15910
Asia,Saudi Arabia,12/5/2021,47701071,24684104,22620922,73680
Asia,Saudi Arabia,12/12/2021,48088092,24786057,22801826,64922
Asia,Saudi Arabia,12/19/2021,48381592,24872178,22935782,58637
Asia,Saudi Arabia,12/26/2021,49700201,24958879,23078491,276953
Asia,Saudi Arabia,1/2/2022,51262028,25038977,23215439,230379
Asia,Saudi Arabia,1/9/2022,52689404,25120095,23346936,220987
Asia,Saudi Arabia,1/16/2022,53990391,25206693,23469793,187879
Asia,Saudi Arabia,1/23/2022,55449797,25394077,23568074,0
Asia,Saudi Arabia,1/30/2022,0,0,0,0
Asia,Saudi Arabia,2/6/2022,58565764,25665576,23808373,182143
Asia,Saudi Arabia,2/13/2022,59508036,25771538,23938736,145639
Asia,Saudi Arabia,2/20/2022,60268103,25865793,24067583,117180
Asia,Saudi Arabia,2/27/2022,60840610,25943822,24177054,80412
Asia,Saudi Arabia,3/6/2022,0,0,0,0
Asia,Saudi Arabia,3/13/2022,0,0,0,0
Asia,Saudi Arabia,3/20/2022,0,0,0,0
Asia,Saudi Arabia,3/27/2022,0,0,0,0
Asia,Saudi Arabia,4/3/2022,0,0,0,0
Asia,Saudi Arabia,4/10/2022,0,0,0,0
Asia,Saudi Arabia,4/17/2022,0,0,0,0
Asia,Saudi Arabia,4/24/2022,0,0,0,0
Asia,Saudi Arabia,5/1/2022,0,0,0,0
Asia,Saudi Arabia,5/8/2022,0,0,0,0
Asia,Saudi Arabia,5/15/2022,0,0,0,0
Asia,Saudi Arabia,5/22/2022,0,0,0,0
Asia,Saudi Arabia,5/29/2022,0,0,0,0
Asia,Saudi Arabia,6/5/2022,0,0,0,0
Asia,Saudi Arabia,6/12/2022,0,0,0,0
Asia,Saudi Arabia,6/19/2022,0,0,0,0
Asia,Saudi Arabia,6/26/2022,0,0,0,0
Asia,Saudi Arabia,7/3/2022,0,0,0,0
Asia,Saudi Arabia,7/10/2022,0,0,0,0
Asia,Saudi Arabia,7/17/2022,0,0,0,0
Asia,Saudi Arabia,7/24/2022,0,0,0,0
Asia,Saudi Arabia,7/31/2022,0,0,0,0
Asia,Saudi Arabia,8/7/2022,0,0,0,0
Asia,Saudi Arabia,8/14/2022,0,0,0,0
Asia,Saudi Arabia,8/21/2022,0,0,0,0
Asia,Saudi Arabia,8/28/2022,0,0,0,0
Asia,Saudi Arabia,9/4/2022,0,0,0,0
Asia,Saudi Arabia,9/11/2022,0,0,0,0
Asia,Saudi Arabia,9/18/2022,0,0,0,0
Asia,Saudi Arabia,9/25/2022,0,0,0,0
Asia,Saudi Arabia,10/2/2022,0,0,0,0
Asia,Saudi Arabia,10/9/2022,0,0,0,0
Asia,Saudi Arabia,10/16/2022,0,0,0,0
Asia,Saudi Arabia,10/23/2022,0,0,0,0
Asia,Saudi Arabia,10/30/2022,0,0,0,0
Asia,Saudi Arabia,11/6/2022,0,0,0,0
Asia,Saudi Arabia,11/13/2022,0,0,0,0
Asia,Saudi Arabia,11/20/2022,0,0,0,0
Asia,Saudi Arabia,11/27/2022,0,0,0,0
Asia,Saudi Arabia,12/4/2022,0,0,0,0
Asia,Saudi Arabia,12/11/2022,0,0,0,0
Asia,Saudi Arabia,12/18/2022,0,0,0,0
Asia,Saudi Arabia,12/25/2022,0,0,0,0
Asia,Saudi Arabia,1/1/2023,0,0,0,0
Asia,Singapore,5/2/2021,2809417,1644812,1145755,37151
Asia,Singapore,5/23/2021,3648905,2056226,1570552,43383
Asia,Singapore,5/30/2021,3970212,2235389,1711603,38582
Asia,Singapore,6/13/2021,4624365,2643530,1955487,40006
Asia,Singapore,6/27/2021,5325059,3222888,2075157,53788
Asia,Singapore,7/25/2021,7236270,4263753,2938466,62646
Asia,Singapore,8/8/2021,8184980,4417337,3729044,62075
Asia,Singapore,8/15/2021,8533614,4492195,4001054,38370
Asia,Singapore,8/22/2021,8703782,4546158,4116050,14046
Asia,Singapore,8/29/2021,8830856,4583681,4204631,12508
Asia,Singapore,9/12/2021,9037734,4643403,4349804,10117
Asia,Singapore,9/19/2021,9146099,4667130,4394452,15539
Asia,Singapore,9/26/2021,9322806,4689231,4433691,23402
Asia,Singapore,10/3/2021,9524846,4707960,4464711,24077
Asia,Singapore,10/10/2021,9715691,4728581,4493599,33533
Asia,Singapore,10/17/2021,9913200,4749976,4518161,15156
Asia,Singapore,10/24/2021,10070883,4763184,4540458,12780
Asia,Singapore,10/31/2021,10250661,4775979,4565261,19123
Asia,Singapore,11/7/2021,10408946,4786795,4586544,17585
Asia,Singapore,11/14/2021,10593783,4798669,4605375,20509
Asia,Singapore,11/21/2021,10760137,4808341,4620215,19992
Asia,Singapore,11/28/2021,10908147,4816703,4633576,16869
Asia,Singapore,12/5/2021,11053671,4823770,4647258,16452
Asia,Singapore,12/12/2021,11195751,4828913,4659268,15899
Asia,Singapore,12/19/2021,11365282,4832860,4669340,20918
Asia,Singapore,12/26/2021,11569495,4836333,4677879,44373
Asia,Singapore,1/2/2022,11844509,4866778,4685915,48425
Asia,Singapore,1/9/2022,12192458,4917533,4692596,50914
Asia,Singapore,1/16/2022,12511601,4966428,4698575,40420
Asia,Singapore,1/23/2022,12761141,5003770,4718046,31122
Asia,Singapore,1/30/2022,12989518,5029124,4757218,25770
Asia,Singapore,2/6/2022,13141970,5045309,4791649,27723
Asia,Singapore,2/13/2022,13390230,5059922,4839537,35124
Asia,Singapore,2/20/2022,13575656,5075111,4876624,22710
Asia,Singapore,2/27/2022,13709077,5087498,4904052,17051
Asia,Singapore,3/6/2022,13801805,5093258,4919866,9912
Asia,Singapore,3/13/2022,13883433,5097863,4937652,11907
Asia,Singapore,3/20/2022,13961020,5102487,4959854,8672
Asia,Singapore,3/27/2022,14021186,5105537,4975619,8471
Asia,Singapore,4/3/2022,14077616,5107581,4990122,6899
Asia,Singapore,4/10/2022,14128230,5109909,5001573,7045
Asia,Singapore,4/17/2022,14171065,5111540,5010487,5908
Asia,Singapore,4/24/2022,14214952,5113345,5018468,6379
Asia,Singapore,5/1/2022,14256683,5114835,5025103,775
Asia,Singapore,5/8/2022,14295493,5115922,5030562,4895
Asia,Singapore,5/15/2022,14334822,5116918,5038177,688
Asia,Singapore,5/22/2022,14383680,5118366,5050061,5852
Asia,Singapore,5/29/2022,14426692,5119911,5056880,6407
Asia,Singapore,6/5/2022,14461374,5121493,5062676,3616
Asia,Singapore,6/12/2022,14486240,5122636,5066408,2716
Asia,Singapore,6/19/2022,14506965,5123714,5069423,2322
Asia,Singapore,6/26/2022,14530374,5125011,5073458,2200
Asia,Singapore,7/3/2022,14549280,5125974,5075347,902
Asia,Singapore,7/10/2022,14564497,5126889,5076537,312
Asia,Singapore,7/17/2022,14577912,5127635,5077540,918
Asia,Singapore,7/24/2022,14591991,5128612,5078751,761
Asia,Singapore,7/31/2022,14605033,5129507,5079904,581
Asia,Singapore,8/7/2022,14617055,5130451,5081050,708
Asia,Singapore,8/14/2022,14627133,5131177,5082140,442
Asia,Singapore,8/21/2022,14639168,5131797,5083235,882
Asia,Singapore,8/28/2022,14651403,5132287,5084559,785
Asia,Singapore,9/4/2022,14663230,5132930,5086085,767
Asia,Singapore,9/11/2022,14674238,5133626,5087668,460
Asia,Singapore,9/18/2022,14682580,5134159,5088660,480
Asia,Singapore,9/25/2022,14690204,5134607,5089610,542
Asia,Singapore,10/2/2022,14697428,5135115,5090465,445
Asia,Singapore,10/9/2022,14705066,5135677,5091398,403
Asia,Singapore,10/16/2022,14712894,5136269,5092313,384
Asia,Singapore,10/23/2022,14723374,5136945,5093387,760
Asia,Singapore,10/30/2022,0,5139736,5095346,0
Asia,Singapore,11/6/2022,0,5142485,5097722,0
Asia,Singapore,11/13/2022,0,5145329,5100308,0
Asia,Singapore,11/20/2022,0,5147598,5102563,0
Asia,Singapore,11/27/2022,0,5150065,5104998,0
Asia,Singapore,12/4/2022,0,5152037,5106951,0
Asia,Singapore,12/11/2022,0,5153655,5108513,0
Asia,Singapore,12/18/2022,0,5154926,5110541,0
Asia,Singapore,12/25/2022,0,5156005,5112613,0
Asia,South Korea,1/3/2021,0,0,0,0
Asia,South Korea,1/10/2021,0,0,0,0
Asia,South Korea,1/17/2021,0,0,0,0
Asia,South Korea,1/24/2021,0,0,0,0
Asia,South Korea,1/31/2021,0,0,0,0
Asia,South Korea,2/7/2021,0,0,0,0
Asia,South Korea,2/14/2021,0,0,0,0
Asia,South Korea,2/21/2021,0,0,0,0
Asia,South Korea,2/28/2021,53465,41948,11723,1140
Asia,South Korea,3/7/2021,355881,338726,13848,2518
Asia,South Korea,3/14/2021,636313,616490,16811,1891
Asia,South Korea,3/21/2021,737520,714866,22926,1265
Asia,South Korea,3/28/2021,864185,819921,31465,1137
Asia,South Korea,4/4/2021,1059560,966806,58273,1539
Asia,South Korea,4/11/2021,1303855,1154906,103776,1698
Asia,South Korea,4/18/2021,1678810,1502510,112787,6123
Asia,South Korea,4/25/2021,2485750,2231751,162125,8203
Asia,South Korea,5/2/2021,3761718,3335949,295824,3782
Asia,South Korea,5/9/2021,4334199,3625780,560776,6599
Asia,South Korea,5/16/2021,4837101,3688329,980722,7374
Asia,South Korea,5/23/2021,5720375,3757625,1764362,4296
Asia,South Korea,5/30/2021,7742053,5350571,2157881,6955
Asia,South Korea,6/6/2021,10083912,7516658,2297464,4805
Asia,South Korea,6/13/2021,14487421,11723927,3021356,30224
Asia,South Korea,6/20/2021,18187621,14892876,4038709,3555
Asia,South Korea,6/27/2021,19050317,15162046,4608384,2937
Asia,South Korea,7/4/2021,19810340,15232583,5276375,2672
Asia,South Korea,7/11/2021,20624381,15483779,5832094,3418
Asia,South Korea,7/18/2021,21882169,16038895,6527724,4767
Asia,South Korea,7/25/2021,22976534,16815338,6841548,3700
Asia,South Korea,8/1/2021,25842962,19389271,7127722,30384
Asia,South Korea,8/8/2021,27903526,20857896,7712303,32226
Asia,South Korea,8/15/2021,31397602,22311081,9731168,25505
Asia,South Korea,8/22/2021,36762084,25830365,11550723,43846
Asia,South Korea,8/29/2021,42497290,28549447,14590343,31023
Asia,South Korea,9/5/2021,46916025,29914239,17712324,15289
Asia,South Korea,9/12/2021,52318895,33062794,20024236,45706
Asia,South Korea,9/19/2021,57650395,36374433,22087280,47962
Asia,South Korea,9/26/2021,60297927,37958860,23157574,50515
Asia,South Korea,10/3/2021,65678755,39574902,26929173,37394
Asia,South Korea,10/10/2021,69301687,39780000,30345452,21270
Asia,South Korea,10/17/2021,72510009,40248013,33077864,21705
Asia,South Korea,10/24/2021,75687126,40608470,35873217,20757
Asia,South Korea,10/31/2021,78788341,40969846,38552271,24694
Asia,South Korea,11/7/2021,80077421,41341315,39191526,7574
Asia,South Korea,11/14/2021,81964211,41774591,39952201,8246
Asia,South Korea,11/21/2021,83392990,42040913,40336629,6053
Asia,South Korea,11/28/2021,85096784,42304372,40734764,6035
Asia,South Korea,12/5/2021,86794544,42462228,41165058,7977
Asia,South Korea,12/12/2021,89795330,42724302,41493938,12654
Asia,South Korea,12/19/2021,95863664,43226028,41845014,38281
Asia,South Korea,12/26/2021,100208937,43686506,42060291,31108
Asia,South Korea,1/2/2022,104021841,43965267,42326464,22317
Asia,South Korea,1/9/2022,107194291,44116535,42803792,22218
Asia,South Korea,1/16/2022,110097281,44230298,43266675,21506
Asia,South Korea,1/23/2022,112351977,44304009,43551942,16610
Asia,South Korea,1/30/2022,114583047,44364469,43731890,27037
Asia,South Korea,2/6/2022,115667255,44398293,43840854,13506
Asia,South Korea,2/13/2022,117055996,44437767,43938277,10040
Asia,South Korea,2/20/2022,118209762,44494242,44007313,9224
Asia,South Korea,2/27/2022,119196404,44534605,44053550,6891
Asia,South Korea,3/6/2022,119730949,44550421,44084242,2106
Asia,South Korea,3/13/2022,120169348,44582998,44122189,1021
Asia,South Korea,3/20/2022,120552268,44600577,44143087,690
Asia,South Korea,3/27/2022,120882941,44612616,44153377,675
Asia,South Korea,4/3/2022,121140365,44638665,44175172,431
Asia,South Korea,4/10/2022,121317458,44659813,44188433,277
Asia,South Korea,4/17/2022,121552835,44672632,44198642,371
Asia,South Korea,4/24/2022,122024678,44681481,44208463,620
Asia,South Korea,5/1/2022,123383182,44689524,44217537,1217
Asia,South Korea,5/8/2022,124204059,44694637,44223760,665
Asia,South Korea,5/15/2022,124853038,44699433,44229985,529
Asia,South Korea,5/22/2022,125248622,44703202,44235733,348
Asia,South Korea,5/29/2022,125533401,44706952,44249719,310
Asia,South Korea,6/5/2022,125697966,44710100,44263451,177
Asia,South Korea,6/12/2022,125807564,44712367,44273626,145
Asia,South Korea,6/19/2022,125899660,44714447,44281194,81
Asia,South Korea,6/26/2022,125979605,44716372,44287342,111
Asia,South Korea,7/3/2022,126055898,44718253,44291788,90
Asia,South Korea,7/10/2022,126158808,44720365,44295957,154
Asia,South Korea,7/17/2022,126345538,44722923,44299582,266
Asia,South Korea,7/24/2022,126893961,44726914,44303502,863
Asia,South Korea,7/31/2022,127318099,44730130,44306720,482
Asia,South Korea,8/7/2022,127939312,44733647,44309598,1107
Asia,South Korea,8/14/2022,128387950,44736976,44312486,677
Asia,South Korea,8/21/2022,128696087,44740271,44314815,676
Asia,South Korea,8/28/2022,128938350,44743126,44317281,342
Asia,South Korea,9/4/2022,129091830,44745241,44319520,211
Asia,South Korea,9/11/2022,129155878,44746544,44320850,34
Asia,South Korea,9/18/2022,129232081,44748194,44323928,152
Asia,South Korea,9/25/2022,129300704,44749657,44326381,88
Asia,South Korea,10/2/2022,129355417,44750934,44328952,102
Asia,South Korea,10/9/2022,129392663,44752017,44331234,77
Asia,South Korea,10/16/2022,129425221,44753125,44333562,65
Asia,South Korea,10/23/2022,129464413,44754453,44335853,104
Asia,South Korea,10/30/2022,129504006,44755839,44337777,98
Asia,South Korea,11/6/2022,129536774,44757080,44339232,69
Asia,South Korea,11/13/2022,129564441,44758383,44340817,86
Asia,South Korea,11/20/2022,129590739,44759809,44342437,100
Asia,South Korea,11/27/2022,129615235,44761536,44344075,111
Asia,South Korea,12/4/2022,129633453,44763238,44345607,99
Asia,South Korea,12/11/2022,129646007,44764703,44347180,68
Asia,South Korea,12/18/2022,0,44766178,44348799,0
Asia,South Korea,12/25/2022,0,44767526,44350281,0
Asia,South Korea,1/1/2023,0,44768987,44351864,0
Asia,Sri Lanka,1/3/2021,0,0,0,0
Asia,Sri Lanka,1/10/2021,0,0,0,0
Asia,Sri Lanka,1/17/2021,0,0,0,0
Asia,Sri Lanka,1/24/2021,0,0,0,0
Asia,Sri Lanka,1/31/2021,59154,59154,0,21329
Asia,Sri Lanka,2/7/2021,161773,161773,0,1625
Asia,Sri Lanka,2/14/2021,189349,189349,0,2695
Asia,Sri Lanka,2/21/2021,338769,338769,0,35912
Asia,Sri Lanka,2/28/2021,466350,466350,0,24374
Asia,Sri Lanka,3/7/2021,729562,729562,0,5284
Asia,Sri Lanka,3/14/2021,773011,773011,0,2603
Asia,Sri Lanka,3/21/2021,829865,829865,0,645
Asia,Sri Lanka,3/28/2021,894053,894053,0,9889
Asia,Sri Lanka,4/4/2021,924479,924479,0,0
Asia,Sri Lanka,4/11/2021,925242,925242,0,0
Asia,Sri Lanka,4/18/2021,0,0,0,0
Asia,Sri Lanka,4/25/2021,0,0,0,0
Asia,Sri Lanka,5/2/2021,1016195,928107,88088,24896
Asia,Sri Lanka,5/9/2021,1125740,928400,197340,0
Asia,Sri Lanka,5/16/2021,1541761,1273861,267900,0
Asia,Sri Lanka,5/23/2021,1765378,1437147,328231,16012
Asia,Sri Lanka,5/30/2021,1872990,1526750,346240,21989
Asia,Sri Lanka,6/6/2021,2296864,1943708,353156,24604
Asia,Sri Lanka,6/13/2021,2769383,2259385,509998,136677
Asia,Sri Lanka,6/20/2021,3261432,2455180,806252,43614
Asia,Sri Lanka,6/27/2021,0,0,0,0
Asia,Sri Lanka,7/4/2021,4186533,2951245,1235288,63704
Asia,Sri Lanka,7/11/2021,5319423,3896184,1423239,186305
Asia,Sri Lanka,7/18/2021,7246983,5578909,1668074,195869
Asia,Sri Lanka,7/25/2021,8907559,7114087,1793472,468090
Asia,Sri Lanka,8/1/2021,12098889,9944683,2154206,330079
Asia,Sri Lanka,8/8/2021,13765238,10986524,2778714,194556
Asia,Sri Lanka,8/15/2021,16377810,0,0,0
Asia,Sri Lanka,8/22/2021,17709118,12088864,5620254,121430
Asia,Sri Lanka,8/29/2021,19351672,12309254,7042418,188052
Asia,Sri Lanka,9/5/2021,21840957,12703070,9137887,173138
Asia,Sri Lanka,9/12/2021,24002848,13458620,10544228,225511
Asia,Sri Lanka,9/19/2021,24803998,13749897,11054101,114916
Asia,Sri Lanka,9/26/2021,25961797,14367807,11593990,148306
Asia,Sri Lanka,10/3/2021,26423966,14570141,11853825,47157
Asia,Sri Lanka,10/10/2021,27058302,14698140,12360162,118549
Asia,Sri Lanka,10/17/2021,27545979,14777220,12768759,57738
Asia,Sri Lanka,10/24/2021,28102233,14975778,13126455,135516
Asia,Sri Lanka,10/31/2021,0,0,0,0
Asia,Sri Lanka,11/7/2021,29374502,15796673,13577829,76876
Asia,Sri Lanka,11/14/2021,29522461,15874038,13648423,42851
Asia,Sri Lanka,11/21/2021,29615961,15910650,13705311,20707
Asia,Sri Lanka,11/28/2021,29664809,15926273,13738536,0
Asia,Sri Lanka,12/5/2021,29707010,15943166,13763844,0
Asia,Sri Lanka,12/12/2021,31011543,15955985,13789006,92052
Asia,Sri Lanka,12/19/2021,32208015,15967577,13809954,86798
Asia,Sri Lanka,12/26/2021,33178074,15982016,13829115,70740
Asia,Sri Lanka,1/2/2022,33912349,15993676,13846323,21214
Asia,Sri Lanka,1/9/2022,34186959,16007724,13859887,50708
Asia,Sri Lanka,1/16/2022,34766465,16200619,13871724,67759
Asia,Sri Lanka,1/23/2022,35220490,16420801,13883259,51360
Asia,Sri Lanka,1/30/2022,35721455,16641134,13915137,88196
Asia,Sri Lanka,2/6/2022,36581500,16788517,14015145,62923
Asia,Sri Lanka,2/13/2022,36979120,16812378,14037768,6140
Asia,Sri Lanka,2/20/2022,37421302,16849327,14082672,32002
Asia,Sri Lanka,2/27/2022,0,0,0,0
Asia,Sri Lanka,3/6/2022,38454224,16928363,14208755,21362
Asia,Sri Lanka,3/13/2022,38785914,16952784,14262840,12418
Asia,Sri Lanka,3/20/2022,39061330,16990817,14374087,0
Asia,Sri Lanka,3/27/2022,0,0,0,0
Asia,Sri Lanka,4/3/2022,0,0,0,0
Asia,Sri Lanka,4/10/2022,0,0,0,0
Asia,Sri Lanka,4/17/2022,0,0,0,0
Asia,Sri Lanka,4/24/2022,0,0,0,0
Asia,Sri Lanka,5/1/2022,0,0,0,0
Asia,Sri Lanka,5/8/2022,0,0,0,0
Asia,Sri Lanka,5/15/2022,0,0,0,0
Asia,Sri Lanka,5/22/2022,0,0,0,0
Asia,Sri Lanka,5/29/2022,0,0,0,0
Asia,Sri Lanka,6/5/2022,0,0,0,0
Asia,Sri Lanka,6/12/2022,0,0,0,0
Asia,Sri Lanka,6/19/2022,0,0,0,0
Asia,Sri Lanka,6/26/2022,0,0,0,0
Asia,Sri Lanka,7/3/2022,0,0,0,0
Asia,Sri Lanka,7/10/2022,0,0,0,0
Asia,Sri Lanka,7/17/2022,0,0,0,0
Asia,Sri Lanka,7/24/2022,0,0,0,0
Asia,Sri Lanka,7/31/2022,0,0,0,0
Asia,Sri Lanka,8/7/2022,0,0,0,0
Asia,Sri Lanka,8/14/2022,0,0,0,0
Asia,Sri Lanka,8/21/2022,0,0,0,0
Asia,Sri Lanka,8/28/2022,0,0,0,0
Asia,Sri Lanka,9/4/2022,0,0,0,0
Asia,Sri Lanka,9/11/2022,39928513,17114619,14644729,0
Asia,Sri Lanka,9/18/2022,0,0,0,0
Asia,Sri Lanka,9/25/2022,39994991,17130182,14687790,0
Asia,Sri Lanka,10/2/2022,0,0,0,0
Asia,Sri Lanka,10/9/2022,40006499,17132058,14693036,0
Asia,Sri Lanka,10/16/2022,0,0,0,0
Asia,Sri Lanka,10/23/2022,0,0,0,0
Asia,Sri Lanka,10/30/2022,40116590,17143761,14752827,0
Asia,Sri Lanka,11/6/2022,0,0,0,0
Asia,Sri Lanka,11/13/2022,0,0,0,0
Asia,Sri Lanka,11/20/2022,0,0,0,0
Asia,Sri Lanka,11/27/2022,0,0,0,0
Asia,Sri Lanka,12/4/2022,0,0,0,0
Asia,Sri Lanka,12/11/2022,0,0,0,0
Asia,Sri Lanka,12/18/2022,0,0,0,0
Asia,Sri Lanka,12/25/2022,0,0,0,0
Asia,Sri Lanka,1/1/2023,0,0,0,0
Asia,Syria,1/3/2021,0,0,0,0
Asia,Syria,1/10/2021,0,0,0,0
Asia,Syria,1/17/2021,0,0,0,0
Asia,Syria,1/24/2021,0,0,0,0
Asia,Syria,1/31/2021,0,0,0,0
Asia,Syria,2/7/2021,0,0,0,0
Asia,Syria,2/14/2021,0,0,0,0
Asia,Syria,2/21/2021,0,0,0,0
Asia,Syria,2/28/2021,0,0,0,0
Asia,Syria,3/7/2021,0,0,0,0
Asia,Syria,3/14/2021,0,0,0,0
Asia,Syria,3/21/2021,0,0,0,0
Asia,Syria,3/28/2021,0,0,0,0
Asia,Syria,4/4/2021,0,0,0,0
Asia,Syria,4/11/2021,0,0,0,0
Asia,Syria,4/18/2021,0,0,0,0
Asia,Syria,4/25/2021,0,0,0,0
Asia,Syria,5/2/2021,0,0,0,0
Asia,Syria,5/9/2021,0,0,0,0
Asia,Syria,5/16/2021,0,0,0,0
Asia,Syria,5/23/2021,0,0,0,0
Asia,Syria,5/30/2021,0,0,0,0
Asia,Syria,6/6/2021,71519,71519,0,0
Asia,Syria,6/13/2021,0,0,0,0
Asia,Syria,6/20/2021,0,0,0,0
Asia,Syria,6/27/2021,0,0,0,0
Asia,Syria,7/4/2021,0,0,0,0
Asia,Syria,7/11/2021,0,0,0,0
Asia,Syria,7/18/2021,0,0,0,0
Asia,Syria,7/25/2021,0,0,0,0
Asia,Syria,8/1/2021,0,0,0,0
Asia,Syria,8/8/2021,0,0,0,0
Asia,Syria,8/15/2021,0,0,0,0
Asia,Syria,8/22/2021,388520,0,0,0
Asia,Syria,8/29/2021,0,0,0,0
Asia,Syria,9/5/2021,0,0,0,0
Asia,Syria,9/12/2021,0,0,0,0
Asia,Syria,9/19/2021,0,0,0,0
Asia,Syria,9/26/2021,0,0,0,0
Asia,Syria,10/3/2021,0,0,0,0
Asia,Syria,10/10/2021,0,0,0,0
Asia,Syria,10/17/2021,0,0,0,0
Asia,Syria,10/24/2021,0,0,0,0
Asia,Syria,10/31/2021,1125146,807249,503394,0
Asia,Syria,11/7/2021,0,0,0,0
Asia,Syria,11/14/2021,0,0,0,0
Asia,Syria,11/21/2021,0,0,0,0
Asia,Syria,11/28/2021,1422377,890837,739210,0
Asia,Syria,12/5/2021,0,0,0,0
Asia,Syria,12/12/2021,1548574,1002945,763025,0
Asia,Syria,12/19/2021,1737980,1186091,774866,0
Asia,Syria,12/26/2021,0,0,0,0
Asia,Syria,1/2/2022,0,0,0,0
Asia,Syria,1/9/2022,0,0,0,0
Asia,Syria,1/16/2022,0,0,0,0
Asia,Syria,1/23/2022,0,0,0,0
Asia,Syria,1/30/2022,0,0,0,0
Asia,Syria,2/6/2022,0,0,0,0
Asia,Syria,2/13/2022,0,0,0,0
Asia,Syria,2/20/2022,0,0,0,0
Asia,Syria,2/27/2022,0,0,0,0
Asia,Syria,3/6/2022,0,0,0,0
Asia,Syria,3/13/2022,0,0,0,0
Asia,Syria,3/20/2022,0,0,0,0
Asia,Syria,3/27/2022,3442389,2353234,1359342,0
Asia,Syria,4/3/2022,0,0,0,0
Asia,Syria,4/10/2022,0,0,0,0
Asia,Syria,4/17/2022,0,0,0,0
Asia,Syria,4/24/2022,3684389,2459791,1524341,0
Asia,Syria,8/7/2022,0,0,0,0
Asia,Syria,8/14/2022,0,0,0,0
Asia,Syria,8/21/2022,0,0,0,0
Asia,Syria,8/28/2022,0,0,0,0
Asia,Tajikistan,1/3/2021,0,0,0,0
Asia,Tajikistan,7/4/2021,322907,304039,18868,0
Asia,Tajikistan,7/11/2021,397694,377744,19950,0
Asia,Tajikistan,7/18/2021,452362,431058,21034,0
Asia,Tajikistan,7/25/2021,492066,462542,29524,0
Asia,Tajikistan,8/1/2021,806815,750514,56301,0
Asia,Tajikistan,8/8/2021,0,0,0,0
Asia,Tajikistan,8/15/2021,1830528,1699552,130976,0
Asia,Thailand,1/3/2021,0,0,0,0
Asia,Thailand,1/10/2021,0,0,0,0
Asia,Thailand,1/17/2021,0,0,0,0
Asia,Thailand,1/24/2021,0,0,0,0
Asia,Thailand,1/31/2021,0,0,0,0
Asia,Thailand,2/7/2021,0,0,0,0
Asia,Thailand,2/14/2021,0,0,0,0
Asia,Thailand,2/21/2021,0,0,0,0
Asia,Thailand,3/7/2021,0,0,0,0
Asia,Thailand,3/14/2021,0,0,0,0
Asia,Thailand,3/21/2021,0,0,0,0
Asia,Thailand,3/28/2021,0,0,0,0
Asia,Thailand,4/4/2021,257484,213948,43536,13230
Asia,Thailand,4/11/2021,570052,498791,71261,14656
Asia,Thailand,4/18/2021,618583,535925,82658,10062
Asia,Thailand,4/25/2021,1149666,972204,177462,25513
Asia,Thailand,5/2/2021,1486907,1099460,387447,2342
Asia,Thailand,5/9/2021,1809894,1296440,513454,66174
Asia,Thailand,5/16/2021,2264308,1482702,781606,0
Asia,Thailand,5/23/2021,2910664,1941565,969099,45573
Asia,Thailand,5/30/2021,3609882,2498929,1110953,61552
Asia,Thailand,6/6/2021,4218094,2855041,1363053,27591
Asia,Thailand,6/13/2021,6188124,4531914,1656210,106882
Asia,Thailand,6/20/2021,7679057,5526039,2153018,91879
Asia,Thailand,6/27/2021,9147513,6537852,2609661,92372
Asia,Thailand,7/4/2021,10777748,7804654,2973094,106851
Asia,Thailand,7/11/2021,12569213,9301407,3267806,100025
Asia,Thailand,7/18/2021,14298596,10850099,3448497,74834
Asia,Thailand,7/25/2021,15960778,12307788,3652990,90934
Asia,Thailand,8/1/2021,17866526,13955087,3911439,180552
Asia,Thailand,8/8/2021,20669780,15986354,4461861,191145
Asia,Thailand,8/15/2021,23592227,17996826,5109476,0
Asia,Thailand,8/22/2021,27038999,20430028,6065003,206820
Asia,Thailand,8/29/2021,30954477,23018371,7350348,275188
Asia,Thailand,9/5/2021,35587676,25104942,9879371,369512
Asia,Thailand,9/12/2021,40060467,27194487,12251011,428605
Asia,Thailand,9/19/2021,44485657,28893133,14971317,596230
Asia,Thailand,9/26/2021,0,0,0,0
Asia,Thailand,10/3/2021,0,0,0,0
Asia,Thailand,10/10/2021,59539624,34782627,23055555,230852
Asia,Thailand,10/17/2021,65202741,37446713,25825201,1063719
Asia,Thailand,10/24/2021,70279624,39881034,28276165,356084
Asia,Thailand,10/31/2021,75389558,42247135,30743399,695127
Asia,Thailand,11/7/2021,80221553,43914118,33719280,703581
Asia,Thailand,11/14/2021,84467731,45204553,36504141,373166
Asia,Thailand,11/21/2021,88803596,46646938,39101640,472644
Asia,Thailand,11/28/2021,92125296,47847646,40963885,467240
Asia,Thailand,12/5/2021,96066632,49473972,42733111,186106
Asia,Thailand,12/12/2021,98048414,50120675,43622643,68334
Asia,Thailand,12/19/2021,100557955,50712220,44628743,89511
Asia,Thailand,12/26/2021,103367460,51159316,45626775,90245
Asia,Thailand,1/2/2022,105185081,51413767,46322320,14571
Asia,Thailand,1/9/2022,107455519,51616647,47021789,109671
Asia,Thailand,1/16/2022,110761456,51897072,47714407,103527
Asia,Thailand,1/23/2022,113830224,52140913,48262542,109612
Asia,Thailand,1/30/2022,116483524,52360895,48666097,82791
Asia,Thailand,2/6/2022,118272165,52532520,48936217,65604
Asia,Thailand,2/13/2022,120164543,52810016,49207277,64413
Asia,Thailand,2/20/2022,121816249,53150698,49432238,72043
Asia,Thailand,2/27/2022,123629346,53559859,49661811,66813
Asia,Thailand,3/6/2022,124816308,53947793,49781999,39713
Asia,Thailand,3/13/2022,126036736,54419485,49898477,51000
Asia,Thailand,3/20/2022,127227567,54878521,50013361,39210
Asia,Thailand,3/27/2022,128617064,55292170,50137908,43182
Asia,Thailand,4/3/2022,129897113,55614791,50268562,31401
Asia,Thailand,4/10/2022,130922684,55804856,50464034,26187
Asia,Thailand,4/17/2022,131278868,55859846,50532930,12647
Asia,Thailand,4/24/2022,132271068,55991153,50887600,39188
Asia,Thailand,5/1/2022,133292376,56126997,51215739,30270
Asia,Thailand,5/8/2022,134100486,56213131,51513368,49781
Asia,Thailand,5/15/2022,134980903,56309665,51804517,32863
Asia,Thailand,5/22/2022,135941051,56401990,52151942,33996
Asia,Thailand,5/29/2022,136861243,56501647,52436458,32619
Asia,Thailand,6/5/2022,137361677,56553813,52569391,16966
Asia,Thailand,6/12/2022,137827787,56602722,52667874,12233
Asia,Thailand,6/19/2022,138251875,56647408,52759175,18617
Asia,Thailand,6/26/2022,138703609,56689861,52853014,25330
Asia,Thailand,7/3/2022,139147965,56723972,52925457,18341
Asia,Thailand,7/10/2022,139585881,56755818,52998760,24192
Asia,Thailand,7/17/2022,139892498,56771663,53028049,23026
Asia,Thailand,7/24/2022,140450387,56816114,53133878,31798
Asia,Thailand,7/31/2022,140835370,56843259,53181052,22894
Asia,Thailand,8/7/2022,141170616,56870759,53239522,17375
Asia,Thailand,8/14/2022,141438200,56889295,53274404,13674
Asia,Thailand,8/21/2022,141718448,56914848,53326437,12793
Asia,Thailand,8/28/2022,141950066,56938022,53365941,13475
Asia,Thailand,9/4/2022,142111763,56954647,53395916,6991
Asia,Thailand,9/11/2022,142241077,56967414,53417869,7694
Asia,Thailand,9/18/2022,142388934,56982011,53445978,9465
Asia,Thailand,9/25/2022,142531823,56996759,53470596,10252
Asia,Thailand,10/2/2022,0,0,0,0
Asia,Thailand,10/9/2022,0,0,0,0
Asia,Thailand,10/16/2022,0,0,0,0
Asia,Thailand,10/23/2022,0,0,0,0
Asia,Thailand,10/30/2022,0,0,0,0
Asia,Thailand,11/6/2022,0,0,0,0
Asia,Thailand,11/13/2022,0,0,0,0
Asia,Thailand,11/20/2022,0,0,0,0
Asia,Thailand,11/27/2022,0,0,0,0
Asia,Thailand,12/4/2022,0,0,0,0
Asia,Thailand,12/11/2022,0,0,0,0
Asia,Thailand,12/18/2022,0,0,0,0
Asia,Thailand,12/25/2022,0,0,0,0
Asia,Thailand,1/1/2023,0,0,0,0
Asia,Turkey,1/3/2021,0,0,0,0
Asia,Turkey,1/10/2021,0,0,0,0
Asia,Turkey,1/17/2021,706451,0,0,29548
Asia,Turkey,1/24/2021,1244653,0,0,17770
Asia,Turkey,1/31/2021,1986237,0,0,25377
Asia,Turkey,2/7/2021,2610496,0,0,8779
Asia,Turkey,2/14/2021,3825101,3336164,488937,115205
Asia,Turkey,2/21/2021,6571830,5517993,1053837,38320
Asia,Turkey,2/28/2021,8547875,6869923,1677952,33100
Asia,Turkey,3/7/2021,9917348,7524943,2392405,33741
Asia,Turkey,3/14/2021,10992095,7892795,3099300,68811
Asia,Turkey,3/21/2021,13057722,8017698,5040024,27968
Asia,Turkey,3/28/2021,0,0,0,0
Asia,Turkey,4/4/2021,16683067,9546643,7136424,80148
Asia,Turkey,4/11/2021,18494796,10907432,7587364,49442
Asia,Turkey,4/18/2021,19970215,12182430,7787785,32856
Asia,Turkey,4/25/2021,21130963,13171984,7958979,62560
Asia,Turkey,5/2/2021,23006734,13800405,9206329,107688
Asia,Turkey,5/9/2021,24918773,14585980,10332793,65420
Asia,Turkey,5/16/2021,25772743,14947740,10825003,85316
Asia,Turkey,5/23/2021,28048727,16045835,12002892,229780
Asia,Turkey,5/30/2021,28960961,16551775,12409186,158280
Asia,Turkey,6/6/2021,30857320,17699837,13157483,281258
Asia,Turkey,6/13/2021,34052689,20318690,13733999,624527
Asia,Turkey,6/20/2021,42613378,28123248,14490130,1418588
Asia,Turkey,6/27/2021,47773102,32857375,14915727,693474
Asia,Turkey,7/4/2021,53226310,36084241,15779136,746386
Asia,Turkey,7/11/2021,58155459,37811142,17350100,572035
Asia,Turkey,7/18/2021,63432446,38965125,20832201,362069
Asia,Turkey,7/25/2021,66806525,39597116,23273023,1023228
Asia,Turkey,8/1/2021,73493059,41062834,27472822,220392
Asia,Turkey,8/8/2021,76029390,41726338,28777993,355112
Asia,Turkey,8/15/2021,83338627,43946656,32807818,473130
Asia,Turkey,8/22/2021,88760525,45936819,35099244,317175
Asia,Turkey,8/29/2021,93004856,47797199,36636290,294482
Asia,Turkey,9/5/2021,97113297,49551529,38288329,352089
Asia,Turkey,9/12/2021,101748658,51536013,40305712,293904
Asia,Turkey,9/19/2021,105110950,52672498,42024517,216856
Asia,Turkey,9/26/2021,107840404,53443024,43560247,198481
Asia,Turkey,10/3/2021,110333793,54038516,45023309,173855
Asia,Turkey,10/10/2021,112360409,54497626,46245192,135057
Asia,Turkey,10/17/2021,113971512,54858848,47303190,109276
Asia,Turkey,10/24/2021,115255712,55164675,48100346,91115
Asia,Turkey,10/31/2021,116280951,55392343,48655853,70738
Asia,Turkey,11/7/2021,117378532,55625504,49190536,66812
Asia,Turkey,11/14/2021,118367035,55824402,49626098,64358
Asia,Turkey,11/21/2021,119327719,56038139,50037605,55435
Asia,Turkey,11/28/2021,120114498,56201040,50354168,56073
Asia,Turkey,12/5/2021,120910438,56371961,50653666,52898
Asia,Turkey,12/12/2021,121655651,56517947,50916147,55111
Asia,Turkey,12/19/2021,124058691,56660272,51161679,433342
Asia,Turkey,12/26/2021,128654886,56799280,51405278,305630
Asia,Turkey,1/2/2022,132215015,56936303,51638889,284540
Asia,Turkey,1/9/2022,136281040,57101293,51893771,283107
Asia,Turkey,1/16/2022,139230188,57253263,52126002,158367
Asia,Turkey,1/23/2022,140743552,57336203,52262703,77888
Asia,Turkey,1/30/2022,141778517,57407159,52375810,74716
Asia,Turkey,2/6/2022,142910046,57491657,52509065,76653
Asia,Turkey,2/13/2022,144007120,57564527,52623391,66184
Asia,Turkey,2/20/2022,144850157,57623451,52715583,50627
Asia,Turkey,2/27/2022,145537442,57675034,52797530,34150
Asia,Turkey,3/6/2022,145990177,57712192,52858604,17784
Asia,Turkey,3/13/2022,146243976,57734779,52897465,8524
Asia,Turkey,3/20/2022,146446575,57753041,52927949,10874
Asia,Turkey,3/27/2022,146762564,57770999,52959745,11255
Asia,Turkey,4/3/2022,147070173,57785259,52984321,0
Asia,Turkey,4/10/2022,147211194,57794926,52999855,5061
Asia,Turkey,4/17/2022,147333131,57804686,53014873,0
Asia,Turkey,4/24/2022,147426248,57812094,53025688,3019
Asia,Turkey,5/1/2022,147499821,57818995,53034869,1157
Asia,Turkey,5/8/2022,147542401,57823012,53040762,2193
Asia,Turkey,5/15/2022,147625535,57830726,53050727,1927
Asia,Turkey,5/22/2022,147678580,57836527,53058053,1257
Asia,Turkey,5/29/2022,147720907,57841876,53064752,1098
Asia,Turkey,6/5/2022,0,0,0,0
Asia,Turkey,6/12/2022,0,0,0,0
Asia,Turkey,6/19/2022,147797537,57853512,53081826,399
Asia,Turkey,6/26/2022,0,0,0,0
Asia,Turkey,7/3/2022,147834278,57859471,53089222,642
Asia,Turkey,7/10/2022,147875499,57861997,53092337,14190
Asia,Turkey,7/17/2022,148434633,57865181,53095812,57798
Asia,Turkey,7/24/2022,149563323,57874843,53105133,52721
Asia,Turkey,7/31/2022,150530369,57885216,53115583,34176
Asia,Turkey,8/7/2022,151133348,57893779,53124036,18418
Asia,Turkey,8/14/2022,151552957,57901432,53131375,11825
Asia,Turkey,8/21/2022,151802459,57907377,53137947,6347
Asia,Turkey,8/28/2022,151961166,57912319,53143609,3858
Asia,Turkey,9/4/2022,152059687,57916105,53148374,3136
Asia,Turkey,9/11/2022,152146127,57920266,53153091,2194
Asia,Turkey,9/18/2022,152209055,57923650,53156652,1833
Asia,Turkey,9/25/2022,152264336,57926194,53159684,1589
Asia,Turkey,10/2/2022,152318861,57928561,53162396,1308
Asia,Turkey,10/9/2022,152366798,57930884,53165045,1226
Asia,Turkey,10/16/2022,152405372,57932853,53167127,1037
Asia,Turkey,10/23/2022,152439487,57934697,53169292,855
Asia,Turkey,10/30/2022,0,0,0,0
Asia,Turkey,11/6/2022,0,0,0,0
Asia,Turkey,11/13/2022,0,0,0,0
Asia,United Arab Emirates,1/3/2021,0,0,0,0
Asia,United Arab Emirates,1/10/2021,1086568,836568,250000,66219
Asia,United Arab Emirates,1/17/2021,1882778,0,0,84852
Asia,United Arab Emirates,1/24/2021,2487784,0,0,60991
Asia,United Arab Emirates,1/31/2021,3334162,0,0,220000
Asia,United Arab Emirates,2/7/2021,4313868,0,0,112521
Asia,United Arab Emirates,2/14/2021,5055231,0,0,49967
Asia,United Arab Emirates,2/21/2021,5554342,0,0,951
Asia,United Arab Emirates,2/28/2021,6020461,0,0,5372
Asia,United Arab Emirates,3/7/2021,6273009,0,0,7149
Asia,United Arab Emirates,3/14/2021,6540912,0,0,24189
Asia,United Arab Emirates,3/21/2021,7298768,0,0,117712
Asia,United Arab Emirates,3/28/2021,8081751,0,0,122069
Asia,United Arab Emirates,4/4/2021,8578979,0,0,19688
Asia,United Arab Emirates,4/11/2021,9005444,0,0,30430
Asia,United Arab Emirates,4/18/2021,9630200,0,0,28737
Asia,United Arab Emirates,4/25/2021,10215846,0,0,0
Asia,United Arab Emirates,5/2/2021,10634693,0,0,24743
Asia,United Arab Emirates,5/9/2021,11145934,0,0,19045
Asia,United Arab Emirates,5/16/2021,11450769,0,0,2406
Asia,United Arab Emirates,5/23/2021,12165848,0,0,0
Asia,United Arab Emirates,5/30/2021,12811422,0,0,54792
Asia,United Arab Emirates,6/6/2021,13315751,0,0,21741
Asia,United Arab Emirates,6/13/2021,13808426,0,0,22763
Asia,United Arab Emirates,6/20/2021,14512626,0,0,83710
Asia,United Arab Emirates,6/27/2021,15073743,0,0,30516
Asia,United Arab Emirates,7/4/2021,15534207,0,0,29969
Asia,United Arab Emirates,7/11/2021,15934124,7477002,6507761,18407
Asia,United Arab Emirates,7/18/2021,16358244,7674726,6735166,0
Asia,United Arab Emirates,7/25/2021,16495917,0,0,0
Asia,United Arab Emirates,8/1/2021,16810996,0,0,15279
Asia,United Arab Emirates,8/8/2021,17113003,7961606,7130830,15649
Asia,United Arab Emirates,8/15/2021,17376128,8139651,7209971,0
Asia,United Arab Emirates,8/22/2021,0,0,0,0
Asia,United Arab Emirates,8/29/2021,18060832,0,0,86642
Asia,United Arab Emirates,9/5/2021,0,0,0,0
Asia,United Arab Emirates,9/12/2021,18942543,8931243,7823492,81577
Asia,United Arab Emirates,9/19/2021,19445872,9089444,8021261,33216
Asia,United Arab Emirates,9/26/2021,0,0,0,0
Asia,United Arab Emirates,10/3/2021,20196549,9346591,8308081,0
Asia,United Arab Emirates,10/10/2021,20479211,9445401,8426682,25314
Asia,United Arab Emirates,10/17/2021,20676621,9514450,8525422,15616
Asia,United Arab Emirates,10/24/2021,20875213,9583589,8594571,13476
Asia,United Arab Emirates,10/31/2021,21124819,0,8673845,49584
Asia,United Arab Emirates,11/7/2021,21326489,9741962,8743040,28421
Asia,United Arab Emirates,11/14/2021,0,0,0,0
Asia,United Arab Emirates,11/21/2021,21680090,9852774,8881540,13409
Asia,United Arab Emirates,11/28/2021,21809826,0,8931981,17208
Asia,United Arab Emirates,12/5/2021,0,0,0,0
Asia,United Arab Emirates,12/12/2021,22146899,0,9010283,22003
Asia,United Arab Emirates,12/26/2021,0,0,0,0
Asia,United Arab Emirates,1/2/2022,0,0,0,0
Asia,United Arab Emirates,1/9/2022,0,0,0,0
Asia,United Arab Emirates,1/16/2022,0,0,0,0
Asia,United Arab Emirates,1/23/2022,23288395,0,0,32775
Asia,United Arab Emirates,1/30/2022,23502501,0,9296954,13912
Asia,United Arab Emirates,2/6/2022,23695682,0,0,22218
Asia,United Arab Emirates,2/13/2022,23849814,0,9405811,34499
Asia,United Arab Emirates,2/20/2022,23992173,0,9445348,18313
Asia,United Arab Emirates,2/27/2022,24105222,0,9475136,14772
Asia,United Arab Emirates,3/13/2022,0,0,0,0
Asia,United Arab Emirates,6/5/2022,24909327,9991089,9792266,0
Asia,United Arab Emirates,6/19/2022,0,0,0,0
Asia,United Arab Emirates,6/26/2022,0,0,0,0
Asia,United Arab Emirates,7/3/2022,0,0,0,0
Asia,United Arab Emirates,7/10/2022,0,0,0,0
Asia,United Arab Emirates,7/17/2022,0,0,0,0
Asia,United Arab Emirates,7/24/2022,0,0,0,0
Asia,United Arab Emirates,7/31/2022,0,0,0,0
Asia,United Arab Emirates,8/7/2022,0,0,0,0
Asia,United Arab Emirates,8/14/2022,0,0,0,0
Asia,United Arab Emirates,8/21/2022,0,0,0,0
Asia,United Arab Emirates,9/11/2022,0,0,0,0
Asia,United Arab Emirates,9/25/2022,0,0,0,0
Asia,United Arab Emirates,10/2/2022,0,0,0,0
Asia,United Arab Emirates,10/9/2022,0,0,0,0
Asia,United Arab Emirates,10/23/2022,0,0,0,0
Asia,Uzbekistan,3/28/2021,0,0,0,0
Asia,Uzbekistan,4/4/2021,0,0,0,0
Asia,Uzbekistan,4/11/2021,148642,148642,0,0
Asia,Uzbekistan,4/18/2021,0,0,0,0
Asia,Uzbekistan,4/25/2021,544529,544529,0,0
Asia,Uzbekistan,5/2/2021,0,0,0,0
Asia,Uzbekistan,5/9/2021,0,0,0,0
Asia,Uzbekistan,5/16/2021,0,0,0,0
Asia,Uzbekistan,5/23/2021,1600504,1183943,416561,0
Asia,Uzbekistan,5/30/2021,0,0,0,0
Asia,Uzbekistan,6/6/2021,0,0,0,0
Asia,Uzbekistan,6/13/2021,0,0,0,0
Asia,Uzbekistan,6/20/2021,0,0,0,0
Asia,Uzbekistan,6/27/2021,0,0,0,0
Asia,Uzbekistan,7/4/2021,0,0,0,0
Asia,Uzbekistan,7/11/2021,0,0,0,0
Asia,Uzbekistan,7/18/2021,0,0,0,0
Asia,Uzbekistan,7/25/2021,0,0,0,0
Asia,Uzbekistan,8/1/2021,0,0,0,0
Asia,Uzbekistan,8/8/2021,10025226,6829079,0,0
Asia,Uzbekistan,8/15/2021,0,0,0,0
Asia,Uzbekistan,8/22/2021,0,0,0,0
Asia,Uzbekistan,8/29/2021,0,0,0,0
Asia,Uzbekistan,9/5/2021,0,0,0,0
Asia,Uzbekistan,9/12/2021,0,0,0,0
Asia,Uzbekistan,9/19/2021,0,0,0,0
Asia,Uzbekistan,9/26/2021,0,0,0,0
Asia,Uzbekistan,10/3/2021,0,0,0,0
Asia,Uzbekistan,10/10/2021,0,0,0,0
Asia,Uzbekistan,10/17/2021,23846899,12772433,5688341,201043
Asia,Uzbekistan,10/24/2021,25101646,13213836,0,191845
Asia,Uzbekistan,10/31/2021,0,0,0,0
Asia,Uzbekistan,11/7/2021,27845532,14450493,0,0
Asia,Uzbekistan,11/14/2021,29735466,15554597,0,281170
Asia,Uzbekistan,11/21/2021,31489773,16452251,0,297727
Asia,Uzbekistan,11/28/2021,33407074,17378302,0,285339
Asia,Uzbekistan,12/5/2021,34874583,17917259,0,213709
Asia,Uzbekistan,12/12/2021,0,0,11102403,0
Asia,Uzbekistan,12/19/2021,37347464,0,0,194756
Asia,Uzbekistan,12/26/2021,0,0,0,0
Asia,Uzbekistan,1/2/2022,0,0,0,0
Asia,Uzbekistan,1/9/2022,0,0,0,0
Asia,Uzbekistan,1/16/2022,0,0,0,0
Asia,Uzbekistan,1/23/2022,0,0,0,0
Asia,Uzbekistan,1/30/2022,40165642,18071812,11925969,0
Asia,Uzbekistan,2/6/2022,40872222,18221843,12598509,0
Asia,Uzbekistan,2/13/2022,41555204,18328631,12866678,0
Asia,Uzbekistan,2/20/2022,42121870,18446210,13160671,0
Asia,Uzbekistan,2/27/2022,0,0,0,0
Asia,Uzbekistan,3/6/2022,43564564,18579474,13564885,0
Asia,Vietnam,5/16/2021,979238,956677,22561,2206
Asia,Vietnam,5/23/2021,0,0,0,0
Asia,Vietnam,5/30/2021,0,0,0,0
Asia,Vietnam,6/6/2021,1248559,1214916,33643,5255
Asia,Vietnam,6/13/2021,1498323,1443058,55265,44102
Asia,Vietnam,6/20/2021,2422643,2300960,121683,63267
Asia,Vietnam,6/27/2021,3386607,3229471,157136,87375
Asia,Vietnam,7/4/2021,3890855,3667519,223336,23448
Asia,Vietnam,7/11/2021,4051585,3774138,277447,10802
Asia,Vietnam,7/18/2021,4283906,3977431,306475,22654
Asia,Vietnam,7/25/2021,4613491,4223628,389863,77750
Asia,Vietnam,8/1/2021,6415219,5756155,659064,211353
Asia,Vietnam,8/8/2021,9405819,8460013,945806,509204
Asia,Vietnam,8/15/2021,14666708,13287434,1379274,232691
Asia,Vietnam,8/22/2021,17364569,15530221,1834348,298673
Asia,Vietnam,8/29/2021,19710560,17186153,2524407,279467
Asia,Vietnam,9/5/2021,22012123,18673340,3338783,566942
Asia,Vietnam,9/12/2021,29280307,23954248,5326059,1066915
Asia,Vietnam,9/19/2021,34553590,27913529,6640061,458347
Asia,Vietnam,9/26/2021,39232772,30946214,8286558,865526
Asia,Vietnam,10/3/2021,45496123,34622194,10873929,858212
Asia,Vietnam,10/10/2021,54279564,38698136,15581428,0
Asia,Vietnam,10/17/2021,63434180,45281937,18152243,1514243
Asia,Vietnam,10/24/2021,0,0,0,0
Asia,Vietnam,10/31/2021,81929875,57332644,0,554499
Asia,Vietnam,11/7/2021,0,0,0,0
Asia,Vietnam,11/14/2021,99751224,64467940,0,820653
Asia,Vietnam,11/21/2021,108915813,66916471,0,1054682
Asia,Vietnam,11/28/2021,120644108,70958765,0,1875722
Asia,Vietnam,12/5/2021,127828796,73393169,0,0
Asia,Vietnam,12/12/2021,132873501,74907297,0,607059
Asia,Vietnam,12/19/2021,0,0,0,0
Asia,Vietnam,12/26/2021,146335052,77138616,0,739617
Asia,Vietnam,1/2/2022,153596950,77796499,0,0
Asia,Vietnam,1/9/2022,161277807,78291624,0,1244620
Asia,Vietnam,1/16/2022,0,0,0,0
Asia,Vietnam,1/23/2022,176429307,78894694,0,0
Asia,Vietnam,1/30/2022,181280001,79059864,0,161586
Asia,Vietnam,2/6/2022,0,0,0,0
Asia,Vietnam,2/13/2022,186001127,79216176,76182386,269993
Asia,Vietnam,2/20/2022,191667067,0,0,298802
Asia,Vietnam,2/27/2022,193625095,0,76799876,216803
Asia,Vietnam,3/6/2022,197910353,79603926,77454922,338819
Asia,Vietnam,3/13/2022,0,0,0,0
Asia,Vietnam,3/20/2022,201828138,79696647,77686643,167693
Asia,Vietnam,3/27/2022,205216774,80001969,77853733,214017
Asia,Vietnam,4/3/2022,0,0,0,0
Asia,Vietnam,4/10/2022,0,0,0,0
Asia,Vietnam,4/17/2022,209638138,80281024,78458405,154660
Asia,Vietnam,4/24/2022,212600099,80988198,78558918,209325
Asia,Vietnam,5/1/2022,214991119,81900697,78619918,51917
Asia,Vietnam,5/8/2022,215743796,82220083,78641329,55006
Asia,Vietnam,5/15/2022,217039026,82930237,78674447,0
Asia,Vietnam,5/22/2022,219119853,83821858,78738898,35735
Asia,Vietnam,5/29/2022,220779518,84340713,79046788,0
Asia,Vietnam,6/5/2022,222072995,84666253,79411087,49776
Asia,Vietnam,6/12/2022,223629992,85085764,79538300,118301
Asia,Vietnam,6/26/2022,229854734,86109082,0,302932
Asia,Vietnam,7/3/2022,233534502,86510260,0,66330
Asia,Vietnam,7/10/2022,0,0,0,0
Asia,Vietnam,7/17/2022,0,0,0,0
Asia,Vietnam,7/24/2022,0,0,0,0
Asia,Vietnam,7/31/2022,0,0,0,0
Asia,Vietnam,8/7/2022,0,0,0,0
Asia,Vietnam,8/14/2022,0,0,0,0
Asia,Vietnam,8/21/2022,0,0,0,0
Asia,Vietnam,8/28/2022,0,0,0,0
Asia,Vietnam,9/4/2022,0,0,0,0
Asia,Vietnam,9/11/2022,0,0,0,0
Asia,Vietnam,9/18/2022,0,0,0,0
Asia,Vietnam,9/25/2022,0,0,0,0
Asia,Vietnam,10/2/2022,260210114,0,84374202,0
Asia,Vietnam,10/9/2022,0,0,0,0
Asia,Vietnam,10/16/2022,0,0,0,0
Asia,Vietnam,10/23/2022,0,0,0,0
Asia,Vietnam,10/30/2022,0,0,0,0
Asia,Vietnam,11/6/2022,0,0,0,0
Asia,Vietnam,11/20/2022,0,0,0,0
Asia,Vietnam,11/27/2022,0,0,0,0
Asia,Vietnam,12/4/2022,0,0,0,0
Asia,Vietnam,12/11/2022,0,0,0,0
Asia,Vietnam,12/18/2022,0,0,0,0
Asia,Vietnam,12/25/2022,0,0,0,0
Asia,Vietnam,1/1/2023,0,0,0,0
Asia,Yemen,1/3/2021,0,0,0,0
Asia,Yemen,1/17/2021,0,0,0,0
Asia,Yemen,1/24/2021,0,0,0,0
Asia,Yemen,2/14/2021,0,0,0,0
Asia,Yemen,2/21/2021,0,0,0,0
Asia,Yemen,2/28/2021,0,0,0,0
Asia,Yemen,3/7/2021,0,0,0,0
Asia,Yemen,3/14/2021,0,0,0,0
Asia,Yemen,3/21/2021,0,0,0,0
Asia,Yemen,3/28/2021,0,0,0,0
Asia,Yemen,4/4/2021,0,0,0,0
Asia,Yemen,4/11/2021,0,0,0,0
Asia,Yemen,4/18/2021,0,0,0,0
Asia,Yemen,4/25/2021,0,0,0,0
Asia,Yemen,5/2/2021,0,0,0,0
Asia,Yemen,5/9/2021,18555,18555,0,0
Asia,Yemen,5/16/2021,0,0,0,0
Asia,Yemen,5/23/2021,0,0,0,0
Asia,Yemen,5/30/2021,0,0,0,0
Asia,Yemen,6/6/2021,0,0,0,0
Asia,Yemen,6/13/2021,0,0,0,0
Asia,Yemen,6/20/2021,251385,251385,0,0
Asia,Yemen,6/27/2021,268753,268753,0,0
Asia,Yemen,7/4/2021,0,0,0,0
Asia,Yemen,7/11/2021,0,0,0,0
Asia,Yemen,7/18/2021,0,0,0,0
Asia,Yemen,7/25/2021,0,0,0,0
Asia,Yemen,8/1/2021,0,0,0,0
Asia,Yemen,8/8/2021,0,0,0,0
Asia,Yemen,8/15/2021,0,0,0,0
Asia,Yemen,8/22/2021,0,0,0,0
Asia,Yemen,8/29/2021,0,0,0,0
Asia,Yemen,9/5/2021,0,0,0,0
Asia,Yemen,9/12/2021,322934,308025,14909,0
Asia,Yemen,9/19/2021,0,0,0,0
Asia,Yemen,9/26/2021,0,0,0,0
Asia,Yemen,10/3/2021,0,0,0,0
Asia,Yemen,10/10/2021,0,0,0,0
Asia,Yemen,10/17/2021,0,0,0,0
Asia,Yemen,10/24/2021,0,0,0,0
Asia,Yemen,10/31/2021,0,0,0,0
Asia,Yemen,11/7/2021,0,0,0,0
Asia,Yemen,11/14/2021,0,0,0,0
Asia,Yemen,11/21/2021,0,0,0,0
Asia,Yemen,11/28/2021,0,0,0,0
Asia,Yemen,12/5/2021,0,0,0,0
Asia,Yemen,12/12/2021,0,0,0,0
Asia,Yemen,12/19/2021,0,0,0,0
Asia,Yemen,12/26/2021,0,0,0,0
Asia,Yemen,1/2/2022,0,0,0,0
Asia,Yemen,1/9/2022,0,0,0,0
Asia,Yemen,1/16/2022,0,0,0,0
Asia,Yemen,1/23/2022,0,0,0,0
Asia,Yemen,1/30/2022,0,0,0,0
Asia,Yemen,2/6/2022,0,0,0,0
Asia,Yemen,2/13/2022,768104,610183,368448,0
Asia,Yemen,2/20/2022,0,0,0,0
Asia,Yemen,2/27/2022,0,0,0,0
Asia,Yemen,3/6/2022,784792,624837,384655,0
Asia,Yemen,3/13/2022,0,0,0,0
Asia,Yemen,3/20/2022,0,0,0,0
Asia,Yemen,3/27/2022,0,0,0,0
Asia,Yemen,4/3/2022,0,0,0,0
Asia,Yemen,4/10/2022,0,0,0,0
Asia,Yemen,4/17/2022,0,0,0,0
Asia,Yemen,5/1/2022,0,0,0,0
Asia,Yemen,7/31/2022,0,0,0,0
Asia,Yemen,8/7/2022,0,0,0,0
Asia,Yemen,8/21/2022,0,0,0,0
Asia,Yemen,8/28/2022,0,0,0,0
Asia,Yemen,9/25/2022,0,0,0,0
Asia,Yemen,10/9/2022,0,0,0,0
Asia,Yemen,11/6/2022,0,0,0,0
