continent,location,date,population,total_cases,new_cases,total_deaths,new_deaths
Asia,Afghanistan,2021-01-03,41128772,52709.0,861.0,2221.0,63.0
Asia,Afghanistan,2021-01-10,41128772,53489.0,780.0,2277.0,56.0
Asia,Afghanistan,2021-01-17,41128772,53984.0,495.0,2339.0,62.0
Asia,Afghanistan,2021-01-24,41128772,54595.0,611.0,2378.0,39.0
Asia,Afghanistan,2021-01-31,41128772,55023.0,428.0,2400.0,22.0
Asia,Afghanistan,2021-02-07,41128772,55335.0,312.0,2410.0,10.0
Asia,Afghanistan,2021-02-14,41128772,55492.0,157.0,2427.0,17.0
Asia,Afghanistan,2021-02-21,41128772,55604.0,112.0,2432.0,5.0
Asia,Afghanistan,2021-02-28,41128772,55714.0,110.0,2443.0,11.0
Asia,Afghanistan,2021-03-07,41128772,55847.0,133.0,2449.0,6.0
Asia,Afghanistan,2021-03-14,41128772,55985.0,138.0,2457.0,8.0
Asia,Afghanistan,2021-03-21,41128772,56103.0,118.0,2463.0,6.0
Asia,Afghanistan,2021-03-28,41128772,56294.0,191.0,2470.0,7.0
Asia,Afghanistan,2021-04-04,41128772,56676.0,382.0,2497.0,27.0
Asia,Afghanistan,2021-04-11,41128772,57160.0,484.0,2521.0,24.0
Asia,Afghanistan,2021-04-18,41128772,57793.0,633.0,2539.0,18.0
Asia,Afghanistan,2021-04-25,41128772,58843.0,1050.0,2582.0,43.0
Asia,Afghanistan,2021-05-02,41128772,60122.0,1279.0,2637.0,55.0
Asia,Afghanistan,2021-05-09,41128772,61842.0,1720.0,2686.0,49.0
Asia,Afghanistan,2021-05-16,41128772,63484.0,1642.0,2742.0,56.0
Asia,Afghanistan,2021-05-23,41128772,65728.0,2244.0,2802.0,60.0
Asia,Afghanistan,2021-05-30,41128772,70761.0,5033.0,2919.0,117.0
Asia,Afghanistan,2021-06-06,41128772,79224.0,8463.0,3145.0,226.0
Asia,Afghanistan,2021-06-13,41128772,89861.0,10637.0,3527.0,382.0
Asia,Afghanistan,2021-06-20,41128772,101906.0,12045.0,4122.0,595.0
Asia,Afghanistan,2021-06-27,41128772,114220.0,12314.0,4650.0,528.0
Asia,Afghanistan,2021-07-04,41128772,124748.0,10528.0,5199.0,549.0
Asia,Afghanistan,2021-07-11,41128772,133578.0,8830.0,5724.0,525.0
Asia,Afghanistan,2021-07-18,41128772,140602.0,7024.0,6147.0,423.0
Asia,Afghanistan,2021-07-25,41128772,143871.0,3269.0,6425.0,278.0
Asia,Afghanistan,2021-08-01,41128772,147501.0,3630.0,6737.0,312.0
Asia,Afghanistan,2021-08-08,41128772,150458.0,2957.0,6908.0,171.0
Asia,Afghanistan,2021-08-15,41128772,152033.0,1575.0,7021.0,113.0
Asia,Afghanistan,2021-08-22,41128772,152511.0,478.0,7070.0,49.0
Asia,Afghanistan,2021-08-29,41128772,153033.0,522.0,7109.0,39.0
Asia,Afghanistan,2021-09-05,41128772,153423.0,390.0,7132.0,23.0
Asia,Afghanistan,2021-09-12,41128772,153990.0,567.0,7167.0,35.0
Asia,Afghanistan,2021-09-19,41128772,154539.0,549.0,7199.0,32.0
Asia,Afghanistan,2021-10-03,41128772,155141.0,242.0,7212.0,13.0
Asia,Afghanistan,2021-10-10,41128772,155344.0,203.0,7221.0,9.0
Asia,Afghanistan,2021-10-17,41128772,155617.0,273.0,7238.0,17.0
Asia,Afghanistan,2021-10-24,41128772,155818.0,201.0,7253.0,15.0
Asia,Afghanistan,2021-10-31,41128772,156088.0,270.0,7272.0,19.0
Asia,Afghanistan,2021-11-07,41128772,156275.0,187.0,7284.0,12.0
Asia,Afghanistan,2021-11-14,41128772,156512.0,237.0,7292.0,8.0
Asia,Afghanistan,2021-11-21,41128772,156864.0,352.0,7301.0,9.0
Asia,Afghanistan,2021-11-28,41128772,157190.0,326.0,7308.0,7.0
Asia,Afghanistan,2021-12-05,41128772,157431.0,241.0,7312.0,4.0
Asia,Afghanistan,2021-12-12,41128772,157611.0,180.0,7325.0,13.0
Asia,Afghanistan,2021-12-19,41128772,157745.0,134.0,7333.0,8.0
Asia,Afghanistan,2021-12-26,41128772,157902.0,157.0,7352.0,19.0
Asia,Afghanistan,2022-01-02,41128772,158112.0,210.0,7356.0,4.0
Asia,Afghanistan,2022-01-09,41128772,158345.0,233.0,7369.0,13.0
Asia,Afghanistan,2022-01-16,41128772,158678.0,333.0,7378.0,9.0
Asia,Afghanistan,2022-01-23,41128772,159548.0,870.0,7390.0,12.0
Asia,Afghanistan,2022-01-30,41128772,161666.0,2118.0,7407.0,17.0
Asia,Afghanistan,2022-02-06,41128772,165712.0,4046.0,7425.0,18.0
Asia,Afghanistan,2022-02-13,41128772,170152.0,4440.0,7488.0,63.0
Asia,Afghanistan,2022-02-20,41128772,171930.0,1778.0,7534.0,46.0
Asia,Afghanistan,2022-02-27,41128772,173180.0,1250.0,7588.0,54.0
Asia,Afghanistan,2022-03-06,41128772,174347.0,1167.0,7622.0,34.0
Asia,Afghanistan,2022-03-13,41128772,176062.0,1715.0,7642.0,20.0
Asia,Afghanistan,2022-03-20,41128772,177039.0,977.0,7652.0,10.0
Asia,Afghanistan,2022-03-27,41128772,177474.0,435.0,7660.0,8.0
Asia,Afghanistan,2022-04-03,41128772,177805.0,331.0,7671.0,11.0
Asia,Afghanistan,2022-04-10,41128772,178090.0,285.0,7675.0,4.0
Asia,Afghanistan,2022-04-17,41128772,178387.0,297.0,7676.0,1.0
Asia,Afghanistan,2022-04-24,41128772,178648.0,261.0,7681.0,5.0
Asia,Afghanistan,2022-05-01,41128772,178879.0,231.0,7683.0,2.0
Asia,Afghanistan,2022-05-08,41128772,178923.0,44.0,7684.0,1.0
Asia,Afghanistan,2022-05-15,41128772,179243.0,320.0,7690.0,6.0
Asia,Afghanistan,2022-05-22,41128772,179674.0,431.0,7697.0,7.0
Asia,Afghanistan,2022-05-29,41128772,180123.0,449.0,7701.0,4.0
Asia,Afghanistan,2022-06-05,41128772,180618.0,495.0,7709.0,8.0
Asia,Afghanistan,2022-06-19,41128772,181574.0,541.0,7713.0,4.0
Asia,Afghanistan,2022-06-26,41128772,182072.0,498.0,7717.0,4.0
Asia,Afghanistan,2022-07-03,41128772,182643.0,571.0,7724.0,7.0
Asia,Afghanistan,2022-07-10,41128772,183219.0,576.0,7727.0,3.0
Asia,Afghanistan,2022-07-17,41128772,183450.0,231.0,7730.0,3.0
Asia,Afghanistan,2022-07-24,41128772,184474.0,1024.0,7738.0,8.0
Asia,Afghanistan,2022-07-31,41128772,185580.0,1106.0,7747.0,9.0
Asia,Afghanistan,2022-08-07,41128772,187046.0,1466.0,7752.0,5.0
Asia,Afghanistan,2022-08-14,41128772,188831.0,1785.0,7758.0,6.0
Asia,Afghanistan,2022-08-21,41128772,190435.0,1604.0,7759.0,1.0
Asia,Afghanistan,2022-08-28,41128772,192208.0,1773.0,7774.0,15.0
Asia,Afghanistan,2022-09-04,41128772,193887.0,1679.0,7780.0,6.0
Asia,Afghanistan,2022-09-11,41128772,195647.0,1760.0,7787.0,7.0
Asia,Afghanistan,2022-09-18,41128772,197082.0,1435.0,7794.0,7.0
Asia,Afghanistan,2022-09-25,41128772,198283.0,1201.0,7796.0,2.0
Asia,Afghanistan,2022-10-02,41128772,199272.0,989.0,7799.0,3.0
Asia,Afghanistan,2022-10-09,41128772,200199.0,927.0,7804.0,5.0
Asia,Afghanistan,2022-10-16,41128772,201096.0,897.0,7811.0,7.0
Asia,Afghanistan,2022-10-23,41128772,202029.0,933.0,7818.0,7.0
Asia,Afghanistan,2022-10-30,41128772,202834.0,805.0,7821.0,3.0
Asia,Afghanistan,2022-11-06,41128772,203618.0,784.0,7826.0,5.0
Asia,Afghanistan,2022-11-13,41128772,204431.0,813.0,7829.0,3.0
Asia,Afghanistan,2022-11-20,41128772,205012.0,581.0,7831.0,2.0
Asia,Afghanistan,2022-11-27,41128772,205596.0,584.0,7833.0,2.0
Asia,Afghanistan,2022-12-04,41128772,206164.0,568.0,7834.0,1.0
Asia,Afghanistan,2022-12-11,41128772,206545.0,381.0,7839.0,5.0
Asia,Afghanistan,2022-12-18,41128772,206986.0,441.0,7844.0,5.0
Asia,Afghanistan,2022-12-25,41128772,207322.0,336.0,7845.0,1.0
Asia,Afghanistan,2023-01-01,41128772,207579.0,257.0,7849.0,4.0
Asia,Armenia,2021-01-03,2780472,160027.0,2193.0,2850.0,82.0
Asia,Armenia,2021-01-10,2780472,162131.0,2104.0,2929.0,79.0
Asia,Armenia,2021-01-17,2780472,164586.0,2455.0,2992.0,63.0
Asia,Armenia,2021-01-24,2780472,166036.0,1450.0,3039.0,47.0
Asia,Armenia,2021-01-31,2780472,167026.0,990.0,3080.0,41.0
Asia,Armenia,2021-02-07,2780472,168088.0,1062.0,3117.0,37.0
Asia,Armenia,2021-02-14,2780472,169167.0,1079.0,3141.0,24.0
Asia,Armenia,2021-02-21,2780472,170402.0,1235.0,3164.0,23.0
Asia,Armenia,2021-02-28,2780472,172058.0,1656.0,3192.0,28.0
Asia,Armenia,2021-03-07,2780472,174679.0,2621.0,3221.0,29.0
Asia,Armenia,2021-03-14,2780472,178385.0,3706.0,3255.0,34.0
Asia,Armenia,2021-03-21,2780472,183713.0,5328.0,3348.0,93.0
Asia,Armenia,2021-03-28,2780472,190317.0,6604.0,3464.0,116.0
Asia,Armenia,2021-04-04,2780472,196634.0,6317.0,3592.0,128.0
Asia,Armenia,2021-04-11,2780472,202817.0,6183.0,3735.0,143.0
Asia,Armenia,2021-04-18,2780472,208520.0,5703.0,3878.0,143.0
Asia,Armenia,2021-04-25,2780472,213288.0,4768.0,4018.0,140.0
Asia,Armenia,2021-05-02,2780472,216863.0,3575.0,4139.0,121.0
Asia,Armenia,2021-05-09,2780472,219270.0,2407.0,4234.0,95.0
Asia,Armenia,2021-05-16,2780472,220860.0,1590.0,4323.0,89.0
Asia,Armenia,2021-05-23,2780472,221948.0,1088.0,4392.0,69.0
Asia,Armenia,2021-05-30,2780472,222636.0,688.0,4432.0,40.0
Asia,Armenia,2021-06-06,2780472,223180.0,544.0,4458.0,26.0
Asia,Armenia,2021-06-13,2780472,223682.0,502.0,4484.0,26.0
Asia,Armenia,2021-06-20,2780472,224227.0,545.0,4498.0,14.0
Asia,Armenia,2021-06-27,2780472,224797.0,570.0,4508.0,10.0
Asia,Armenia,2021-07-04,2780472,225553.0,756.0,4526.0,18.0
Asia,Armenia,2021-07-11,2780472,226388.0,835.0,4544.0,18.0
Asia,Armenia,2021-07-18,2780472,227430.0,1042.0,4566.0,22.0
Asia,Armenia,2021-07-25,2780472,228798.0,1368.0,4587.0,21.0
Asia,Armenia,2021-08-01,2780472,230339.0,1541.0,4619.0,32.0
Asia,Armenia,2021-08-08,2780472,232157.0,1818.0,4650.0,31.0
Asia,Armenia,2021-08-15,2780472,234558.0,2401.0,4695.0,45.0
Asia,Armenia,2021-08-22,2780472,237634.0,3076.0,4752.0,57.0
Asia,Armenia,2021-08-29,2780472,241336.0,3702.0,4823.0,71.0
Asia,Armenia,2021-09-05,2780472,245025.0,3689.0,4911.0,88.0
Asia,Armenia,2021-09-12,2780472,248850.0,3825.0,5002.0,91.0
Asia,Armenia,2021-09-19,2780472,253600.0,4750.0,5131.0,129.0
Asia,Armenia,2021-09-26,2780472,258545.0,4945.0,5251.0,120.0
Asia,Armenia,2021-10-03,2780472,264690.0,6145.0,5372.0,121.0
Asia,Armenia,2021-10-10,2780472,272356.0,7666.0,5549.0,177.0
Asia,Armenia,2021-10-17,2780472,281991.0,9635.0,5778.0,229.0
Asia,Armenia,2021-10-24,2780472,295368.0,13377.0,6013.0,235.0
Asia,Armenia,2021-10-31,2780472,308326.0,12958.0,6328.0,315.0
Asia,Armenia,2021-11-07,2780472,320433.0,12107.0,6670.0,342.0
Asia,Armenia,2021-11-14,2780472,328963.0,8530.0,7016.0,346.0
Asia,Armenia,2021-11-21,2780472,334075.0,5112.0,7278.0,262.0
Asia,Armenia,2021-11-28,2780472,337931.0,3856.0,7514.0,236.0
Asia,Armenia,2021-12-05,2780472,340723.0,2792.0,7683.0,169.0
Asia,Armenia,2021-12-12,2780472,342538.0,1815.0,7802.0,119.0
Asia,Armenia,2021-12-19,2780472,343636.0,1098.0,7899.0,97.0
Asia,Armenia,2021-12-26,2780472,344481.0,845.0,7943.0,44.0
Asia,Armenia,2022-01-02,2780472,345007.0,526.0,7977.0,34.0
Asia,Armenia,2022-01-09,2780472,345855.0,848.0,8001.0,24.0
Asia,Armenia,2022-01-16,2780472,347617.0,1762.0,8019.0,18.0
Asia,Armenia,2022-01-23,2780472,351711.0,4094.0,8028.0,9.0
Asia,Armenia,2022-01-30,2780472,366433.0,14722.0,8046.0,18.0
Asia,Armenia,2022-02-06,2780472,389957.0,23524.0,8086.0,40.0
Asia,Armenia,2022-02-13,2780472,406379.0,16422.0,8167.0,81.0
Asia,Armenia,2022-02-20,2780472,415464.0,9085.0,8322.0,155.0
Asia,Armenia,2022-02-27,2780472,419693.0,4229.0,8449.0,127.0
Asia,Armenia,2022-03-06,2780472,421341.0,1648.0,8536.0,87.0
Asia,Armenia,2022-03-13,2780472,422004.0,663.0,8572.0,36.0
Asia,Armenia,2022-03-20,2780472,422307.0,303.0,8595.0,23.0
Asia,Armenia,2022-03-27,2780472,422458.0,151.0,8610.0,15.0
Asia,Armenia,2022-04-03,2780472,422574.0,116.0,8617.0,7.0
Asia,Armenia,2022-04-10,2780472,422677.0,103.0,8620.0,3.0
Asia,Armenia,2022-04-17,2780472,422762.0,85.0,8621.0,1.0
Asia,Armenia,2022-04-24,2780472,422825.0,63.0,8622.0,1.0
Asia,Armenia,2022-05-08,2780472,422892.0,21.0,8623.0,1.0
Asia,Armenia,2022-05-22,2780472,422935.0,18.0,8624.0,1.0
Asia,Armenia,2022-05-29,2780472,422960.0,25.0,8625.0,1.0
Asia,Armenia,2022-07-03,2780472,423243.0,139.0,8626.0,1.0
Asia,Armenia,2022-07-31,2780472,425365.0,965.0,8633.0,7.0
Asia,Armenia,2022-08-07,2780472,426799.0,1434.0,8635.0,2.0
Asia,Armenia,2022-08-14,2780472,428648.0,1849.0,8637.0,2.0
Asia,Armenia,2022-08-21,2780472,430361.0,1713.0,8643.0,6.0
Asia,Armenia,2022-08-28,2780472,432274.0,1913.0,8648.0,5.0
Asia,Armenia,2022-09-04,2780472,434398.0,2124.0,8655.0,7.0
Asia,Armenia,2022-09-11,2780472,436727.0,2329.0,8662.0,7.0
Asia,Armenia,2022-09-18,2780472,438813.0,2086.0,8669.0,7.0
Asia,Armenia,2022-09-25,2780472,440955.0,2142.0,8673.0,4.0
Asia,Armenia,2022-10-02,2780472,442386.0,1431.0,8677.0,4.0
Asia,Armenia,2022-10-09,2780472,443296.0,910.0,8685.0,8.0
Asia,Armenia,2022-10-16,2780472,443993.0,697.0,8694.0,9.0
Asia,Armenia,2022-10-23,2780472,444380.0,387.0,8700.0,6.0
Asia,Armenia,2022-11-06,2780472,444783.0,172.0,8703.0,3.0
Asia,Armenia,2022-12-04,2780472,445381.0,119.0,8704.0,1.0
Asia,Armenia,2022-12-11,2780472,445472.0,91.0,8706.0,2.0
Asia,Armenia,2022-12-25,2780472,445583.0,58.0,8708.0,2.0
Asia,Armenia,2023-01-01,2780472,445620.0,37.0,8710.0,2.0
Asia,Azerbaijan,2021-01-03,10358078,219041.0,7277.0,2670.0,254.0
Asia,Azerbaijan,2021-01-10,10358078,223417.0,4376.0,2869.0,199.0
Asia,Azerbaijan,2021-01-17,10358078,226549.0,3132.0,2983.0,114.0
Asia,Azerbaijan,2021-01-24,10358078,228526.0,1977.0,3064.0,81.0
Asia,Azerbaijan,2021-01-31,10358078,229935.0,1409.0,3119.0,55.0
Asia,Azerbaijan,2021-02-07,10358078,230907.0,972.0,3153.0,34.0
Asia,Azerbaijan,2021-02-14,10358078,231840.0,933.0,3173.0,20.0
Asia,Azerbaijan,2021-02-21,10358078,232829.0,989.0,3193.0,20.0
Asia,Azerbaijan,2021-02-28,10358078,233989.0,1160.0,3213.0,20.0
Asia,Azerbaijan,2021-03-07,10358078,236365.0,2376.0,3238.0,25.0
Asia,Azerbaijan,2021-03-14,10358078,239692.0,3327.0,3276.0,38.0
Asia,Azerbaijan,2021-03-21,10358078,245490.0,5798.0,3339.0,63.0
Asia,Azerbaijan,2021-03-28,10358078,254370.0,8880.0,3464.0,125.0
Asia,Azerbaijan,2021-04-04,10358078,268714.0,14344.0,3648.0,184.0
Asia,Azerbaijan,2021-04-11,10358078,283579.0,14865.0,3879.0,231.0
Asia,Azerbaijan,2021-04-18,10358078,298522.0,14943.0,4107.0,228.0
Asia,Azerbaijan,2021-04-25,10358078,311465.0,12943.0,4342.0,235.0
Asia,Azerbaijan,2021-05-02,10358078,320322.0,8857.0,4538.0,196.0
Asia,Azerbaijan,2021-05-09,10358078,326056.0,5734.0,4666.0,128.0
Asia,Azerbaijan,2021-05-16,10358078,329371.0,3315.0,4768.0,102.0
Asia,Azerbaijan,2021-05-23,10358078,332235.0,2864.0,4851.0,83.0
Asia,Azerbaijan,2021-05-30,10358078,333723.0,1488.0,4903.0,52.0
Asia,Azerbaijan,2021-06-06,10358078,334647.0,924.0,4936.0,33.0
Asia,Azerbaijan,2021-06-13,10358078,335126.0,479.0,4953.0,17.0
Asia,Azerbaijan,2021-06-20,10358078,335437.0,311.0,4961.0,8.0
Asia,Azerbaijan,2021-06-27,10358078,335796.0,359.0,4967.0,6.0
Asia,Azerbaijan,2021-07-04,10358078,336318.0,522.0,4977.0,10.0
Asia,Azerbaijan,2021-07-11,10358078,337098.0,780.0,4984.0,7.0
Asia,Azerbaijan,2021-07-18,10358078,338183.0,1085.0,4991.0,7.0
Asia,Azerbaijan,2021-07-25,10358078,340057.0,1874.0,5002.0,11.0
Asia,Azerbaijan,2021-08-01,10358078,343849.0,3792.0,5023.0,21.0
Asia,Azerbaijan,2021-08-08,10358078,350605.0,6756.0,5056.0,33.0
Asia,Azerbaijan,2021-08-15,10358078,365009.0,14404.0,5138.0,82.0
Asia,Azerbaijan,2021-08-22,10358078,388437.0,23428.0,5279.0,141.0
Asia,Azerbaijan,2021-08-29,10358078,413986.0,25549.0,5512.0,233.0
Asia,Azerbaijan,2021-09-05,10358078,439562.0,25576.0,5800.0,288.0
Asia,Azerbaijan,2021-09-12,10358078,455044.0,15482.0,6031.0,231.0
Asia,Azerbaijan,2021-09-19,10358078,470985.0,15941.0,6280.0,249.0
Asia,Azerbaijan,2021-09-26,10358078,479814.0,8829.0,6433.0,153.0
Asia,Azerbaijan,2021-10-03,10358078,485275.0,5461.0,6559.0,126.0
Asia,Azerbaijan,2021-10-10,10358078,491147.0,5872.0,6654.0,95.0
Asia,Azerbaijan,2021-10-17,10358078,500311.0,9164.0,6746.0,92.0
Asia,Azerbaijan,2021-10-24,10358078,514289.0,13978.0,6869.0,123.0
Asia,Azerbaijan,2021-10-31,10358078,529109.0,14820.0,7049.0,180.0
Asia,Azerbaijan,2021-11-07,10358078,544650.0,15541.0,7241.0,192.0
Asia,Azerbaijan,2021-11-14,10358078,558431.0,13781.0,7416.0,175.0
Asia,Azerbaijan,2021-11-21,10358078,572085.0,13654.0,7599.0,183.0
Asia,Azerbaijan,2021-11-28,10358078,584121.0,12036.0,7789.0,190.0
Asia,Azerbaijan,2021-12-05,10358078,594994.0,10873.0,7947.0,158.0
Asia,Azerbaijan,2021-12-12,10358078,603363.0,8369.0,8070.0,123.0
Asia,Azerbaijan,2021-12-19,10358078,609397.0,6034.0,8182.0,112.0
Asia,Azerbaijan,2021-12-26,10358078,614119.0,4722.0,8284.0,102.0
Asia,Azerbaijan,2022-01-02,10358078,617311.0,3192.0,8365.0,81.0
Asia,Azerbaijan,2022-01-09,10358078,620679.0,3368.0,8437.0,72.0
Asia,Azerbaijan,2022-01-16,10358078,624918.0,4239.0,8510.0,73.0
Asia,Azerbaijan,2022-01-23,10358078,632034.0,7116.0,8597.0,87.0
Asia,Azerbaijan,2022-01-30,10358078,651341.0,19307.0,8700.0,103.0
Asia,Azerbaijan,2022-02-06,10358078,691180.0,39839.0,8846.0,146.0
Asia,Azerbaijan,2022-02-13,10358078,738328.0,47148.0,9027.0,181.0
Asia,Azerbaijan,2022-02-20,10358078,771709.0,33381.0,9211.0,184.0
Asia,Azerbaijan,2022-02-27,10358078,784260.0,12551.0,9378.0,167.0
Asia,Azerbaijan,2022-03-06,10358078,788958.0,4698.0,9500.0,122.0
Asia,Azerbaijan,2022-03-13,10358078,790575.0,1617.0,9599.0,99.0
Asia,Azerbaijan,2022-03-20,10358078,791404.0,829.0,9651.0,52.0
Asia,Azerbaijan,2022-03-27,10358078,791695.0,291.0,9679.0,28.0
Asia,Azerbaijan,2022-04-03,10358078,792019.0,324.0,9697.0,18.0
Asia,Azerbaijan,2022-04-10,10358078,792216.0,197.0,9703.0,6.0
Asia,Azerbaijan,2022-04-17,10358078,792349.0,133.0,9705.0,2.0
Asia,Azerbaijan,2022-04-24,10358078,792476.0,127.0,9707.0,2.0
Asia,Azerbaijan,2022-05-01,10358078,792562.0,86.0,9709.0,2.0
Asia,Azerbaijan,2022-05-22,10358078,792708.0,40.0,9710.0,1.0
Asia,Azerbaijan,2022-05-29,10358078,792757.0,49.0,9712.0,2.0
Asia,Azerbaijan,2022-06-05,10358078,792804.0,47.0,9713.0,1.0
Asia,Azerbaijan,2022-06-12,10358078,792870.0,66.0,9715.0,2.0
Asia,Azerbaijan,2022-06-19,10358078,792985.0,115.0,9716.0,1.0
Asia,Azerbaijan,2022-06-26,10358078,793140.0,155.0,9717.0,1.0
Asia,Azerbaijan,2022-07-10,10358078,793695.0,360.0,9719.0,2.0
Asia,Azerbaijan,2022-07-17,10358078,794398.0,703.0,9723.0,4.0
Asia,Azerbaijan,2022-07-24,10358078,796141.0,1743.0,9735.0,12.0
Asia,Azerbaijan,2022-07-31,10358078,798404.0,2263.0,9747.0,12.0
Asia,Azerbaijan,2022-08-07,10358078,801470.0,3066.0,9760.0,13.0
Asia,Azerbaijan,2022-08-14,10358078,804585.0,3115.0,9773.0,13.0
Asia,Azerbaijan,2022-08-21,10358078,807984.0,3399.0,9784.0,11.0
Asia,Azerbaijan,2022-08-28,10358078,811559.0,3575.0,9805.0,21.0
Asia,Azerbaijan,2022-09-04,10358078,815047.0,3488.0,9822.0,17.0
Asia,Azerbaijan,2022-09-11,10358078,817596.0,2549.0,9852.0,30.0
Asia,Azerbaijan,2022-09-18,10358078,819338.0,1742.0,9884.0,32.0
Asia,Azerbaijan,2022-09-25,10358078,820662.0,1324.0,9903.0,19.0
Asia,Azerbaijan,2022-10-02,10358078,821532.0,870.0,9919.0,16.0
Asia,Azerbaijan,2022-10-09,10358078,822104.0,572.0,9927.0,8.0
Asia,Azerbaijan,2022-10-16,10358078,822538.0,434.0,9931.0,4.0
Asia,Azerbaijan,2022-10-23,10358078,822908.0,370.0,9937.0,6.0
Asia,Azerbaijan,2022-10-30,10358078,823202.0,294.0,9944.0,7.0
Asia,Azerbaijan,2022-11-06,10358078,823496.0,294.0,9955.0,11.0
Asia,Azerbaijan,2022-11-13,10358078,823688.0,192.0,9961.0,6.0
Asia,Azerbaijan,2022-11-20,10358078,823923.0,235.0,9972.0,11.0
Asia,Azerbaijan,2022-11-27,10358078,824193.0,270.0,9976.0,4.0
Asia,Azerbaijan,2022-12-04,10358078,824452.0,259.0,9983.0,7.0
Asia,Azerbaijan,2022-12-11,10358078,824802.0,350.0,9986.0,3.0
Asia,Azerbaijan,2022-12-18,10358078,825337.0,535.0,9993.0,7.0
Asia,Azerbaijan,2022-12-25,10358078,825893.0,556.0,10006.0,13.0
Asia,Azerbaijan,2023-01-01,10358078,826401.0,508.0,10008.0,2.0
Asia,Bahrain,2021-01-03,1472237,93184.0,1666.0,352.0,1.0
Asia,Bahrain,2021-01-10,1472237,95317.0,2133.0,355.0,3.0
Asia,Bahrain,2021-01-17,1472237,97268.0,1951.0,358.0,3.0
Asia,Bahrain,2021-01-24,1472237,99456.0,2188.0,367.0,9.0
Asia,Bahrain,2021-01-31,1472237,102626.0,3170.0,372.0,5.0
Asia,Bahrain,2021-02-07,1472237,106713.0,4087.0,379.0,7.0
Asia,Bahrain,2021-02-14,1472237,112102.0,5389.0,398.0,19.0
Asia,Bahrain,2021-02-21,1472237,117234.0,5132.0,420.0,22.0
Asia,Bahrain,2021-02-28,1472237,121778.0,4544.0,444.0,24.0
Asia,Bahrain,2021-03-07,1472237,126126.0,4348.0,469.0,25.0
Asia,Bahrain,2021-03-14,1472237,130404.0,4278.0,481.0,12.0
Asia,Bahrain,2021-03-21,1472237,135326.0,4922.0,498.0,17.0
Asia,Bahrain,2021-03-28,1472237,140818.0,5492.0,513.0,15.0
Asia,Bahrain,2021-04-04,1472237,147770.0,6952.0,531.0,18.0
Asia,Bahrain,2021-04-11,1472237,155402.0,7632.0,554.0,23.0
Asia,Bahrain,2021-04-18,1472237,163113.0,7711.0,588.0,34.0
Asia,Bahrain,2021-04-25,1472237,170335.0,7222.0,620.0,32.0
Asia,Bahrain,2021-05-02,1472237,177997.0,7662.0,648.0,28.0
Asia,Bahrain,2021-05-09,1472237,187905.0,9908.0,678.0,30.0
Asia,Bahrain,2021-05-16,1472237,199093.0,11188.0,737.0,59.0
Asia,Bahrain,2021-05-23,1472237,214870.0,15777.0,809.0,72.0
Asia,Bahrain,2021-05-30,1472237,235699.0,20829.0,939.0,130.0
Asia,Bahrain,2021-06-06,1472237,249582.0,13883.0,1091.0,152.0
Asia,Bahrain,2021-06-13,1472237,257852.0,8270.0,1206.0,115.0
Asia,Bahrain,2021-06-20,1472237,262427.0,4575.0,1297.0,91.0
Asia,Bahrain,2021-06-27,1472237,264995.0,2568.0,1341.0,44.0
Asia,Bahrain,2021-07-04,1472237,266286.0,1291.0,1358.0,17.0
Asia,Bahrain,2021-07-11,1472237,267112.0,826.0,1376.0,18.0
Asia,Bahrain,2021-07-18,1472237,267796.0,684.0,1380.0,4.0
Asia,Bahrain,2021-07-25,1472237,268413.0,617.0,1382.0,2.0
Asia,Bahrain,2021-08-01,1472237,269186.0,773.0,1384.0,2.0
Asia,Bahrain,2021-08-22,1472237,271534.0,718.0,1386.0,2.0
Asia,Bahrain,2021-08-29,1472237,272246.0,712.0,1388.0,2.0
Asia,Bahrain,2021-09-26,1472237,274745.0,566.0,1389.0,1.0
Asia,Bahrain,2021-10-10,1472237,275597.0,422.0,1390.0,1.0
Asia,Bahrain,2021-10-17,1472237,276030.0,433.0,1391.0,1.0
Asia,Bahrain,2021-10-24,1472237,276526.0,496.0,1393.0,2.0
Asia,Bahrain,2021-11-21,1472237,277348.0,147.0,1394.0,1.0
Asia,Bahrain,2022-01-09,1472237,290878.0,8201.0,1397.0,3.0
Asia,Bahrain,2022-01-16,1472237,305414.0,14536.0,1398.0,1.0
Asia,Bahrain,2022-01-23,1472237,327466.0,22052.0,1399.0,1.0
Asia,Bahrain,2022-01-30,1472237,362022.0,34556.0,1404.0,5.0
Asia,Bahrain,2022-02-06,1472237,413372.0,51350.0,1411.0,7.0
Asia,Bahrain,2022-02-13,1472237,458539.0,45167.0,1425.0,14.0
Asia,Bahrain,2022-02-20,1472237,488423.0,29884.0,1437.0,12.0
Asia,Bahrain,2022-02-27,1472237,509390.0,20967.0,1450.0,13.0
Asia,Bahrain,2022-03-06,1472237,525171.0,15781.0,1458.0,8.0
Asia,Bahrain,2022-03-13,1472237,536241.0,11070.0,1462.0,4.0
Asia,Bahrain,2022-03-20,1472237,543835.0,7594.0,1465.0,3.0
Asia,Bahrain,2022-03-27,1472237,550362.0,6527.0,1468.0,3.0
Asia,Bahrain,2022-04-03,1472237,555560.0,5198.0,1471.0,3.0
Asia,Bahrain,2022-04-10,1472237,559431.0,3871.0,1472.0,1.0
Asia,Bahrain,2022-04-17,1472237,562759.0,3328.0,1473.0,1.0
Asia,Bahrain,2022-04-24,1472237,565830.0,3071.0,1475.0,2.0
Asia,Bahrain,2022-05-08,1472237,572082.0,3376.0,1477.0,2.0
Asia,Bahrain,2022-05-15,1472237,576997.0,4915.0,1479.0,2.0
Asia,Bahrain,2022-05-22,1472237,580797.0,3800.0,1480.0,1.0
Asia,Bahrain,2022-05-29,1472237,583984.0,3187.0,1487.0,7.0
Asia,Bahrain,2022-06-05,1472237,588070.0,4086.0,1488.0,1.0
Asia,Bahrain,2022-06-12,1472237,594621.0,6551.0,1489.0,1.0
Asia,Bahrain,2022-06-19,1472237,603848.0,9227.0,1491.0,2.0
Asia,Bahrain,2022-06-26,1472237,616588.0,12740.0,1492.0,1.0
Asia,Bahrain,2022-07-03,1472237,628743.0,12155.0,1494.0,2.0
Asia,Bahrain,2022-07-10,1472237,638475.0,9732.0,1498.0,4.0
Asia,Bahrain,2022-07-17,1472237,647935.0,9460.0,1505.0,7.0
Asia,Bahrain,2022-07-24,1472237,654873.0,6938.0,1506.0,1.0
Asia,Bahrain,2022-07-31,1472237,659224.0,4351.0,1509.0,3.0
Asia,Bahrain,2022-08-07,1472237,662406.0,3182.0,1511.0,2.0
Asia,Bahrain,2022-08-14,1472237,666373.0,3967.0,1512.0,1.0
Asia,Bahrain,2022-08-21,1472237,669392.0,3019.0,1513.0,1.0
Asia,Bahrain,2022-09-04,1472237,672245.0,1391.0,1515.0,2.0
Asia,Bahrain,2022-09-11,1472237,673693.0,1448.0,1518.0,3.0
Asia,Bahrain,2022-09-18,1472237,675741.0,2048.0,1520.0,2.0
Asia,Bahrain,2022-10-16,1472237,685269.0,2027.0,1521.0,1.0
Asia,Bahrain,2022-10-23,1472237,687353.0,2084.0,1524.0,3.0
Asia,Bahrain,2022-10-30,1472237,689480.0,2127.0,1527.0,3.0
Asia,Bahrain,2022-11-06,1472237,691509.0,2029.0,1529.0,2.0
Asia,Bahrain,2022-11-13,1472237,693261.0,1752.0,1531.0,2.0
Asia,Bahrain,2022-11-20,1472237,694740.0,1479.0,1533.0,2.0
Asia,Bahrain,2022-11-27,1472237,695766.0,1026.0,1536.0,3.0
Asia,Bangladesh,2021-01-03,171186368,516019.0,6871.0,7626.0,174.0
Asia,Bangladesh,2021-01-10,171186368,522453.0,6434.0,7781.0,155.0
Asia,Bangladesh,2021-01-17,171186368,527632.0,5179.0,7906.0,125.0
Asia,Bangladesh,2021-01-24,171186368,531799.0,4167.0,8023.0,117.0
Asia,Bangladesh,2021-01-31,171186368,535139.0,3340.0,8127.0,104.0
Asia,Bangladesh,2021-02-07,171186368,538062.0,2923.0,8205.0,78.0
Asia,Bangladesh,2021-02-14,171186368,540592.0,2530.0,8274.0,69.0
Asia,Bangladesh,2021-02-21,171186368,543351.0,2759.0,8349.0,75.0
Asia,Bangladesh,2021-02-28,171186368,546216.0,2865.0,8408.0,59.0
Asia,Bangladesh,2021-03-07,171186368,550330.0,4114.0,8462.0,54.0
Asia,Bangladesh,2021-03-14,171186368,557395.0,7065.0,8545.0,83.0
Asia,Bangladesh,2021-03-21,171186368,570878.0,13483.0,8690.0,145.0
Asia,Bangladesh,2021-03-28,171186368,595714.0,24836.0,8904.0,214.0
Asia,Bangladesh,2021-04-04,171186368,637364.0,41650.0,9266.0,362.0
Asia,Bangladesh,2021-04-11,171186368,684756.0,47392.0,9739.0,473.0
Asia,Bangladesh,2021-04-18,171186368,718950.0,34194.0,10385.0,646.0
Asia,Bangladesh,2021-04-25,171186368,745322.0,26372.0,11053.0,668.0
Asia,Bangladesh,2021-05-02,171186368,761943.0,16621.0,11579.0,526.0
Asia,Bangladesh,2021-05-09,171186368,773513.0,11570.0,11934.0,355.0
Asia,Bangladesh,2021-05-16,171186368,780159.0,6646.0,12149.0,215.0
Asia,Bangladesh,2021-05-23,171186368,789080.0,8921.0,12376.0,227.0
Asia,Bangladesh,2021-05-30,171186368,798830.0,9750.0,12583.0,207.0
Asia,Bangladesh,2021-06-06,171186368,810990.0,12160.0,12839.0,256.0
Asia,Bangladesh,2021-06-13,171186368,826922.0,15932.0,13118.0,279.0
Asia,Bangladesh,2021-06-20,171186368,851668.0,24746.0,13548.0,430.0
Asia,Bangladesh,2021-06-27,171186368,888406.0,36738.0,14172.0,624.0
Asia,Bangladesh,2021-07-04,171186368,944917.0,56511.0,15065.0,893.0
Asia,Bangladesh,2021-07-11,171186368,1021189.0,76272.0,16419.0,1354.0
Asia,Bangladesh,2021-07-18,171186368,1103989.0,82800.0,17894.0,1475.0
Asia,Bangladesh,2021-07-25,171186368,1164635.0,60646.0,19274.0,1380.0
Asia,Bangladesh,2021-08-01,171186368,1264328.0,99693.0,20916.0,1642.0
Asia,Bangladesh,2021-08-08,171186368,1353695.0,89367.0,22652.0,1736.0
Asia,Bangladesh,2021-08-15,171186368,1418902.0,65207.0,24175.0,1523.0
Asia,Bangladesh,2021-08-22,171186368,1461998.0,43096.0,25282.0,1107.0
Asia,Bangladesh,2021-08-29,171186368,1493537.0,31539.0,26015.0,733.0
Asia,Bangladesh,2021-09-05,171186368,1514456.0,20919.0,26563.0,548.0
Asia,Bangladesh,2021-09-12,171186368,1530413.0,15957.0,26931.0,368.0
Asia,Bangladesh,2021-09-19,171186368,1542683.0,12270.0,27225.0,294.0
Asia,Bangladesh,2021-09-26,171186368,1551351.0,8668.0,27414.0,189.0
Asia,Bangladesh,2021-10-03,171186368,1557964.0,6613.0,27573.0,159.0
Asia,Bangladesh,2021-10-10,171186368,1562359.0,4395.0,27688.0,115.0
Asia,Bangladesh,2021-10-17,171186368,1565488.0,3129.0,27768.0,80.0
Asia,Bangladesh,2021-10-24,171186368,1567692.0,2204.0,27823.0,55.0
Asia,Bangladesh,2021-10-31,171186368,1569539.0,1847.0,27868.0,45.0
Asia,Bangladesh,2021-11-07,171186368,1571013.0,1474.0,27895.0,27.0
Asia,Bangladesh,2021-11-14,171186368,1572501.0,1488.0,27922.0,27.0
Asia,Bangladesh,2021-11-21,171186368,1574088.0,1587.0,27953.0,31.0
Asia,Bangladesh,2021-11-28,171186368,1575784.0,1696.0,27978.0,25.0
Asia,Bangladesh,2021-12-05,171186368,1577443.0,1659.0,28001.0,23.0
Asia,Bangladesh,2021-12-12,171186368,1579325.0,1882.0,28028.0,27.0
Asia,Bangladesh,2021-12-19,171186368,1581083.0,1758.0,28048.0,20.0
Asia,Bangladesh,2021-12-26,171186368,1583253.0,2170.0,28060.0,12.0
Asia,Bangladesh,2022-01-02,171186368,1586466.0,3213.0,28077.0,17.0
Asia,Bangladesh,2022-01-09,171186368,1593700.0,7234.0,28102.0,25.0
Asia,Bangladesh,2022-01-16,171186368,1617711.0,24011.0,28144.0,42.0
Asia,Bangladesh,2022-01-23,171186368,1685136.0,67425.0,28223.0,79.0
Asia,Bangladesh,2022-01-30,171186368,1785332.0,100196.0,28363.0,140.0
Asia,Bangladesh,2022-02-06,171186368,1861532.0,76200.0,28589.0,226.0
Asia,Bangladesh,2022-02-13,171186368,1909664.0,48132.0,28819.0,230.0
Asia,Bangladesh,2022-02-20,171186368,1933291.0,23627.0,28965.0,146.0
Asia,Bangladesh,2022-02-27,171186368,1942680.0,9389.0,29033.0,68.0
Asia,Bangladesh,2022-03-06,171186368,1947266.0,4586.0,29085.0,52.0
Asia,Bangladesh,2022-03-13,171186368,1949486.0,2220.0,29111.0,26.0
Asia,Bangladesh,2022-03-20,171186368,1950609.0,1123.0,29117.0,6.0
Asia,Bangladesh,2022-03-27,171186368,1951282.0,673.0,29118.0,1.0
Asia,Bangladesh,2022-04-03,171186368,1951770.0,488.0,29122.0,4.0
Asia,Bangladesh,2022-04-10,171186368,1952065.0,295.0,29123.0,1.0
Asia,Bangladesh,2022-04-17,171186368,1952326.0,261.0,29124.0,1.0
Asia,Bangladesh,2022-04-24,171186368,1952556.0,230.0,29127.0,3.0
Asia,Bangladesh,2022-05-22,171186368,1953204.0,192.0,29128.0,1.0
Asia,Bangladesh,2022-05-29,171186368,1953407.0,203.0,29130.0,2.0
Asia,Bangladesh,2022-06-05,171186368,1953623.0,216.0,29131.0,1.0
Asia,Bangladesh,2022-06-26,171186368,1965173.0,8846.0,29140.0,9.0
Asia,Bangladesh,2022-07-03,171186368,1978689.0,13516.0,29162.0,22.0
Asia,Bangladesh,2022-07-10,171186368,1989854.0,11165.0,29200.0,38.0
Asia,Bangladesh,2022-07-17,171186368,1996340.0,6486.0,29234.0,34.0
Asia,Bangladesh,2022-07-24,171186368,2001775.0,5435.0,29266.0,32.0
Asia,Bangladesh,2022-07-31,171186368,2005257.0,3482.0,29291.0,25.0
Asia,Bangladesh,2022-08-07,171186368,2007335.0,2078.0,29304.0,13.0
Asia,Bangladesh,2022-08-14,171186368,2008870.0,1535.0,29313.0,9.0
Asia,Bangladesh,2022-08-21,171186368,2009970.0,1100.0,29315.0,2.0
Asia,Bangladesh,2022-08-28,171186368,2011317.0,1347.0,29323.0,8.0
Asia,Bangladesh,2022-09-04,171186368,2012761.0,1444.0,29328.0,5.0
Asia,Bangladesh,2022-09-11,171186368,2014887.0,2126.0,29334.0,6.0
Asia,Bangladesh,2022-09-18,171186368,2017614.0,2727.0,29339.0,5.0
Asia,Bangladesh,2022-09-25,171186368,2021690.0,4076.0,29353.0,14.0
Asia,Bangladesh,2022-10-02,171186368,2026212.0,4522.0,29369.0,16.0
Asia,Bangladesh,2022-10-09,171186368,2029723.0,3511.0,29381.0,12.0
Asia,Bangladesh,2022-10-16,171186368,2032443.0,2720.0,29401.0,20.0
Asia,Bangladesh,2022-10-23,171186368,2034141.0,1698.0,29413.0,12.0
Asia,Bangladesh,2022-10-30,171186368,2035152.0,1011.0,29423.0,10.0
Asia,Bangladesh,2022-11-06,171186368,2035828.0,676.0,29426.0,3.0
Asia,Bangladesh,2022-11-13,171186368,2036166.0,338.0,29427.0,1.0
Asia,Bangladesh,2022-11-20,171186368,2036367.0,201.0,29430.0,3.0
Asia,Bangladesh,2022-11-27,171186368,2036527.0,160.0,29431.0,1.0
Asia,Bangladesh,2022-12-04,171186368,2036637.0,110.0,29434.0,3.0
Asia,Bangladesh,2022-12-11,171186368,2036806.0,169.0,29436.0,2.0
Asia,Bangladesh,2022-12-18,171186368,2036928.0,122.0,29438.0,2.0
Asia,Bangladesh,2022-12-25,171186368,2037024.0,96.0,29439.0,1.0
Asia,Bangladesh,2023-01-01,171186368,2037142.0,118.0,29440.0,1.0
Asia,Bhutan,2021-01-10,782457,813.0,97.0,1.0,1.0
Asia,Bhutan,2021-07-18,782457,2421.0,146.0,2.0,1.0
Asia,Bhutan,2021-08-15,782457,2571.0,27.0,3.0,1.0
Asia,Bhutan,2022-01-30,782457,4685.0,1036.0,4.0,1.0
Asia,Bhutan,2022-02-13,782457,7429.0,1337.0,5.0,1.0
Asia,Bhutan,2022-02-20,782457,10078.0,2649.0,6.0,1.0
Asia,Bhutan,2022-03-06,782457,14798.0,2604.0,7.0,1.0
Asia,Bhutan,2022-03-20,782457,22004.0,4384.0,9.0,2.0
Asia,Bhutan,2022-04-03,782457,31437.0,6357.0,12.0,3.0
Asia,Bhutan,2022-04-10,782457,42222.0,10785.0,14.0,2.0
Asia,Bhutan,2022-04-17,782457,52796.0,10574.0,18.0,4.0
Asia,Bhutan,2022-04-24,782457,57771.0,4975.0,20.0,2.0
Asia,Bhutan,2022-05-01,782457,59219.0,1448.0,21.0,1.0
Asia,Brunei,2021-08-15,449002,723.0,359.0,4.0,1.0
Asia,Brunei,2021-08-22,449002,1769.0,1046.0,11.0,7.0
Asia,Brunei,2021-08-29,449002,2565.0,796.0,16.0,5.0
Asia,Brunei,2021-09-05,449002,3329.0,764.0,20.0,4.0
Asia,Brunei,2021-09-12,449002,4163.0,834.0,25.0,5.0
Asia,Brunei,2021-09-19,449002,5047.0,884.0,32.0,7.0
Asia,Brunei,2021-09-26,449002,6540.0,1493.0,38.0,6.0
Asia,Brunei,2021-10-03,449002,7716.0,1176.0,44.0,6.0
Asia,Brunei,2021-10-10,449002,8980.0,1264.0,49.0,5.0
Asia,Brunei,2021-10-17,449002,10860.0,1880.0,56.0,7.0
Asia,Brunei,2021-10-24,449002,12113.0,1253.0,57.0,1.0
Asia,Brunei,2021-10-31,449002,13130.0,1017.0,58.0,1.0
Asia,Brunei,2021-11-07,449002,13782.0,652.0,61.0,3.0
Asia,Brunei,2022-01-02,449002,15499.0,52.0,62.0,1.0
Asia,Brunei,2022-02-13,449002,22515.0,4731.0,64.0,2.0
Asia,Brunei,2022-02-20,449002,34979.0,12464.0,67.0,3.0
Asia,Brunei,2022-02-27,449002,59447.0,24468.0,73.0,6.0
Asia,Brunei,2022-03-06,449002,88849.0,29402.0,84.0,11.0
Asia,Brunei,2022-03-13,449002,112093.0,23244.0,92.0,8.0
Asia,Brunei,2022-03-20,449002,124716.0,12623.0,94.0,2.0
Asia,Brunei,2022-03-27,449002,131403.0,6687.0,100.0,6.0
Asia,Brunei,2022-04-10,449002,138530.0,2556.0,101.0,1.0
Asia,Brunei,2022-07-03,449002,163527.0,6504.0,107.0,5.0
Asia,Brunei,2022-07-10,449002,173137.0,9610.0,117.0,10.0
Asia,Brunei,2022-07-17,449002,184995.0,11858.0,121.0,4.0
Asia,Brunei,2022-07-24,449002,197415.0,12420.0,122.0,1.0
Asia,Brunei,2022-08-07,449002,215283.0,9123.0,128.0,6.0
Asia,Brunei,2022-08-28,449002,221699.0,1454.0,129.0,1.0
Asia,Brunei,2022-09-04,449002,223059.0,1360.0,130.0,1.0
Asia,Brunei,2022-09-11,449002,224610.0,1551.0,131.0,1.0
Asia,Brunei,2022-10-02,449002,229665.0,1909.0,133.0,2.0
Asia,Brunei,2022-10-09,449002,231833.0,2168.0,134.0,1.0
Asia,Brunei,2022-10-16,449002,234582.0,2749.0,135.0,1.0
Asia,Brunei,2022-10-23,449002,237656.0,3074.0,136.0,1.0
Asia,Brunei,2022-11-06,449002,244599.0,3555.0,137.0,1.0
Asia,Brunei,2022-11-20,449002,253406.0,4545.0,143.0,6.0
Asia,Brunei,2022-11-27,449002,257921.0,4515.0,144.0,1.0
Asia,Brunei,2022-12-04,449002,261440.0,3519.0,145.0,1.0
Asia,Brunei,2022-12-11,449002,264490.0,3050.0,146.0,1.0
Asia,Brunei,2022-12-18,449002,266819.0,2329.0,147.0,1.0
Asia,Brunei,2022-12-25,449002,268615.0,1796.0,148.0,1.0
Asia,Cambodia,2021-03-14,16767851,1325.0,314.0,1.0,1.0
Asia,Cambodia,2021-03-21,16767851,1753.0,428.0,3.0,2.0
Asia,Cambodia,2021-03-28,16767851,2273.0,520.0,10.0,7.0
Asia,Cambodia,2021-04-04,16767851,2752.0,479.0,19.0,9.0
Asia,Cambodia,2021-04-11,16767851,4515.0,1763.0,29.0,10.0
Asia,Cambodia,2021-04-18,16767851,7013.0,2498.0,43.0,14.0
Asia,Cambodia,2021-04-25,16767851,10555.0,3542.0,74.0,31.0
Asia,Cambodia,2021-05-02,16767851,15361.0,4806.0,106.0,32.0
Asia,Cambodia,2021-05-09,16767851,19743.0,4382.0,126.0,20.0
Asia,Cambodia,2021-05-16,16767851,22544.0,2801.0,154.0,28.0
Asia,Cambodia,2021-05-23,16767851,25761.0,3217.0,179.0,25.0
Asia,Cambodia,2021-05-30,16767851,30094.0,4333.0,214.0,35.0
Asia,Cambodia,2021-06-06,16767851,34244.0,4150.0,263.0,49.0
Asia,Cambodia,2021-06-13,16767851,38427.0,4183.0,335.0,72.0
Asia,Cambodia,2021-06-20,16767851,42711.0,4284.0,431.0,96.0
Asia,Cambodia,2021-06-27,16767851,47649.0,4938.0,540.0,109.0
Asia,Cambodia,2021-07-04,16767851,54291.0,6642.0,720.0,180.0
Asia,Cambodia,2021-07-11,16767851,60959.0,6668.0,902.0,182.0
Asia,Cambodia,2021-07-18,16767851,67181.0,6222.0,1106.0,204.0
Asia,Cambodia,2021-07-25,16767851,72923.0,5742.0,1283.0,177.0
Asia,Cambodia,2021-08-01,16767851,77914.0,4991.0,1420.0,137.0
Asia,Cambodia,2021-08-08,16767851,81891.0,3977.0,1562.0,142.0
Asia,Cambodia,2021-08-15,16767851,85448.0,3557.0,1683.0,121.0
Asia,Cambodia,2021-08-22,16767851,89231.0,3783.0,1792.0,109.0
Asia,Cambodia,2021-08-29,16767851,92208.0,2977.0,1881.0,89.0
Asia,Cambodia,2021-09-05,16767851,95300.0,3092.0,1957.0,76.0
Asia,Cambodia,2021-09-12,16767851,99504.0,4204.0,2040.0,83.0
Asia,Cambodia,2021-09-19,16767851,104094.0,4590.0,2109.0,69.0
Asia,Cambodia,2021-09-26,16767851,109087.0,4993.0,2243.0,134.0
Asia,Cambodia,2021-10-03,16767851,113256.0,4169.0,2383.0,140.0
Asia,Cambodia,2021-10-10,16767851,114810.0,1554.0,2506.0,123.0
Asia,Cambodia,2021-10-17,16767851,116665.0,1855.0,2658.0,152.0
Asia,Cambodia,2021-10-24,16767851,117772.0,1107.0,2734.0,76.0
Asia,Cambodia,2021-10-31,16767851,118522.0,750.0,2788.0,54.0
Asia,Cambodia,2021-11-07,16767851,119092.0,570.0,2829.0,41.0
Asia,Cambodia,2021-11-14,16767851,119536.0,444.0,2867.0,38.0
Asia,Cambodia,2021-11-21,16767851,119867.0,331.0,2900.0,33.0
Asia,Cambodia,2021-11-28,16767851,120087.0,220.0,2931.0,31.0
Asia,Cambodia,2021-12-05,16767851,120256.0,169.0,2960.0,29.0
Asia,Cambodia,2021-12-12,16767851,120355.0,99.0,2985.0,25.0
Asia,Cambodia,2021-12-19,16767851,120416.0,61.0,3005.0,20.0
Asia,Cambodia,2021-12-26,16767851,120449.0,33.0,3008.0,3.0
Asia,Cambodia,2022-01-02,16767851,120510.0,61.0,3013.0,5.0
Asia,Cambodia,2022-01-09,16767851,120621.0,111.0,3015.0,2.0
Asia,Cambodia,2022-02-20,16767851,126489.0,3046.0,3017.0,2.0
Asia,Cambodia,2022-02-27,16767851,129920.0,3431.0,3032.0,15.0
Asia,Cambodia,2022-03-06,16767851,132402.0,2482.0,3041.0,9.0
Asia,Cambodia,2022-03-13,16767851,134068.0,1666.0,3047.0,6.0
Asia,Cambodia,2022-03-20,16767851,134986.0,918.0,3051.0,4.0
Asia,Cambodia,2022-03-27,16767851,135461.0,475.0,3054.0,3.0
Asia,Cambodia,2022-04-10,16767851,135947.0,200.0,3055.0,1.0
Asia,Cambodia,2022-04-24,16767851,136216.0,156.0,3056.0,1.0
Asia,China,2021-01-03,1425887360,96972.0,648.0,4791.0,14.0
Asia,China,2021-01-10,1425887360,97652.0,680.0,4798.0,7.0
Asia,China,2021-01-17,1425887360,98794.0,1142.0,4804.0,6.0
Asia,China,2021-01-24,1425887360,100136.0,1342.0,4810.0,6.0
Asia,China,2021-01-31,1425887360,100974.0,838.0,4823.0,13.0
Asia,China,2021-02-07,1425887360,101316.0,342.0,4831.0,8.0
Asia,China,2021-02-14,1425887360,101536.0,220.0,4838.0,7.0
Asia,China,2021-02-21,1425887360,101700.0,164.0,4842.0,4.0
Asia,China,2021-02-28,1425887360,101920.0,220.0,4843.0,1.0
Asia,China,2021-03-07,1425887360,102101.0,181.0,4848.0,5.0
Asia,China,2021-03-14,1425887360,102363.0,262.0,4849.0,1.0
Asia,China,2021-03-28,1425887360,102698.0,159.0,4851.0,2.0
Asia,China,2021-04-11,1425887360,103113.0,205.0,4853.0,2.0
Asia,China,2021-04-18,1425887360,103315.0,202.0,4856.0,3.0
Asia,China,2021-05-02,1425887360,103667.0,183.0,4858.0,2.0
Asia,China,2021-05-23,1425887360,107187.0,2762.0,4869.0,11.0
Asia,China,2021-05-30,1425887360,111146.0,3959.0,4955.0,86.0
Asia,China,2021-06-06,1425887360,114667.0,3521.0,5106.0,151.0
Asia,China,2021-06-13,1425887360,116301.0,1634.0,5283.0,177.0
Asia,China,2021-06-20,1425887360,117548.0,1247.0,5395.0,112.0
Asia,China,2021-06-27,1425887360,118358.0,810.0,5478.0,83.0
Asia,China,2021-07-04,1425887360,118896.0,538.0,5535.0,57.0
Asia,China,2021-07-11,1425887360,119321.0,425.0,5588.0,53.0
Asia,China,2021-07-18,1425887360,119698.0,377.0,5616.0,28.0
Asia,China,2021-07-25,1425887360,120213.0,515.0,5634.0,18.0
Asia,China,2021-08-01,1425887360,120837.0,624.0,5637.0,3.0
Asia,China,2021-08-08,1425887360,121684.0,847.0,5657.0,20.0
Asia,China,2021-08-15,1425887360,122378.0,694.0,5669.0,12.0
Asia,China,2021-08-22,1425887360,122698.0,320.0,5676.0,7.0
Asia,China,2021-08-29,1425887360,122995.0,297.0,5682.0,6.0
Asia,China,2021-09-05,1425887360,123231.0,236.0,5685.0,3.0
Asia,China,2021-09-12,1425887360,123544.0,313.0,5687.0,2.0
Asia,China,2021-09-19,1425887360,124102.0,558.0,5689.0,2.0
Asia,China,2021-09-26,1425887360,124495.0,393.0,5690.0,1.0
Asia,China,2021-10-03,1425887360,124805.0,310.0,5692.0,2.0
Asia,China,2021-10-10,1425887360,125055.0,250.0,5695.0,3.0
Asia,China,2021-10-31,1425887360,126078.0,513.0,5696.0,1.0
Asia,China,2021-11-14,1425887360,127260.0,550.0,5697.0,1.0
Asia,China,2021-12-19,1425887360,129794.0,712.0,5699.0,2.0
Asia,China,2022-01-16,1425887360,136027.0,1876.0,5700.0,1.0
Asia,China,2022-02-13,1425887360,149640.0,8591.0,5706.0,6.0
Asia,China,2022-02-20,1425887360,180767.0,31127.0,5776.0,70.0
Asia,China,2022-02-27,1425887360,301154.0,120387.0,6148.0,372.0
Asia,China,2022-03-06,1425887360,603734.0,302580.0,7496.0,1348.0
Asia,China,2022-03-13,1425887360,761907.0,158173.0,9482.0,1986.0
Asia,China,2022-03-20,1425887360,846296.0,84389.0,11387.0,1905.0
Asia,China,2022-03-27,1425887360,890267.0,43971.0,12743.0,1356.0
Asia,China,2022-04-03,1425887360,922543.0,32276.0,13663.0,920.0
Asia,China,2022-04-10,1425887360,944191.0,21648.0,14262.0,599.0
Asia,China,2022-04-17,1425887360,974858.0,30667.0,14634.0,372.0
Asia,China,2022-04-24,1425887360,1017161.0,42303.0,14881.0,247.0
Asia,China,2022-05-01,1425887360,1109144.0,91983.0,15273.0,392.0
Asia,China,2022-05-08,1425887360,1336865.0,227721.0,15450.0,177.0
Asia,China,2022-05-15,1425887360,1750942.0,414077.0,15642.0,192.0
Asia,China,2022-05-22,1425887360,2304993.0,554051.0,15989.0,347.0
Asia,China,2022-05-29,1425887360,2878333.0,573340.0,16658.0,669.0
Asia,China,2022-06-05,1425887360,3392302.0,513969.0,17702.0,1044.0
Asia,China,2022-06-12,1425887360,3882284.0,489982.0,18896.0,1194.0
Asia,China,2022-06-19,1425887360,4288753.0,406469.0,19987.0,1091.0
Asia,China,2022-06-26,1425887360,4611936.0,323183.0,20969.0,982.0
Asia,China,2022-07-03,1425887360,4841957.0,230021.0,21658.0,689.0
Asia,China,2022-07-10,1425887360,5065872.0,223915.0,22367.0,709.0
Asia,China,2022-07-17,1425887360,5263427.0,197555.0,22895.0,528.0
Asia,China,2022-07-24,1425887360,5444117.0,180690.0,23353.0,458.0
Asia,China,2022-07-31,1425887360,5616120.0,172003.0,23704.0,351.0
Asia,China,2022-08-07,1425887360,5779460.0,163340.0,24034.0,330.0
Asia,China,2022-08-14,1425887360,5946156.0,166696.0,24258.0,224.0
Asia,China,2022-08-21,1425887360,6118580.0,172424.0,24499.0,241.0
Asia,China,2022-08-28,1425887360,6313044.0,194464.0,24766.0,267.0
Asia,China,2022-09-04,1425887360,6551088.0,238044.0,25058.0,292.0
Asia,China,2022-09-11,1425887360,6814376.0,263288.0,25354.0,296.0
Asia,China,2022-09-18,1425887360,7112069.0,297693.0,25712.0,358.0
Asia,China,2022-09-25,1425887360,7404545.0,292476.0,26244.0,532.0
Asia,China,2022-10-02,1425887360,7707637.0,303092.0,26609.0,365.0
Asia,China,2022-10-09,1425887360,8041467.0,333830.0,27044.0,435.0
Asia,China,2022-10-16,1425887360,8370377.0,328910.0,27471.0,427.0
Asia,China,2022-10-23,1425887360,8655725.0,285348.0,27950.0,479.0
Asia,China,2022-10-30,1425887360,8913719.0,257994.0,28460.0,510.0
Asia,China,2022-11-06,1425887360,9132821.0,219102.0,28939.0,479.0
Asia,China,2022-11-13,1425887360,9304566.0,171745.0,29370.0,431.0
Asia,China,2022-11-20,1425887360,9463379.0,158813.0,29838.0,468.0
Asia,China,2022-11-27,1425887360,9607584.0,144205.0,30192.0,354.0
Asia,China,2022-12-04,1425887360,9753725.0,146141.0,30567.0,375.0
Asia,China,2022-12-11,1425887360,10871623.0,1117898.0,31438.0,871.0
Asia,China,2022-12-18,1425887360,21970173.0,11098550.0,33146.0,1708.0
Asia,China,2022-12-25,1425887360,62445650.0,40475477.0,38995.0,5849.0
Asia,China,2023-01-01,1425887360,87090526.0,24644876.0,56888.0,17893.0
Asia,East Timor,2021-04-11,1341298,1046.0,332.0,1.0,1.0
Asia,East Timor,2021-04-18,1341298,1306.0,260.0,2.0,1.0
Asia,East Timor,2021-04-25,1341298,1897.0,591.0,3.0,1.0
Asia,East Timor,2021-05-02,1341298,2444.0,547.0,4.0,1.0
Asia,East Timor,2021-05-09,1341298,3227.0,783.0,5.0,1.0
Asia,East Timor,2021-05-16,1341298,4458.0,1231.0,10.0,5.0
Asia,East Timor,2021-05-23,1341298,5637.0,1179.0,13.0,3.0
Asia,East Timor,2021-05-30,1341298,6897.0,1260.0,16.0,3.0
Asia,East Timor,2021-06-06,1341298,7740.0,843.0,17.0,1.0
Asia,East Timor,2021-06-13,1341298,8285.0,545.0,18.0,1.0
Asia,East Timor,2021-06-20,1341298,8707.0,422.0,19.0,1.0
Asia,East Timor,2021-06-27,1341298,9035.0,328.0,21.0,2.0
Asia,East Timor,2021-07-04,1341298,9476.0,441.0,24.0,3.0
Asia,East Timor,2021-07-11,1341298,9823.0,347.0,25.0,1.0
Asia,East Timor,2021-07-18,1341298,10128.0,305.0,26.0,1.0
Asia,East Timor,2021-08-08,1341298,11529.0,563.0,27.0,1.0
Asia,East Timor,2021-08-15,1341298,12565.0,1036.0,30.0,3.0
Asia,East Timor,2021-08-22,1341298,14216.0,1651.0,48.0,18.0
Asia,East Timor,2021-08-29,1341298,16402.0,2186.0,62.0,14.0
Asia,East Timor,2021-09-05,1341298,17618.0,1216.0,80.0,18.0
Asia,East Timor,2021-09-12,1341298,18515.0,897.0,95.0,15.0
Asia,East Timor,2021-09-19,1341298,19033.0,518.0,104.0,9.0
Asia,East Timor,2021-09-26,1341298,19382.0,349.0,113.0,9.0
Asia,East Timor,2021-10-03,1341298,19582.0,200.0,118.0,5.0
Asia,East Timor,2021-10-10,1341298,19673.0,91.0,119.0,1.0
Asia,East Timor,2021-10-24,1341298,19770.0,56.0,121.0,2.0
Asia,East Timor,2021-10-31,1341298,19790.0,20.0,122.0,1.0
Asia,East Timor,2022-02-13,1341298,21631.0,1228.0,124.0,2.0
Asia,East Timor,2022-02-20,1341298,22358.0,727.0,125.0,1.0
Asia,East Timor,2022-02-27,1341298,22668.0,310.0,128.0,3.0
Asia,East Timor,2022-03-06,1341298,22759.0,91.0,129.0,1.0
Asia,East Timor,2022-03-20,1341298,22805.0,14.0,130.0,1.0
Asia,East Timor,2022-05-15,1341298,22889.0,4.0,131.0,1.0
Asia,East Timor,2022-06-12,1341298,22933.0,8.0,133.0,2.0
Asia,East Timor,2022-08-07,1341298,23039.0,35.0,134.0,1.0
Asia,East Timor,2022-08-14,1341298,23083.0,44.0,135.0,1.0
Asia,East Timor,2022-08-28,1341298,23160.0,44.0,137.0,2.0
Asia,East Timor,2022-09-04,1341298,23185.0,25.0,138.0,1.0
Asia,Georgia,2021-01-03,3744385,229169.0,7564.0,2603.0,226.0
Asia,Georgia,2021-01-10,3744385,239229.0,10060.0,2773.0,170.0
Asia,Georgia,2021-01-17,3744385,247805.0,8576.0,2933.0,160.0
Asia,Georgia,2021-01-24,3744385,253518.0,5713.0,3055.0,122.0
Asia,Georgia,2021-01-31,3744385,258111.0,4593.0,3178.0,123.0
Asia,Georgia,2021-02-07,3744385,262024.0,3913.0,3283.0,105.0
Asia,Georgia,2021-02-14,3744385,265557.0,3533.0,3352.0,69.0
Asia,Georgia,2021-02-21,3744385,268355.0,2798.0,3435.0,83.0
Asia,Georgia,2021-02-28,3744385,270758.0,2403.0,3510.0,75.0
Asia,Georgia,2021-03-07,3744385,272851.0,2093.0,3576.0,66.0
Asia,Georgia,2021-03-14,3744385,274989.0,2138.0,3648.0,72.0
Asia,Georgia,2021-03-21,3744385,277480.0,2491.0,3700.0,52.0
Asia,Georgia,2021-03-28,3744385,280301.0,2821.0,3751.0,51.0
Asia,Georgia,2021-04-04,3744385,283833.0,3532.0,3811.0,60.0
Asia,Georgia,2021-04-11,3744385,288396.0,4563.0,3877.0,66.0
Asia,Georgia,2021-04-18,3744385,295358.0,6962.0,3939.0,62.0
Asia,Georgia,2021-04-25,3744385,303751.0,8393.0,4025.0,86.0
Asia,Georgia,2021-05-02,3744385,312445.0,8694.0,4151.0,126.0
Asia,Georgia,2021-05-09,3744385,321919.0,9474.0,4281.0,130.0
Asia,Georgia,2021-05-16,3744385,330375.0,8456.0,4442.0,161.0
Asia,Georgia,2021-05-23,3744385,337573.0,7198.0,4622.0,180.0
Asia,Georgia,2021-05-30,3744385,343603.0,6030.0,4757.0,135.0
Asia,Georgia,2021-06-06,3744385,349098.0,5495.0,4910.0,153.0
Asia,Georgia,2021-06-13,3744385,353965.0,4867.0,5048.0,138.0
Asia,Georgia,2021-06-20,3744385,358881.0,4916.0,5160.0,112.0
Asia,Georgia,2021-06-27,3744385,363522.0,4641.0,5266.0,106.0
Asia,Georgia,2021-07-04,3744385,369048.0,5526.0,5347.0,81.0
Asia,Georgia,2021-07-11,3744385,377152.0,8104.0,5452.0,105.0
Asia,Georgia,2021-07-18,3744385,387481.0,10329.0,5551.0,99.0
Asia,Georgia,2021-07-25,3744385,402759.0,15278.0,5688.0,137.0
Asia,Georgia,2021-08-01,3744385,422188.0,19429.0,5853.0,165.0
Asia,Georgia,2021-08-08,3744385,447913.0,25725.0,6084.0,231.0
Asia,Georgia,2021-08-15,3744385,481578.0,33665.0,6406.0,322.0
Asia,Georgia,2021-08-22,3744385,514744.0,33166.0,6771.0,365.0
Asia,Georgia,2021-08-29,3744385,543118.0,28374.0,7251.0,480.0
Asia,Georgia,2021-09-05,3744385,564837.0,21719.0,7806.0,555.0
Asia,Georgia,2021-09-12,3744385,580869.0,16032.0,8185.0,379.0
Asia,Georgia,2021-09-19,3744385,595264.0,14395.0,8541.0,356.0
Asia,Georgia,2021-09-26,3744385,606492.0,11228.0,8817.0,276.0
Asia,Georgia,2021-10-03,3744385,617753.0,11261.0,9038.0,221.0
Asia,Georgia,2021-10-10,3744385,634053.0,16300.0,9246.0,208.0
Asia,Georgia,2021-10-17,3744385,662334.0,28281.0,9468.0,222.0
Asia,Georgia,2021-10-24,3744385,692240.0,29906.0,9742.0,274.0
Asia,Georgia,2021-10-31,3744385,719247.0,27007.0,10045.0,303.0
Asia,Georgia,2021-11-07,3744385,752855.0,33608.0,10435.0,390.0
Asia,Georgia,2021-11-14,3744385,784091.0,31236.0,10975.0,540.0
Asia,Georgia,2021-11-21,3744385,812246.0,28155.0,11498.0,523.0
Asia,Georgia,2021-11-28,3744385,838639.0,26393.0,11927.0,429.0
Asia,Georgia,2021-12-05,3744385,865293.0,26654.0,12344.0,417.0
Asia,Georgia,2021-12-12,3744385,889286.0,23993.0,12731.0,387.0
Asia,Georgia,2021-12-19,3744385,909160.0,19874.0,13071.0,340.0
Asia,Georgia,2021-12-26,3744385,924368.0,15208.0,13512.0,441.0
Asia,Georgia,2022-01-02,3744385,937640.0,13272.0,13885.0,373.0
Asia,Georgia,2022-01-09,3744385,959874.0,22234.0,14137.0,252.0
Asia,Georgia,2022-01-16,3744385,995687.0,35813.0,14399.0,262.0
Asia,Georgia,2022-01-23,3744385,1051445.0,55758.0,14651.0,252.0
Asia,Georgia,2022-01-30,3744385,1162773.0,111328.0,14895.0,244.0
Asia,Georgia,2022-02-06,3744385,1314603.0,151830.0,15162.0,267.0
Asia,Georgia,2022-02-13,3744385,1454065.0,139462.0,15506.0,344.0
Asia,Georgia,2022-02-20,3744385,1548893.0,94828.0,15806.0,300.0
Asia,Georgia,2022-02-27,3744385,1603007.0,54114.0,16088.0,282.0
Asia,Georgia,2022-03-06,3744385,1625372.0,22365.0,16316.0,228.0
Asia,Georgia,2022-03-13,3744385,1635509.0,10137.0,16504.0,188.0
Asia,Georgia,2022-03-20,3744385,1641874.0,6365.0,16613.0,109.0
Asia,Georgia,2022-03-27,3744385,1646316.0,4442.0,16658.0,45.0
Asia,Georgia,2022-04-03,3744385,1649222.0,2906.0,16706.0,48.0
Asia,Georgia,2022-04-10,3744385,1651470.0,2248.0,16721.0,15.0
Asia,Georgia,2022-04-17,3744385,1653044.0,1574.0,16742.0,21.0
Asia,Georgia,2022-04-24,3744385,1654255.0,1211.0,16750.0,8.0
Asia,Georgia,2022-05-01,3744385,1655170.0,915.0,16760.0,10.0
Asia,Georgia,2022-05-08,3744385,1655221.0,51.0,16761.0,1.0
Asia,Georgia,2022-05-15,3744385,1655966.0,745.0,16769.0,8.0
Asia,Georgia,2022-05-22,3744385,1656568.0,602.0,16772.0,3.0
Asia,Georgia,2022-05-29,3744385,1657154.0,586.0,16777.0,5.0
Asia,Georgia,2022-06-05,3744385,1657729.0,575.0,16778.0,1.0
Asia,Georgia,2022-06-12,3744385,1658755.0,1026.0,16788.0,10.0
Asia,Georgia,2022-06-26,3744385,1660429.0,1674.0,16791.0,3.0
Asia,Georgia,2022-07-10,3744385,1662299.0,1870.0,16794.0,3.0
Asia,Georgia,2022-07-17,3744385,1667453.0,5154.0,16797.0,3.0
Asia,Georgia,2022-07-24,3744385,1676965.0,9512.0,16804.0,7.0
Asia,Georgia,2022-07-31,3744385,1688218.0,11253.0,16809.0,5.0
Asia,Georgia,2022-08-07,3744385,1701020.0,12802.0,16819.0,10.0
Asia,Georgia,2022-08-14,3744385,1714749.0,13729.0,16827.0,8.0
Asia,Georgia,2022-08-21,3744385,1728087.0,13338.0,16833.0,6.0
Asia,Georgia,2022-08-28,3744385,1741682.0,13595.0,16839.0,6.0
Asia,Georgia,2022-09-04,3744385,1761589.0,19907.0,16843.0,4.0
Asia,Georgia,2022-09-11,3744385,1771929.0,10340.0,16849.0,6.0
Asia,Georgia,2022-09-18,3744385,1780409.0,8480.0,16854.0,5.0
Asia,Georgia,2022-09-25,3744385,1787623.0,7214.0,16858.0,4.0
Asia,Georgia,2022-10-02,3744385,1792773.0,5150.0,16862.0,4.0
Asia,Georgia,2022-10-09,3744385,1796770.0,3997.0,16867.0,5.0
Asia,Georgia,2022-10-16,3744385,1798999.0,2229.0,16870.0,3.0
Asia,Georgia,2022-10-23,3744385,1800813.0,1814.0,16871.0,1.0
Asia,Georgia,2022-10-30,3744385,1802257.0,1444.0,16873.0,2.0
Asia,Georgia,2022-11-06,3744385,1803396.0,1139.0,16878.0,5.0
Asia,Georgia,2022-11-20,3744385,1805642.0,1077.0,16881.0,3.0
Asia,Georgia,2022-11-27,3744385,1806531.0,889.0,16887.0,6.0
Asia,Georgia,2022-12-04,3744385,1807279.0,748.0,16890.0,3.0
Asia,Georgia,2022-12-11,3744385,1807902.0,623.0,16893.0,3.0
Asia,Georgia,2022-12-18,3744385,1808538.0,636.0,16897.0,4.0
Asia,Georgia,2022-12-25,3744385,1809179.0,641.0,16898.0,1.0
Asia,Georgia,2023-01-01,3744385,1809870.0,691.0,16903.0,5.0
Asia,India,2021-01-03,1417173120,10323965.0,136115.0,149435.0,1813.0
Asia,India,2021-01-10,1417173120,10450284.0,126319.0,150999.0,1564.0
Asia,India,2021-01-17,1417173120,10557985.0,107701.0,152274.0,1275.0
Asia,India,2021-01-24,1417173120,10654533.0,96548.0,153339.0,1065.0
Asia,India,2021-01-31,1417173120,10746183.0,91650.0,154274.0,935.0
Asia,India,2021-02-07,1417173120,10826363.0,80180.0,154996.0,722.0
Asia,India,2021-02-14,1417173120,10904940.0,78577.0,155642.0,646.0
Asia,India,2021-02-21,1417173120,10991651.0,86711.0,156302.0,660.0
Asia,India,2021-02-28,1417173120,11096731.0,105080.0,157051.0,749.0
Asia,India,2021-03-07,1417173120,11210799.0,114068.0,157756.0,705.0
Asia,India,2021-03-14,1417173120,11359048.0,148249.0,158607.0,851.0
Asia,India,2021-03-21,1417173120,11599130.0,240082.0,159755.0,1148.0
Asia,India,2021-03-28,1417173120,11971624.0,372494.0,161552.0,1797.0
Asia,India,2021-04-04,1417173120,12485509.0,513885.0,164623.0,3071.0
Asia,India,2021-04-11,1417173120,13358805.0,873296.0,169275.0,4652.0
Asia,India,2021-04-18,1417173120,14788109.0,1429304.0,177150.0,7875.0
Asia,India,2021-04-25,1417173120,16960172.0,2172063.0,192311.0,15161.0
Asia,India,2021-05-02,1417173120,19557457.0,2597285.0,215542.0,23231.0
Asia,India,2021-05-09,1417173120,22296414.0,2738957.0,242362.0,26820.0
Asia,India,2021-05-16,1417173120,24684077.0,2387663.0,270284.0,27922.0
Asia,India,2021-05-23,1417173120,26530132.0,1846055.0,299266.0,28982.0
Asia,India,2021-05-30,1417173120,27894800.0,1364668.0,325972.0,26706.0
Asia,India,2021-06-06,1417173120,28809339.0,914539.0,346759.0,20787.0
Asia,India,2021-06-13,1417173120,29439989.0,630650.0,370384.0,23625.0
Asia,India,2021-06-20,1417173120,29881965.0,441976.0,386713.0,16329.0
Asia,India,2021-06-27,1417173120,30233183.0,351218.0,395751.0,9038.0
Asia,India,2021-07-04,1417173120,30545433.0,312250.0,402005.0,6254.0
Asia,India,2021-07-11,1417173120,30837222.0,291789.0,408040.0,6035.0
Asia,India,2021-07-18,1417173120,31106065.0,268843.0,413609.0,5569.0
Asia,India,2021-07-25,1417173120,31371901.0,265836.0,420551.0,6942.0
Asia,India,2021-08-01,1417173120,31655824.0,283923.0,424351.0,3800.0
Asia,India,2021-08-08,1417173120,31934455.0,278631.0,427862.0,3511.0
Asia,India,2021-08-15,1417173120,32192576.0,258121.0,431225.0,3363.0
Asia,India,2021-08-22,1417173120,32424234.0,231658.0,434367.0,3142.0
Asia,India,2021-08-29,1417173120,32695030.0,270796.0,437830.0,3463.0
Asia,India,2021-09-05,1417173120,32988673.0,293643.0,440533.0,2703.0
Asia,India,2021-09-12,1417173120,33236921.0,248248.0,442655.0,2122.0
Asia,India,2021-09-19,1417173120,33448163.0,211242.0,444838.0,2183.0
Asia,India,2021-09-26,1417173120,33652745.0,204582.0,446918.0,2080.0
Asia,India,2021-10-03,1417173120,33813903.0,161158.0,448817.0,1899.0
Asia,India,2021-10-10,1417173120,33953475.0,139572.0,450589.0,1772.0
Asia,India,2021-10-17,1417173120,34067719.0,114244.0,452124.0,1535.0
Asia,India,2021-10-24,1417173120,34175468.0,107749.0,454269.0,2145.0
Asia,India,2021-10-31,1417173120,34273300.0,97832.0,458186.0,3917.0
Asia,India,2021-11-07,1417173120,34355536.0,82236.0,460791.0,2605.0
Asia,India,2021-11-14,1417173120,34437307.0,81771.0,463530.0,2739.0
Asia,India,2021-11-21,1417173120,34510413.0,73106.0,465662.0,2132.0
Asia,India,2021-11-28,1417173120,34572523.0,62110.0,468554.0,2892.0
Asia,India,2021-12-05,1417173120,34633255.0,60732.0,473326.0,4772.0
Asia,India,2021-12-12,1417173120,34690510.0,57255.0,475434.0,2108.0
Asia,India,2021-12-19,1417173120,34740275.0,49765.0,477422.0,1988.0
Asia,India,2021-12-26,1417173120,34786802.0,46527.0,479682.0,2260.0
Asia,India,2022-01-02,1417173120,34889132.0,102330.0,481770.0,2088.0
Asia,India,2022-01-09,1417173120,35528004.0,638872.0,483790.0,2020.0
Asia,India,2022-01-16,1417173120,37122164.0,1594160.0,486066.0,2276.0
Asia,India,2022-01-23,1417173120,39237264.0,2115100.0,489409.0,3343.0
Asia,India,2022-01-30,1417173120,41092522.0,1855258.0,494091.0,4682.0
Asia,India,2022-02-06,1417173120,42188138.0,1095616.0,501979.0,7888.0
Asia,India,2022-02-13,1417173120,42631421.0,443283.0,508665.0,6686.0
Asia,India,2022-02-20,1417173120,42822473.0,191052.0,511903.0,3238.0
Asia,India,2022-02-27,1417173120,42916117.0,93644.0,513724.0,1821.0
Asia,India,2022-03-06,1417173120,42962953.0,46836.0,515036.0,1312.0
Asia,India,2022-03-13,1417173120,42990991.0,28038.0,515850.0,814.0
Asia,India,2022-03-20,1417173120,43007841.0,16850.0,516479.0,629.0
Asia,India,2022-03-27,1417173120,43019453.0,11612.0,521004.0,4525.0
Asia,India,2022-04-03,1417173120,43028131.0,8678.0,521345.0,341.0
Asia,India,2022-04-10,1417173120,43035271.0,7140.0,521685.0,340.0
Asia,India,2022-04-17,1417173120,43042097.0,6826.0,521751.0,66.0
Asia,India,2022-04-24,1417173120,43057545.0,15448.0,522193.0,442.0
Asia,India,2022-05-01,1417173120,43079188.0,21643.0,523843.0,1650.0
Asia,India,2022-05-08,1417173120,43102194.0,23006.0,524064.0,221.0
Asia,India,2022-05-15,1417173120,43121599.0,19405.0,524214.0,150.0
Asia,India,2022-05-22,1417173120,43136371.0,14772.0,524413.0,199.0
Asia,India,2022-05-29,1417173120,43153043.0,16672.0,524586.0,173.0
Asia,India,2022-06-05,1417173120,43176817.0,23774.0,524692.0,106.0
Asia,India,2022-06-12,1417173120,43222017.0,45200.0,524761.0,69.0
Asia,India,2022-06-19,1417173120,43296692.0,74675.0,524855.0,94.0
Asia,India,2022-06-26,1417173120,43389973.0,93281.0,524999.0,144.0
Asia,India,2022-07-03,1417173120,43502429.0,112456.0,525199.0,200.0
Asia,India,2022-07-10,1417173120,43622651.0,120222.0,525428.0,229.0
Asia,India,2022-07-17,1417173120,43750599.0,127948.0,525709.0,281.0
Asia,India,2022-07-24,1417173120,43888755.0,138156.0,526033.0,324.0
Asia,India,2022-07-31,1417173120,44019811.0,131056.0,526357.0,324.0
Asia,India,2022-08-07,1417173120,44145732.0,125921.0,526689.0,332.0
Asia,India,2022-08-14,1417173120,44253464.0,107732.0,527037.0,348.0
Asia,India,2022-08-21,1417173120,44339429.0,85965.0,527332.0,295.0
Asia,India,2022-08-28,1417173120,44408132.0,68703.0,527754.0,422.0
Asia,India,2022-09-04,1417173120,44456535.0,48403.0,527991.0,237.0
Asia,India,2022-09-11,1417173120,44495359.0,38824.0,528150.0,159.0
Asia,India,2022-09-18,1417173120,44534188.0,38829.0,528337.0,187.0
Asia,India,2022-09-25,1417173120,44568114.0,33926.0,528510.0,173.0
Asia,India,2022-10-02,1417173120,44594487.0,26373.0,528673.0,163.0
Asia,India,2022-10-09,1417173120,44612013.0,17526.0,528799.0,126.0
Asia,India,2022-10-16,1417173120,44628828.0,16815.0,528895.0,96.0
Asia,India,2022-10-23,1417173120,44642742.0,13914.0,528961.0,66.0
Asia,India,2022-10-30,1417173120,44652266.0,9524.0,529016.0,55.0
Asia,India,2022-11-06,1417173120,44660579.0,8313.0,530500.0,1484.0
Asia,India,2022-11-13,1417173120,44666377.0,5798.0,530531.0,31.0
Asia,India,2022-11-20,1417173120,44669015.0,2638.0,530574.0,43.0
Asia,India,2022-11-27,1417173120,44671562.0,2547.0,530612.0,38.0
Asia,India,2022-12-04,1417173120,44673392.0,1830.0,530628.0,16.0
Asia,India,2022-12-11,1417173120,44674822.0,1430.0,530658.0,30.0
Asia,India,2022-12-18,1417173120,44675952.0,1130.0,530672.0,14.0
Asia,India,2022-12-25,1417173120,44677106.0,1154.0,530693.0,21.0
Asia,India,2023-01-01,1417173120,44678649.0,1543.0,530705.0,12.0
Asia,Indonesia,2021-01-03,275501344,765350.0,51985.0,22734.0,1497.0
Asia,Indonesia,2021-01-10,275501344,828026.0,62676.0,24129.0,1395.0
Asia,Indonesia,2021-01-17,275501344,907929.0,79903.0,25987.0,1858.0
Asia,Indonesia,2021-01-24,275501344,989262.0,81333.0,27835.0,1848.0
Asia,Indonesia,2021-01-31,275501344,1078314.0,89052.0,29998.0,2163.0
Asia,Indonesia,2021-02-07,275501344,1157837.0,79523.0,31556.0,1558.0
Asia,Indonesia,2021-02-14,275501344,1217468.0,59631.0,33183.0,1627.0
Asia,Indonesia,2021-02-21,275501344,1278653.0,61185.0,34489.0,1306.0
Asia,Indonesia,2021-02-28,275501344,1334634.0,55981.0,36166.0,1677.0
Asia,Indonesia,2021-03-07,275501344,1379662.0,45028.0,37266.0,1100.0
Asia,Indonesia,2021-03-14,275501344,1419455.0,39793.0,38426.0,1160.0
Asia,Indonesia,2021-03-21,275501344,1460184.0,40729.0,39550.0,1124.0
Asia,Indonesia,2021-03-28,275501344,1496085.0,35901.0,40449.0,899.0
Asia,Indonesia,2021-04-04,275501344,1534255.0,38170.0,41669.0,1220.0
Asia,Indonesia,2021-04-11,275501344,1566995.0,32740.0,42530.0,861.0
Asia,Indonesia,2021-04-18,275501344,1604348.0,37353.0,43424.0,894.0
Asia,Indonesia,2021-04-25,275501344,1641194.0,36846.0,44594.0,1170.0
Asia,Indonesia,2021-05-02,275501344,1677274.0,36080.0,45796.0,1202.0
Asia,Indonesia,2021-05-09,275501344,1713684.0,36410.0,47012.0,1216.0
Asia,Indonesia,2021-05-16,275501344,1739750.0,26066.0,48093.0,1081.0
Asia,Indonesia,2021-05-23,275501344,1775220.0,35470.0,49328.0,1235.0
Asia,Indonesia,2021-05-30,275501344,1816041.0,40821.0,50404.0,1076.0
Asia,Indonesia,2021-06-06,275501344,1856038.0,39997.0,51612.0,1208.0
Asia,Indonesia,2021-06-13,275501344,1911358.0,55320.0,52879.0,1267.0
Asia,Indonesia,2021-06-20,275501344,1989909.0,78551.0,54662.0,1783.0
Asia,Indonesia,2021-06-27,275501344,2115304.0,125395.0,57138.0,2476.0
Asia,Indonesia,2021-07-04,275501344,2284084.0,168780.0,60582.0,3444.0
Asia,Indonesia,2021-07-11,275501344,2527203.0,243119.0,66464.0,5882.0
Asia,Indonesia,2021-07-18,275501344,2877476.0,350273.0,73582.0,7118.0
Asia,Indonesia,2021-07-25,275501344,3166505.0,289029.0,83279.0,9697.0
Asia,Indonesia,2021-08-01,275501344,3440396.0,273891.0,95723.0,12444.0
Asia,Indonesia,2021-08-08,275501344,3666031.0,225635.0,107096.0,11373.0
Asia,Indonesia,2021-08-15,275501344,3854354.0,188323.0,117588.0,10492.0
Asia,Indonesia,2021-08-22,275501344,3979456.0,125102.0,126372.0,8784.0
Asia,Indonesia,2021-08-29,275501344,4073831.0,94375.0,131923.0,5551.0
Asia,Indonesia,2021-09-05,275501344,4129020.0,55189.0,135861.0,3938.0
Asia,Indonesia,2021-09-12,275501344,4167511.0,38491.0,138889.0,3028.0
Asia,Indonesia,2021-09-19,275501344,4190763.0,23252.0,140468.0,1579.0
Asia,Indonesia,2021-09-26,275501344,4208013.0,17250.0,141467.0,999.0
Asia,Indonesia,2021-10-03,275501344,4219284.0,11271.0,142173.0,706.0
Asia,Indonesia,2021-10-10,275501344,4227932.0,8648.0,142651.0,478.0
Asia,Indonesia,2021-10-17,275501344,4234758.0,6826.0,142952.0,301.0
Asia,Indonesia,2021-10-24,275501344,4240019.0,5261.0,143205.0,253.0
Asia,Indonesia,2021-10-31,275501344,4244358.0,4339.0,143405.0,200.0
Asia,Indonesia,2021-11-07,275501344,4248165.0,3807.0,143545.0,140.0
Asia,Indonesia,2021-11-14,275501344,4250855.0,2690.0,143659.0,114.0
Asia,Indonesia,2021-11-21,275501344,4253412.0,2557.0,143739.0,80.0
Asia,Indonesia,2021-11-28,275501344,4255936.0,2524.0,143808.0,69.0
Asia,Indonesia,2021-12-05,275501344,4257685.0,1749.0,143867.0,59.0
Asia,Indonesia,2021-12-12,275501344,4259143.0,1458.0,143936.0,69.0
Asia,Indonesia,2021-12-19,275501344,4260544.0,1401.0,144002.0,66.0
Asia,Indonesia,2021-12-26,275501344,4261759.0,1215.0,144055.0,53.0
Asia,Indonesia,2022-01-02,275501344,4263168.0,1409.0,144097.0,42.0
Asia,Indonesia,2022-01-09,275501344,4266195.0,3027.0,144129.0,32.0
Asia,Indonesia,2022-01-16,275501344,4271649.0,5454.0,144170.0,41.0
Asia,Indonesia,2022-01-23,275501344,4286378.0,14729.0,144220.0,50.0
Asia,Indonesia,2022-01-30,275501344,4343185.0,56807.0,144303.0,83.0
Asia,Indonesia,2022-02-06,275501344,4516480.0,173295.0,144554.0,251.0
Asia,Indonesia,2022-02-13,275501344,4807778.0,291298.0,145176.0,622.0
Asia,Indonesia,2022-02-20,275501344,5197505.0,389727.0,146365.0,1189.0
Asia,Indonesia,2022-02-27,275501344,5539394.0,341889.0,148073.0,1708.0
Asia,Indonesia,2022-03-06,275501344,5748725.0,209331.0,150172.0,2099.0
Asia,Indonesia,2022-03-13,275501344,5890495.0,141770.0,152166.0,1994.0
Asia,Indonesia,2022-03-20,275501344,5962483.0,71988.0,153738.0,1572.0
Asia,Indonesia,2022-03-27,275501344,5998953.0,36470.0,154670.0,932.0
Asia,Indonesia,2022-04-03,275501344,6019981.0,21028.0,155288.0,618.0
Asia,Indonesia,2022-04-10,275501344,6032707.0,12726.0,155626.0,338.0
Asia,Indonesia,2022-04-17,275501344,6039873.0,7166.0,155866.0,240.0
Asia,Indonesia,2022-04-24,275501344,6044150.0,4277.0,156100.0,234.0
Asia,Indonesia,2022-05-01,275501344,6047040.0,2890.0,156273.0,173.0
Asia,Indonesia,2022-05-08,275501344,6048431.0,1391.0,156381.0,108.0
Asia,Indonesia,2022-05-15,275501344,6050776.0,2345.0,156458.0,77.0
Asia,Indonesia,2022-05-22,275501344,6052590.0,1814.0,156522.0,64.0
Asia,Indonesia,2022-05-29,275501344,6054415.0,1825.0,156574.0,52.0
Asia,Indonesia,2022-06-05,275501344,6056800.0,2385.0,156615.0,41.0
Asia,Indonesia,2022-06-12,275501344,6060488.0,3688.0,156643.0,28.0
Asia,Indonesia,2022-06-19,275501344,6068075.0,7587.0,156687.0,44.0
Asia,Indonesia,2022-06-26,275501344,6080451.0,12376.0,156717.0,30.0
Asia,Indonesia,2022-07-03,275501344,6093917.0,13466.0,156749.0,32.0
Asia,Indonesia,2022-07-10,275501344,6111305.0,17388.0,156791.0,42.0
Asia,Indonesia,2022-07-17,275501344,6134953.0,23648.0,156849.0,58.0
Asia,Indonesia,2022-07-24,275501344,6168342.0,33389.0,156902.0,53.0
Asia,Indonesia,2022-07-31,275501344,6207098.0,38756.0,156993.0,91.0
Asia,Indonesia,2022-08-07,275501344,6244978.0,37880.0,157095.0,102.0
Asia,Indonesia,2022-08-14,275501344,6282774.0,37796.0,157226.0,131.0
Asia,Indonesia,2022-08-21,275501344,6315557.0,32783.0,157377.0,151.0
Asia,Indonesia,2022-08-28,275501344,6346304.0,30747.0,157500.0,123.0
Asia,Indonesia,2022-09-04,275501344,6372542.0,26238.0,157647.0,147.0
Asia,Indonesia,2022-09-11,275501344,6392492.0,19950.0,157770.0,123.0
Asia,Indonesia,2022-09-18,275501344,6408806.0,16314.0,157892.0,122.0
Asia,Indonesia,2022-09-25,275501344,6422529.0,13723.0,158014.0,122.0
Asia,Indonesia,2022-10-02,275501344,6434585.0,12056.0,158132.0,118.0
Asia,Indonesia,2022-10-09,275501344,6444948.0,10363.0,158205.0,73.0
Asia,Indonesia,2022-10-16,275501344,6456868.0,11920.0,158313.0,108.0
Asia,Indonesia,2022-10-23,275501344,6470961.0,14093.0,158429.0,116.0
Asia,Indonesia,2022-10-30,275501344,6490622.0,19661.0,158597.0,168.0
Asia,Indonesia,2022-11-06,275501344,6521292.0,30670.0,158829.0,232.0
Asia,Indonesia,2022-11-13,275501344,6561504.0,40212.0,159104.0,275.0
Asia,Indonesia,2022-11-20,275501344,6608367.0,46863.0,159379.0,275.0
Asia,Indonesia,2022-11-27,275501344,6650244.0,41877.0,159676.0,297.0
Asia,Indonesia,2022-12-04,275501344,6680203.0,29959.0,159978.0,302.0
Asia,Indonesia,2022-12-11,275501344,6698790.0,18587.0,160224.0,246.0
Asia,Indonesia,2022-12-18,275501344,6709597.0,10807.0,160398.0,174.0
Asia,Indonesia,2022-12-25,275501344,6716124.0,6527.0,160537.0,139.0
Asia,Indonesia,2023-01-01,275501344,6720181.0,4057.0,160619.0,82.0
Asia,Iran,2021-01-03,88550568,1237474.0,42511.0,55438.0,864.0
Asia,Iran,2021-01-10,88550568,1280438.0,42964.0,56100.0,662.0
Asia,Iran,2021-01-17,88550568,1324395.0,43957.0,56717.0,617.0
Asia,Iran,2021-01-24,88550568,1367032.0,42637.0,57294.0,577.0
Asia,Iran,2021-01-31,88550568,1411731.0,44699.0,57889.0,595.0
Asia,Iran,2021-02-07,88550568,1459370.0,47639.0,58412.0,523.0
Asia,Iran,2021-02-14,88550568,1510873.0,51503.0,58883.0,471.0
Asia,Iran,2021-02-21,88550568,1566081.0,55208.0,59409.0,526.0
Asia,Iran,2021-02-28,88550568,1623159.0,57078.0,59980.0,571.0
Asia,Iran,2021-03-07,88550568,1681682.0,58523.0,60594.0,614.0
Asia,Iran,2021-03-14,88550568,1739360.0,57678.0,61142.0,548.0
Asia,Iran,2021-03-21,88550568,1793805.0,54445.0,61724.0,582.0
Asia,Iran,2021-03-28,88550568,1846923.0,53118.0,62308.0,584.0
Asia,Iran,2021-04-04,88550568,1920394.0,73471.0,62999.0,691.0
Asia,Iran,2021-04-11,88550568,2049078.0,128684.0,64232.0,1233.0
Asia,Iran,2021-04-18,88550568,2215445.0,166367.0,66327.0,2095.0
Asia,Iran,2021-04-25,88550568,2377039.0,161594.0,69120.0,2793.0
Asia,Iran,2021-05-02,88550568,2516157.0,139118.0,72090.0,2970.0
Asia,Iran,2021-05-09,88550568,2640670.0,124513.0,74524.0,2434.0
Asia,Iran,2021-05-16,88550568,2739875.0,99205.0,76633.0,2109.0
Asia,Iran,2021-05-23,88550568,2823887.0,84012.0,78381.0,1748.0
Asia,Iran,2021-05-30,88550568,2893218.0,69331.0,79741.0,1360.0
Asia,Iran,2021-06-06,88550568,2960751.0,67533.0,80941.0,1200.0
Asia,Iran,2021-06-13,88550568,3020522.0,59771.0,81911.0,970.0
Asia,Iran,2021-06-20,88550568,3086974.0,66452.0,82854.0,943.0
Asia,Iran,2021-06-27,88550568,3157983.0,71009.0,83711.0,857.0
Asia,Iran,2021-07-04,88550568,3241037.0,83054.0,84627.0,916.0
Asia,Iran,2021-07-11,88550568,3355786.0,114749.0,85694.0,1067.0
Asia,Iran,2021-07-18,88550568,3501079.0,145293.0,86966.0,1272.0
Asia,Iran,2021-07-25,88550568,3664286.0,163207.0,88532.0,1566.0
Asia,Iran,2021-08-01,88550568,3871008.0,206722.0,90630.0,2098.0
Asia,Iran,2021-08-08,88550568,4119110.0,248102.0,93473.0,2843.0
Asia,Iran,2021-08-15,88550568,4389085.0,269975.0,97208.0,3735.0
Asia,Iran,2021-08-22,88550568,4640695.0,251610.0,101354.0,4146.0
Asia,Iran,2021-08-29,88550568,4895448.0,254753.0,105901.0,4547.0
Asia,Iran,2021-09-05,88550568,5103537.0,208089.0,110064.0,4163.0
Asia,Iran,2021-09-12,88550568,5275567.0,172030.0,113824.0,3760.0
Asia,Iran,2021-09-19,88550568,5408860.0,133293.0,116791.0,2967.0
Asia,Iran,2021-09-26,88550568,5519728.0,110868.0,119072.0,2281.0
Asia,Iran,2021-10-03,88550568,5611700.0,91972.0,120880.0,1808.0
Asia,Iran,2021-10-10,88550568,5691634.0,79934.0,122370.0,1490.0
Asia,Iran,2021-10-17,88550568,5773419.0,81785.0,123876.0,1506.0
Asia,Iran,2021-10-24,88550568,5851670.0,78251.0,125052.0,1176.0
Asia,Iran,2021-10-31,88550568,5916211.0,64541.0,126126.0,1074.0
Asia,Iran,2021-11-07,88550568,5980260.0,64049.0,127173.0,1047.0
Asia,Iran,2021-11-14,88550568,6031575.0,51315.0,128042.0,869.0
Asia,Iran,2021-11-21,88550568,6073098.0,41523.0,128852.0,810.0
Asia,Iran,2021-11-28,88550568,6105101.0,32003.0,129549.0,697.0
Asia,Iran,2021-12-05,88550568,6131356.0,26255.0,130124.0,575.0
Asia,Iran,2021-12-12,88550568,6152524.0,21168.0,130661.0,537.0
Asia,Iran,2021-12-19,88550568,6169011.0,16487.0,131033.0,372.0
Asia,Iran,2021-12-26,88550568,6182905.0,13894.0,131348.0,315.0
Asia,Iran,2022-01-02,88550568,6195403.0,12498.0,131639.0,291.0
Asia,Iran,2022-01-09,88550568,6204517.0,9114.0,131847.0,208.0
Asia,Iran,2022-01-16,88550568,6218741.0,14224.0,132044.0,197.0
Asia,Iran,2022-01-23,88550568,6245346.0,26605.0,132202.0,158.0
Asia,Iran,2022-01-30,88550568,6322183.0,76837.0,132380.0,178.0
Asia,Iran,2022-02-06,88550568,6543837.0,221654.0,132745.0,365.0
Asia,Iran,2022-02-13,88550568,6780453.0,236616.0,133570.0,825.0
Asia,Iran,2022-02-20,88550568,6925485.0,145032.0,134798.0,1228.0
Asia,Iran,2022-02-27,88550568,7030943.0,105458.0,136390.0,1592.0
Asia,Iran,2022-03-06,88550568,7084306.0,53363.0,137747.0,1357.0
Asia,Iran,2022-03-13,88550568,7119763.0,35457.0,138831.0,1084.0
Asia,Iran,2022-03-20,88550568,7139217.0,19454.0,139550.0,719.0
Asia,Iran,2022-03-27,88550568,7148789.0,9572.0,139971.0,421.0
Asia,Iran,2022-04-03,88550568,7166371.0,17582.0,140277.0,306.0
Asia,Iran,2022-04-10,88550568,7188749.0,22378.0,140577.0,300.0
Asia,Iran,2022-04-17,88550568,7205064.0,16315.0,140800.0,223.0
Asia,Iran,2022-04-24,88550568,7215512.0,10448.0,140962.0,162.0
Asia,Iran,2022-05-01,88550568,7221653.0,6141.0,141083.0,121.0
Asia,Iran,2022-05-08,88550568,7224701.0,3048.0,141165.0,82.0
Asia,Iran,2022-05-15,88550568,7227683.0,2982.0,141216.0,51.0
Asia,Iran,2022-05-22,88550568,7229741.0,2058.0,141271.0,55.0
Asia,Iran,2022-05-29,88550568,7231387.0,1646.0,141306.0,35.0
Asia,Iran,2022-06-05,88550568,7232678.0,1291.0,141328.0,22.0
Asia,Iran,2022-06-12,88550568,7233528.0,850.0,141349.0,21.0
Asia,Iran,2022-06-19,88550568,7234597.0,1069.0,141363.0,14.0
Asia,Iran,2022-06-26,88550568,7236064.0,1467.0,141383.0,20.0
Asia,Iran,2022-07-03,88550568,7238840.0,2776.0,141390.0,7.0
Asia,Iran,2022-07-10,88550568,7247601.0,8761.0,141429.0,39.0
Asia,Iran,2022-07-17,88550568,7272727.0,25126.0,141486.0,57.0
Asia,Iran,2022-07-24,88550568,7319322.0,46595.0,141650.0,164.0
Asia,Iran,2022-07-31,88550568,7381299.0,61977.0,141937.0,287.0
Asia,Iran,2022-08-07,88550568,7434945.0,53646.0,142398.0,461.0
Asia,Iran,2022-08-14,88550568,7468894.0,33949.0,142861.0,463.0
Asia,Iran,2022-08-21,88550568,7503369.0,34475.0,143332.0,471.0
Asia,Iran,2022-08-28,88550568,7521969.0,18600.0,143684.0,352.0
Asia,Iran,2022-09-04,88550568,7531924.0,9955.0,143947.0,263.0
Asia,Iran,2022-09-11,88550568,7538125.0,6201.0,144154.0,207.0
Asia,Iran,2022-09-18,88550568,7542533.0,4408.0,144287.0,133.0
Asia,Iran,2022-09-25,88550568,7546673.0,4140.0,144382.0,95.0
Asia,Iran,2022-10-02,88550568,7549186.0,2513.0,144429.0,47.0
Asia,Iran,2022-10-09,88550568,7551357.0,2171.0,144478.0,49.0
Asia,Iran,2022-10-16,88550568,7554006.0,2649.0,144516.0,38.0
Asia,Iran,2022-10-23,88550568,7555903.0,1897.0,144543.0,27.0
Asia,Iran,2022-10-30,88550568,7557364.0,1461.0,144571.0,28.0
Asia,Iran,2022-11-06,88550568,7558078.0,714.0,144592.0,21.0
Asia,Iran,2022-11-13,88550568,7558893.0,815.0,144610.0,18.0
Asia,Iran,2022-11-20,88550568,7559258.0,365.0,144625.0,15.0
Asia,Iran,2022-11-27,88550568,7559526.0,268.0,144633.0,8.0
Asia,Iran,2022-12-04,88550568,7559799.0,273.0,144637.0,4.0
Asia,Iran,2022-12-11,88550568,7560105.0,306.0,144658.0,21.0
Asia,Iran,2022-12-18,88550568,7560389.0,284.0,144661.0,3.0
Asia,Iran,2022-12-25,88550568,7560731.0,342.0,144673.0,12.0
Asia,Iran,2023-01-01,88550568,7561140.0,409.0,144685.0,12.0
Asia,Iraq,2021-01-03,44496124,597033.0,6254.0,12829.0,62.0
Asia,Iraq,2021-01-10,44496124,602331.0,5298.0,12881.0,52.0
Asia,Iraq,2021-01-17,44496124,607587.0,5256.0,12935.0,54.0
Asia,Iraq,2021-01-24,44496124,612870.0,5283.0,12988.0,53.0
Asia,Iraq,2021-01-31,44496124,618922.0,6052.0,13041.0,53.0
Asia,Iraq,2021-02-07,44496124,627416.0,8494.0,13111.0,70.0
Asia,Iraq,2021-02-14,44496124,641628.0,14212.0,13164.0,53.0
Asia,Iraq,2021-02-21,44496124,664750.0,23122.0,13245.0,81.0
Asia,Iraq,2021-02-28,44496124,692241.0,27491.0,13383.0,138.0
Asia,Iraq,2021-03-07,44496124,723189.0,30948.0,13548.0,165.0
Asia,Iraq,2021-03-14,44496124,754318.0,31129.0,13719.0,171.0
Asia,Iraq,2021-03-21,44496124,789390.0,35072.0,13969.0,250.0
Asia,Iraq,2021-03-28,44496124,827157.0,37767.0,14177.0,208.0
Asia,Iraq,2021-04-04,44496124,868200.0,41043.0,14430.0,253.0
Asia,Iraq,2021-04-11,44496124,918155.0,49955.0,14678.0,248.0
Asia,Iraq,2021-04-18,44496124,970987.0,52832.0,14948.0,270.0
Asia,Iraq,2021-04-25,44496124,1025288.0,54301.0,15217.0,269.0
Asia,Iraq,2021-05-02,44496124,1070366.0,45078.0,15498.0,281.0
Asia,Iraq,2021-05-09,44496124,1108558.0,38192.0,15741.0,243.0
Asia,Iraq,2021-05-16,44496124,1136917.0,28359.0,15930.0,189.0
Asia,Iraq,2021-05-23,44496124,1164149.0,27232.0,16158.0,228.0
Asia,Iraq,2021-05-30,44496124,1193608.0,29459.0,16334.0,176.0
Asia,Iraq,2021-06-06,44496124,1221678.0,28070.0,16518.0,184.0
Asia,Iraq,2021-06-13,44496124,1250691.0,29013.0,16690.0,172.0
Asia,Iraq,2021-06-20,44496124,1283305.0,32614.0,16860.0,170.0
Asia,Iraq,2021-06-27,44496124,1321232.0,37927.0,17061.0,201.0
Asia,Iraq,2021-07-04,44496124,1365211.0,43979.0,17281.0,220.0
Asia,Iraq,2021-07-11,44496124,1421746.0,56535.0,17515.0,234.0
Asia,Iraq,2021-07-18,44496124,1483014.0,61268.0,17789.0,274.0
Asia,Iraq,2021-07-25,44496124,1543501.0,60487.0,18232.0,443.0
Asia,Iraq,2021-08-01,44496124,1626599.0,83098.0,18657.0,425.0
Asia,Iraq,2021-08-08,44496124,1704363.0,77764.0,19146.0,489.0
Asia,Iraq,2021-08-15,44496124,1768753.0,64390.0,19606.0,460.0
Asia,Iraq,2021-08-22,44496124,1819455.0,50702.0,20110.0,504.0
Asia,Iraq,2021-08-29,44496124,1868352.0,48897.0,20632.0,522.0
Asia,Iraq,2021-09-05,44496124,1912395.0,44043.0,21042.0,410.0
Asia,Iraq,2021-09-12,44496124,1947211.0,34816.0,21445.0,403.0
Asia,Iraq,2021-09-19,44496124,1972705.0,25494.0,21775.0,330.0
Asia,Iraq,2021-09-26,44496124,1991628.0,18923.0,22072.0,297.0
Asia,Iraq,2021-10-03,44496124,2007227.0,15599.0,22344.0,272.0
Asia,Iraq,2021-10-10,44496124,2022109.0,14882.0,22537.0,193.0
Asia,Iraq,2021-10-17,44496124,2033737.0,11628.0,22738.0,201.0
Asia,Iraq,2021-10-24,44496124,2045027.0,11290.0,22937.0,199.0
Asia,Iraq,2021-10-31,44496124,2054202.0,9175.0,23138.0,201.0
Asia,Iraq,2021-11-07,44496124,2061939.0,7737.0,23319.0,181.0
Asia,Iraq,2021-11-14,44496124,2068388.0,6449.0,23483.0,164.0
Asia,Iraq,2021-11-21,44496124,2073835.0,5447.0,23642.0,159.0
Asia,Iraq,2021-11-28,44496124,2079084.0,5249.0,23772.0,130.0
Asia,Iraq,2021-12-05,44496124,2083889.0,4805.0,23873.0,101.0
Asia,Iraq,2021-12-12,44496124,2087497.0,3608.0,23965.0,92.0
Asia,Iraq,2021-12-19,44496124,2090208.0,2711.0,24051.0,86.0
Asia,Iraq,2021-12-26,44496124,2092312.0,2104.0,24122.0,71.0
Asia,Iraq,2022-01-02,44496124,2093891.0,1579.0,24163.0,41.0
Asia,Iraq,2022-01-09,44496124,2096806.0,2915.0,24200.0,37.0
Asia,Iraq,2022-01-16,44496124,2110683.0,13877.0,24242.0,42.0
Asia,Iraq,2022-01-23,44496124,2149306.0,38623.0,24283.0,41.0
Asia,Iraq,2022-01-30,44496124,2197783.0,48477.0,24361.0,78.0
Asia,Iraq,2022-02-06,44496124,2244610.0,46827.0,24499.0,138.0
Asia,Iraq,2022-02-13,44496124,2273535.0,28925.0,24678.0,179.0
Asia,Iraq,2022-02-20,44496124,2290011.0,16476.0,24851.0,173.0
Asia,Iraq,2022-02-27,44496124,2300645.0,10634.0,24960.0,109.0
Asia,Iraq,2022-03-06,44496124,2307555.0,6910.0,25041.0,81.0
Asia,Iraq,2022-03-13,44496124,2312292.0,4737.0,25097.0,56.0
Asia,Iraq,2022-03-20,44496124,2315791.0,3499.0,25127.0,30.0
Asia,Iraq,2022-03-27,44496124,2317747.0,1956.0,25149.0,22.0
Asia,Iraq,2022-04-03,44496124,2320126.0,2379.0,25170.0,21.0
Asia,Iraq,2022-04-10,44496124,2321781.0,1655.0,25183.0,13.0
Asia,Iraq,2022-04-17,44496124,2323040.0,1259.0,25198.0,15.0
Asia,Iraq,2022-04-24,44496124,2324141.0,1101.0,25204.0,6.0
Asia,Iraq,2022-05-01,44496124,2325092.0,951.0,25211.0,7.0
Asia,Iraq,2022-05-08,44496124,2325522.0,430.0,25213.0,2.0
Asia,Iraq,2022-05-15,44496124,2326356.0,834.0,25216.0,3.0
Asia,Iraq,2022-05-29,44496124,2327837.0,645.0,25219.0,3.0
Asia,Iraq,2022-06-05,44496124,2328582.0,745.0,25220.0,1.0
Asia,Iraq,2022-06-12,44496124,2329662.0,1080.0,25222.0,2.0
Asia,Iraq,2022-06-19,44496124,2331872.0,2210.0,25228.0,6.0
Asia,Iraq,2022-06-26,44496124,2338109.0,6237.0,25229.0,1.0
Asia,Iraq,2022-07-03,44496124,2353900.0,15791.0,25243.0,14.0
Asia,Iraq,2022-07-10,44496124,2383094.0,29194.0,25253.0,10.0
Asia,Iraq,2022-07-17,44496124,2402311.0,19217.0,25267.0,14.0
Asia,Iraq,2022-07-24,44496124,2427884.0,25573.0,25286.0,19.0
Asia,Iraq,2022-07-31,44496124,2443772.0,15888.0,25313.0,27.0
Asia,Iraq,2022-08-07,44496124,2450637.0,6865.0,25325.0,12.0
Asia,Iraq,2022-08-14,44496124,2454213.0,3576.0,25338.0,13.0
Asia,Iraq,2022-08-21,44496124,2456555.0,2342.0,25343.0,5.0
Asia,Iraq,2022-08-28,44496124,2457871.0,1316.0,25346.0,3.0
Asia,Iraq,2022-09-04,44496124,2458509.0,638.0,25348.0,2.0
Asia,Iraq,2022-09-11,44496124,2458922.0,413.0,25351.0,3.0
Asia,Iraq,2022-09-18,44496124,2459178.0,256.0,25352.0,1.0
Asia,Iraq,2022-10-02,44496124,2460318.0,813.0,25356.0,4.0
Asia,Iraq,2022-10-16,44496124,2461049.0,205.0,25358.0,2.0
Asia,Iraq,2022-10-30,44496124,2461450.0,221.0,25360.0,2.0
Asia,Iraq,2022-11-06,44496124,2461807.0,357.0,25361.0,1.0
Asia,Iraq,2022-11-20,44496124,2462969.0,697.0,25362.0,1.0
Asia,Iraq,2022-11-27,44496124,2463667.0,698.0,25364.0,2.0
Asia,Iraq,2022-12-04,44496124,2464316.0,649.0,25365.0,1.0
Asia,Iraq,2022-12-11,44496124,2464771.0,455.0,25367.0,2.0
Asia,Iraq,2022-12-18,44496124,2465095.0,324.0,25373.0,6.0
Asia,Iraq,2022-12-25,44496124,2465373.0,278.0,25374.0,1.0
Asia,Iraq,2023-01-01,44496124,2465545.0,172.0,25375.0,1.0
Asia,Israel,2021-01-03,9449000,435748.0,36643.0,3433.0,191.0
Asia,Israel,2021-01-10,9449000,486497.0,50749.0,3677.0,244.0
Asia,Israel,2021-01-17,9449000,544753.0,58256.0,4018.0,341.0
Asia,Israel,2021-01-24,9449000,594626.0,49873.0,4384.0,366.0
Asia,Israel,2021-01-31,9449000,640442.0,45816.0,4765.0,381.0
Asia,Israel,2021-02-07,9449000,686613.0,46171.0,5113.0,348.0
Asia,Israel,2021-02-14,9449000,722568.0,35955.0,5361.0,248.0
Asia,Israel,2021-02-21,9449000,748394.0,25826.0,5566.0,205.0
Asia,Israel,2021-02-28,9449000,774219.0,25825.0,5743.0,177.0
Asia,Israel,2021-03-07,9449000,800371.0,26152.0,5875.0,132.0
Asia,Israel,2021-03-14,9449000,818260.0,17889.0,5990.0,115.0
Asia,Israel,2021-03-21,9449000,827631.0,9371.0,6091.0,101.0
Asia,Israel,2021-03-28,9449000,832174.0,4543.0,6168.0,77.0
Asia,Israel,2021-04-04,9449000,834534.0,2360.0,6249.0,81.0
Asia,Israel,2021-04-11,9449000,836218.0,1684.0,6308.0,59.0
Asia,Israel,2021-04-18,9449000,837270.0,1052.0,6351.0,43.0
Asia,Israel,2021-04-25,9449000,838254.0,984.0,6375.0,24.0
Asia,Israel,2021-05-02,9449000,838878.0,624.0,6391.0,16.0
Asia,Israel,2021-05-09,9449000,839282.0,404.0,6404.0,13.0
Asia,Israel,2021-05-16,9449000,839543.0,261.0,6412.0,8.0
Asia,Israel,2021-05-23,9449000,839752.0,209.0,6419.0,7.0
Asia,Israel,2021-05-30,9449000,839902.0,150.0,6425.0,6.0
Asia,Israel,2021-06-06,9449000,840017.0,115.0,6429.0,4.0
Asia,Israel,2021-06-13,9449000,840109.0,92.0,6432.0,3.0
Asia,Israel,2021-06-20,9449000,840293.0,184.0,6435.0,3.0
Asia,Israel,2021-06-27,9449000,841388.0,1095.0,6436.0,1.0
Asia,Israel,2021-07-11,9449000,846637.0,3244.0,6441.0,5.0
Asia,Israel,2021-07-18,9449000,851859.0,5222.0,6453.0,12.0
Asia,Israel,2021-07-25,9449000,860623.0,8764.0,6467.0,14.0
Asia,Israel,2021-08-01,9449000,875482.0,14859.0,6493.0,26.0
Asia,Israel,2021-08-08,9449000,898997.0,23515.0,6568.0,75.0
Asia,Israel,2021-08-15,9449000,937062.0,38065.0,6692.0,124.0
Asia,Israel,2021-08-22,9449000,988232.0,51170.0,6855.0,163.0
Asia,Israel,2021-08-29,9449000,1049362.0,61130.0,7048.0,193.0
Asia,Israel,2021-09-05,9449000,1115374.0,66012.0,7256.0,208.0
Asia,Israel,2021-09-12,9449000,1170439.0,55065.0,7427.0,171.0
Asia,Israel,2021-09-19,9449000,1224852.0,54413.0,7573.0,146.0
Asia,Israel,2021-09-26,9449000,1265181.0,40329.0,7716.0,143.0
Asia,Israel,2021-10-03,9449000,1290136.0,24955.0,7845.0,129.0
Asia,Israel,2021-10-10,9449000,1306281.0,16145.0,7946.0,101.0
Asia,Israel,2021-10-17,9449000,1317363.0,11082.0,8028.0,82.0
Asia,Israel,2021-10-24,9449000,1324585.0,7222.0,8073.0,45.0
Asia,Israel,2021-10-31,9449000,1329238.0,4653.0,8120.0,47.0
Asia,Israel,2021-11-07,9449000,1333013.0,3775.0,8142.0,22.0
Asia,Israel,2021-11-14,9449000,1336117.0,3104.0,8167.0,25.0
Asia,Israel,2021-11-21,9449000,1339308.0,3191.0,8189.0,22.0
Asia,Israel,2021-11-28,9449000,1342872.0,3564.0,8201.0,12.0
Asia,Israel,2021-12-05,9449000,1346508.0,3636.0,8216.0,15.0
Asia,Israel,2021-12-12,9449000,1350802.0,4294.0,8232.0,16.0
Asia,Israel,2021-12-19,9449000,1355689.0,4887.0,8245.0,13.0
Asia,Israel,2021-12-26,9449000,1364768.0,9079.0,8251.0,6.0
Asia,Israel,2022-01-02,9449000,1391659.0,26891.0,8262.0,11.0
Asia,Israel,2022-01-09,9449000,1504543.0,112884.0,8286.0,24.0
Asia,Israel,2022-01-16,9449000,1813518.0,308975.0,8360.0,74.0
Asia,Israel,2022-01-23,9449000,2308251.0,494733.0,8553.0,193.0
Asia,Israel,2022-01-30,9449000,2782661.0,474410.0,8889.0,336.0
Asia,Israel,2022-02-06,9449000,3165397.0,382736.0,9323.0,434.0
Asia,Israel,2022-02-13,9449000,3406475.0,241078.0,9762.0,439.0
Asia,Israel,2022-02-20,9449000,3542055.0,135580.0,10024.0,262.0
Asia,Israel,2022-02-27,9449000,3619925.0,77870.0,10216.0,192.0
Asia,Israel,2022-03-06,9449000,3672986.0,53061.0,10350.0,134.0
Asia,Israel,2022-03-13,9449000,3716744.0,43758.0,10421.0,71.0
Asia,Israel,2022-03-20,9449000,3764555.0,47811.0,10479.0,58.0
Asia,Israel,2022-03-27,9449000,3853521.0,88966.0,10529.0,50.0
Asia,Israel,2022-04-03,9449000,3939698.0,86177.0,10592.0,63.0
Asia,Israel,2022-04-10,9449000,3996994.0,57296.0,10652.0,60.0
Asia,Israel,2022-04-17,9449000,4031447.0,34453.0,10700.0,48.0
Asia,Israel,2022-04-24,9449000,4057341.0,25894.0,10746.0,46.0
Asia,Israel,2022-05-01,9449000,4078567.0,21226.0,10782.0,36.0
Asia,Israel,2022-05-08,9449000,4092986.0,14419.0,10812.0,30.0
Asia,Israel,2022-05-15,9449000,4108296.0,15310.0,10832.0,20.0
Asia,Israel,2022-05-22,9449000,4123093.0,14797.0,10855.0,23.0
Asia,Israel,2022-05-29,9449000,4136342.0,13249.0,10866.0,11.0
Asia,Israel,2022-06-05,9449000,4152820.0,16478.0,10880.0,14.0
Asia,Israel,2022-06-12,9449000,4182272.0,29452.0,10893.0,13.0
Asia,Israel,2022-06-19,9449000,4229720.0,47448.0,10911.0,18.0
Asia,Israel,2022-06-26,9449000,4297541.0,67821.0,10960.0,49.0
Asia,Israel,2022-07-03,9449000,4371810.0,74269.0,11049.0,89.0
Asia,Israel,2022-07-10,9449000,4445438.0,73628.0,11145.0,96.0
Asia,Israel,2022-07-17,9449000,4505643.0,60205.0,11248.0,103.0
Asia,Israel,2022-07-24,9449000,4549173.0,43530.0,11347.0,99.0
Asia,Israel,2022-07-31,9449000,4579879.0,30706.0,11429.0,82.0
Asia,Israel,2022-08-07,9449000,4600942.0,21063.0,11499.0,70.0
Asia,Israel,2022-08-14,9449000,4614110.0,13168.0,11551.0,52.0
Asia,Israel,2022-08-21,9449000,4623298.0,9188.0,11594.0,43.0
Asia,Israel,2022-08-28,9449000,4630220.0,6922.0,11635.0,41.0
Asia,Israel,2022-09-04,9449000,4636243.0,6023.0,11661.0,26.0
Asia,Israel,2022-09-11,9449000,4642337.0,6094.0,11677.0,16.0
Asia,Israel,2022-09-18,9449000,4649974.0,7637.0,11692.0,15.0
Asia,Israel,2022-09-25,9449000,4657558.0,7584.0,11701.0,9.0
Asia,Israel,2022-10-02,9449000,4663674.0,6116.0,11714.0,13.0
Asia,Israel,2022-10-09,9449000,4668611.0,4937.0,11731.0,17.0
Asia,Israel,2022-10-16,9449000,4672922.0,4311.0,11748.0,17.0
Asia,Israel,2022-10-23,9449000,4677527.0,4605.0,11766.0,18.0
Asia,Israel,2022-10-30,9449000,4683045.0,5518.0,11782.0,16.0
Asia,Israel,2022-11-06,9449000,4689378.0,6333.0,11797.0,15.0
Asia,Israel,2022-11-13,9449000,4696551.0,7173.0,11813.0,16.0
Asia,Israel,2022-11-20,9449000,4705376.0,8825.0,11836.0,23.0
Asia,Israel,2022-11-27,9449000,4715604.0,10228.0,11860.0,24.0
Asia,Israel,2022-12-04,9449000,4726835.0,11231.0,11899.0,39.0
Asia,Israel,2022-12-11,9449000,4737802.0,10967.0,11943.0,44.0
Asia,Israel,2022-12-18,9449000,4748123.0,10321.0,11985.0,42.0
Asia,Israel,2022-12-25,9449000,4756704.0,8581.0,12026.0,41.0
Asia,Israel,2023-01-01,9449000,4764078.0,7374.0,12067.0,41.0
Asia,Japan,2021-01-03,123951696,243847.0,26535.0,3548.0,335.0
Asia,Japan,2021-01-10,123951696,286752.0,42905.0,3996.0,448.0
Asia,Japan,2021-01-17,123951696,328294.0,41542.0,4446.0,450.0
Asia,Japan,2021-01-24,123951696,364813.0,36519.0,5019.0,573.0
Asia,Japan,2021-01-31,123951696,389518.0,24705.0,5654.0,635.0
Asia,Japan,2021-02-07,123951696,404990.0,15472.0,6338.0,684.0
Asia,Japan,2021-02-14,123951696,415782.0,10792.0,6912.0,574.0
Asia,Japan,2021-02-21,123951696,425597.0,9815.0,7417.0,505.0
Asia,Japan,2021-02-28,123951696,432773.0,7176.0,7860.0,443.0
Asia,Japan,2021-03-07,123951696,439992.0,7219.0,8227.0,367.0
Asia,Japan,2021-03-14,123951696,447906.0,7914.0,8560.0,333.0
Asia,Japan,2021-03-21,123951696,456781.0,8875.0,8812.0,252.0
Asia,Japan,2021-03-28,123951696,468614.0,11833.0,9031.0,219.0
Asia,Japan,2021-04-04,123951696,485325.0,16711.0,9221.0,190.0
Asia,Japan,2021-04-11,123951696,506286.0,20961.0,9382.0,161.0
Asia,Japan,2021-04-18,123951696,534052.0,27766.0,9622.0,240.0
Asia,Japan,2021-04-25,123951696,566863.0,32811.0,9913.0,291.0
Asia,Japan,2021-05-02,123951696,602862.0,35999.0,10361.0,448.0
Asia,Japan,2021-05-09,123951696,640044.0,37182.0,10876.0,515.0
Asia,Japan,2021-05-16,123951696,683175.0,43131.0,11508.0,632.0
Asia,Japan,2021-05-23,123951696,718864.0,35689.0,12312.0,804.0
Asia,Japan,2021-05-30,123951696,744487.0,25623.0,12967.0,655.0
Asia,Japan,2021-06-06,123951696,762401.0,17914.0,13574.0,607.0
Asia,Japan,2021-06-13,123951696,775231.0,12830.0,14071.0,497.0
Asia,Japan,2021-06-20,123951696,785287.0,10056.0,14423.0,352.0
Asia,Japan,2021-06-27,123951696,795756.0,10469.0,14669.0,246.0
Asia,Japan,2021-07-04,123951696,806834.0,11078.0,14848.0,179.0
Asia,Japan,2021-07-11,123951696,820715.0,13881.0,14955.0,107.0
Asia,Japan,2021-07-18,123951696,841537.0,20822.0,15048.0,93.0
Asia,Japan,2021-07-25,123951696,870445.0,28908.0,15129.0,81.0
Asia,Japan,2021-08-01,123951696,935886.0,65441.0,15197.0,68.0
Asia,Japan,2021-08-08,123951696,1031296.0,95410.0,15280.0,83.0
Asia,Japan,2021-08-15,123951696,1144546.0,113250.0,15408.0,128.0
Asia,Japan,2021-08-22,123951696,1300353.0,155807.0,15631.0,223.0
Asia,Japan,2021-08-29,123951696,1454364.0,154011.0,15946.0,315.0
Asia,Japan,2021-09-05,123951696,1571372.0,117008.0,16354.0,408.0
Asia,Japan,2021-09-12,123951696,1639545.0,68173.0,16797.0,443.0
Asia,Japan,2021-09-19,123951696,1676711.0,37166.0,17204.0,407.0
Asia,Japan,2021-09-26,123951696,1694675.0,17964.0,17482.0,278.0
Asia,Japan,2021-10-03,123951696,1705046.0,10371.0,17730.0,248.0
Asia,Japan,2021-10-10,123951696,1710973.0,5927.0,17941.0,211.0
Asia,Japan,2021-10-17,123951696,1714720.0,3747.0,18103.0,162.0
Asia,Japan,2021-10-24,123951696,1716938.0,2218.0,18199.0,96.0
Asia,Japan,2021-10-31,123951696,1722864.0,5926.0,18268.0,69.0
Asia,Japan,2021-11-07,123951696,1724200.0,1336.0,18310.0,42.0
Asia,Japan,2021-11-14,123951696,1725466.0,1266.0,18327.0,17.0
Asia,Japan,2021-11-21,123951696,1726474.0,1008.0,18347.0,20.0
Asia,Japan,2021-11-28,123951696,1727143.0,669.0,18358.0,11.0
Asia,Japan,2021-12-05,123951696,1727942.0,799.0,18364.0,6.0
Asia,Japan,2021-12-12,123951696,1728820.0,878.0,18373.0,9.0
Asia,Japan,2021-12-19,123951696,1729964.0,1144.0,18379.0,6.0
Asia,Japan,2021-12-26,123951696,1731789.0,1825.0,18387.0,8.0
Asia,Japan,2022-01-02,123951696,1734808.0,3019.0,18395.0,8.0
Asia,Japan,2022-01-09,123951696,1765604.0,30796.0,18403.0,8.0
Asia,Japan,2022-01-16,123951696,1879839.0,114235.0,18433.0,30.0
Asia,Japan,2022-01-23,123951696,2169653.0,289814.0,18506.0,73.0
Asia,Japan,2022-01-30,123951696,2669638.0,499985.0,18764.0,258.0
Asia,Japan,2022-02-06,123951696,3300589.0,630951.0,19324.0,560.0
Asia,Japan,2022-02-13,123951696,3912198.0,611609.0,20359.0,1035.0
Asia,Japan,2022-02-20,123951696,4484753.0,572555.0,21821.0,1462.0
Asia,Japan,2022-02-27,123951696,4954620.0,469867.0,23270.0,1449.0
Asia,Japan,2022-03-06,123951696,5393533.0,438913.0,24935.0,1665.0
Asia,Japan,2022-03-13,123951696,5772396.0,378863.0,26154.0,1219.0
Asia,Japan,2022-03-20,123951696,6104090.0,331694.0,27045.0,891.0
Asia,Japan,2022-03-27,123951696,6377719.0,273629.0,27767.0,722.0
Asia,Japan,2022-04-03,123951696,6702086.0,324367.0,28286.0,519.0
Asia,Japan,2022-04-10,123951696,7039563.0,337477.0,28684.0,398.0
Asia,Japan,2022-04-17,123951696,7374251.0,334688.0,29023.0,339.0
Asia,Japan,2022-04-24,123951696,7660012.0,285761.0,29308.0,285.0
Asia,Japan,2022-05-01,123951696,7901933.0,241921.0,29601.0,293.0
Asia,Japan,2022-05-08,123951696,8099533.0,197600.0,29813.0,212.0
Asia,Japan,2022-05-15,123951696,8373056.0,273523.0,30061.0,248.0
Asia,Japan,2022-05-22,123951696,8618683.0,245627.0,30307.0,246.0
Asia,Japan,2022-05-29,123951696,8811614.0,192931.0,30558.0,251.0
Asia,Japan,2022-06-05,123951696,8945784.0,134170.0,30773.0,215.0
Asia,Japan,2022-06-12,123951696,9051732.0,105948.0,30910.0,137.0
Asia,Japan,2022-06-19,123951696,9149733.0,98001.0,31045.0,135.0
Asia,Japan,2022-06-26,123951696,9253386.0,103653.0,31139.0,94.0
Asia,Japan,2022-07-03,123951696,9375972.0,122586.0,31332.0,193.0
Asia,Japan,2022-07-10,123951696,9645732.0,269760.0,31445.0,113.0
Asia,Japan,2022-07-17,123951696,10204843.0,559111.0,31610.0,165.0
Asia,Japan,2022-07-24,123951696,11173911.0,969068.0,31940.0,330.0
Asia,Japan,2022-07-31,123951696,12553010.0,1379099.0,32694.0,754.0
Asia,Japan,2022-08-07,123951696,14049978.0,1496968.0,33825.0,1131.0
Asia,Japan,2022-08-14,123951696,15445279.0,1395301.0,35371.0,1546.0
Asia,Japan,2022-08-21,123951696,16921653.0,1476374.0,37277.0,1906.0
Asia,Japan,2022-08-28,123951696,18180425.0,1258772.0,39253.0,1976.0
Asia,Japan,2022-09-04,123951696,19345212.0,1164787.0,41293.0,2040.0
Asia,Japan,2022-09-11,123951696,19882393.0,537181.0,42794.0,1501.0
Asia,Japan,2022-09-18,123951696,20488312.0,605919.0,43827.0,1033.0
Asia,Japan,2022-09-25,123951696,21023814.0,535502.0,44463.0,636.0
Asia,Japan,2022-10-02,123951696,21330772.0,306958.0,45018.0,555.0
Asia,Japan,2022-10-09,123951696,21539319.0,208547.0,45511.0,493.0
Asia,Japan,2022-10-16,123951696,21757595.0,218276.0,45890.0,379.0
Asia,Japan,2022-10-23,123951696,21991277.0,233682.0,46347.0,457.0
Asia,Japan,2022-10-30,123951696,22273251.0,281974.0,46711.0,364.0
Asia,Japan,2022-11-06,123951696,22674944.0,401693.0,47139.0,428.0
Asia,Japan,2022-11-13,123951696,23178710.0,503766.0,47715.0,576.0
Asia,Japan,2022-11-20,123951696,23771785.0,593075.0,48482.0,767.0
Asia,Japan,2022-11-27,123951696,24470557.0,698772.0,49434.0,952.0
Asia,Japan,2022-12-04,123951696,25220452.0,749895.0,50608.0,1174.0
Asia,Japan,2022-12-11,123951696,26069823.0,849371.0,52043.0,1435.0
Asia,Japan,2022-12-18,123951696,27116473.0,1046650.0,53730.0,1687.0
Asia,Japan,2022-12-25,123951696,28266405.0,1149932.0,55813.0,2083.0
Asia,Japan,2023-01-01,123951696,29212535.0,946130.0,57721.0,1908.0
Asia,Jordan,2021-01-03,11285875,296668.0,10312.0,3877.0,148.0
Asia,Jordan,2021-01-10,11285875,305959.0,9291.0,4009.0,132.0
Asia,Jordan,2021-01-17,11285875,313557.0,7598.0,4137.0,128.0
Asia,Jordan,2021-01-24,11285875,319519.0,5962.0,4217.0,80.0
Asia,Jordan,2021-01-31,11285875,325674.0,6155.0,4304.0,87.0
Asia,Jordan,2021-02-07,11285875,333855.0,8181.0,4369.0,65.0
Asia,Jordan,2021-02-14,11285875,344803.0,10948.0,4444.0,75.0
Asia,Jordan,2021-02-21,11285875,359811.0,15008.0,4543.0,99.0
Asia,Jordan,2021-02-28,11285875,386496.0,26685.0,4675.0,132.0
Asia,Jordan,2021-03-07,11285875,421415.0,34919.0,4900.0,225.0
Asia,Jordan,2021-03-14,11285875,469000.0,47585.0,5285.0,385.0
Asia,Jordan,2021-03-21,11285875,526666.0,57666.0,5788.0,503.0
Asia,Jordan,2021-03-28,11285875,582133.0,55467.0,6472.0,684.0
Asia,Jordan,2021-04-04,11285875,626875.0,44742.0,7130.0,658.0
Asia,Jordan,2021-04-11,11285875,662395.0,35520.0,7708.0,578.0
Asia,Jordan,2021-04-18,11285875,683466.0,21071.0,8178.0,470.0
Asia,Jordan,2021-04-25,11285875,700423.0,16957.0,8563.0,385.0
Asia,Jordan,2021-05-02,11285875,712077.0,11654.0,8871.0,308.0
Asia,Jordan,2021-05-09,11285875,719233.0,7156.0,9076.0,205.0
Asia,Jordan,2021-05-16,11285875,723345.0,4112.0,9243.0,167.0
Asia,Jordan,2021-05-23,11285875,729706.0,6361.0,9357.0,114.0
Asia,Jordan,2021-05-30,11285875,735139.0,5433.0,9443.0,86.0
Asia,Jordan,2021-06-06,11285875,739319.0,4180.0,9516.0,73.0
Asia,Jordan,2021-06-13,11285875,742831.0,3512.0,9582.0,66.0
Asia,Jordan,2021-06-20,11285875,745978.0,3147.0,9656.0,74.0
Asia,Jordan,2021-06-27,11285875,749319.0,3341.0,9718.0,62.0
Asia,Jordan,2021-07-04,11285875,752617.0,3298.0,9769.0,51.0
Asia,Jordan,2021-07-11,11285875,756354.0,3737.0,9826.0,57.0
Asia,Jordan,2021-07-18,11285875,760550.0,4196.0,9887.0,61.0
Asia,Jordan,2021-07-25,11285875,763922.0,3372.0,9948.0,61.0
Asia,Jordan,2021-08-01,11285875,770712.0,6790.0,10032.0,84.0
Asia,Jordan,2021-08-08,11285875,776178.0,5466.0,10116.0,84.0
Asia,Jordan,2021-08-15,11285875,782210.0,6032.0,10203.0,87.0
Asia,Jordan,2021-08-22,11285875,788516.0,6306.0,10285.0,82.0
Asia,Jordan,2021-08-29,11285875,794350.0,5834.0,10368.0,83.0
Asia,Jordan,2021-09-05,11285875,800240.0,5890.0,10463.0,95.0
Asia,Jordan,2021-09-12,11285875,806501.0,6261.0,10542.0,79.0
Asia,Jordan,2021-09-19,11285875,812681.0,6180.0,10606.0,64.0
Asia,Jordan,2021-09-26,11285875,818796.0,6115.0,10669.0,63.0
Asia,Jordan,2021-10-03,11285875,825245.0,6449.0,10736.0,67.0
Asia,Jordan,2021-10-10,11285875,832399.0,7154.0,10802.0,66.0
Asia,Jordan,2021-10-17,11285875,840117.0,7718.0,10865.0,63.0
Asia,Jordan,2021-10-24,11285875,849758.0,9641.0,10941.0,76.0
Asia,Jordan,2021-10-31,11285875,860818.0,11060.0,11028.0,87.0
Asia,Jordan,2021-11-07,11285875,873707.0,12889.0,11114.0,86.0
Asia,Jordan,2021-11-14,11285875,889671.0,15964.0,11215.0,101.0
Asia,Jordan,2021-11-21,11285875,911270.0,21599.0,11347.0,132.0
Asia,Jordan,2021-11-28,11285875,939293.0,28023.0,11515.0,168.0
Asia,Jordan,2021-12-05,11285875,971401.0,32108.0,11715.0,200.0
Asia,Jordan,2021-12-12,11285875,1006136.0,34735.0,11941.0,226.0
Asia,Jordan,2021-12-19,11285875,1033469.0,27333.0,12191.0,250.0
Asia,Jordan,2021-12-26,11285875,1051421.0,17952.0,12444.0,253.0
Asia,Jordan,2022-01-02,11285875,1064277.0,12856.0,12684.0,240.0
Asia,Jordan,2022-01-09,11285875,1077432.0,13155.0,12856.0,172.0
Asia,Jordan,2022-01-16,11285875,1097474.0,20042.0,12974.0,118.0
Asia,Jordan,2022-01-23,11285875,1134097.0,36623.0,13062.0,88.0
Asia,Jordan,2022-01-30,11285875,1197250.0,63153.0,13174.0,112.0
Asia,Jordan,2022-02-06,11285875,1314243.0,116993.0,13300.0,126.0
Asia,Jordan,2022-02-13,11285875,1450810.0,136567.0,13477.0,177.0
Asia,Jordan,2022-02-20,11285875,1560822.0,110012.0,13657.0,180.0
Asia,Jordan,2022-02-27,11285875,1617178.0,56356.0,13798.0,141.0
Asia,Jordan,2022-03-06,11285875,1654677.0,37499.0,13882.0,84.0
Asia,Jordan,2022-03-13,11285875,1680179.0,25502.0,13959.0,77.0
Asia,Jordan,2022-03-20,11285875,1689314.0,9135.0,14003.0,44.0
Asia,Jordan,2022-03-27,11285875,1692485.0,3171.0,14031.0,28.0
Asia,Jordan,2022-04-03,11285875,1694216.0,1731.0,14048.0,17.0
Asia,Jordan,2022-04-10,11285875,1694957.0,741.0,14055.0,7.0
Asia,Jordan,2022-04-17,11285875,1695432.0,475.0,14059.0,4.0
Asia,Jordan,2022-04-24,11285875,1695745.0,313.0,14064.0,5.0
Asia,Jordan,2022-05-01,11285875,1695970.0,225.0,14066.0,2.0
Asia,Jordan,2022-06-05,11285875,1697271.0,334.0,14068.0,2.0
Asia,Jordan,2022-07-10,11285875,1702661.0,2135.0,14069.0,1.0
Asia,Jordan,2022-07-17,11285875,1705116.0,2455.0,14070.0,1.0
Asia,Jordan,2022-07-24,11285875,1709879.0,4763.0,14074.0,4.0
Asia,Jordan,2022-07-31,11285875,1715296.0,5417.0,14083.0,9.0
Asia,Jordan,2022-08-07,11285875,1720778.0,5482.0,14090.0,7.0
Asia,Jordan,2022-08-14,11285875,1726717.0,5939.0,14095.0,5.0
Asia,Jordan,2022-08-21,11285875,1731549.0,4832.0,14105.0,10.0
Asia,Jordan,2022-08-28,11285875,1735495.0,3946.0,14110.0,5.0
Asia,Jordan,2022-09-04,11285875,1738867.0,3372.0,14114.0,4.0
Asia,Jordan,2022-09-18,11285875,1745032.0,2776.0,14116.0,2.0
Asia,Jordan,2022-09-25,11285875,1746997.0,1965.0,14122.0,6.0
Asia,Kazakhstan,2021-01-03,19397998,202880.0,5738.0,2749.0,80.0
Asia,Kazakhstan,2021-01-10,19397998,208596.0,5716.0,2845.0,96.0
Asia,Kazakhstan,2021-01-17,19397998,214927.0,6331.0,2885.0,40.0
Asia,Kazakhstan,2021-01-24,19397998,224395.0,9468.0,2956.0,71.0
Asia,Kazakhstan,2021-01-31,19397998,234569.0,10174.0,3035.0,79.0
Asia,Kazakhstan,2021-02-07,19397998,243407.0,8838.0,3126.0,91.0
Asia,Kazakhstan,2021-02-14,19397998,250476.0,7069.0,3185.0,59.0
Asia,Kazakhstan,2021-02-21,19397998,256388.0,5912.0,3246.0,61.0
Asia,Kazakhstan,2021-02-28,19397998,262093.0,5705.0,3311.0,65.0
Asia,Kazakhstan,2021-03-07,19397998,267657.0,5564.0,3389.0,78.0
Asia,Kazakhstan,2021-03-14,19397998,273521.0,5864.0,3456.0,67.0
Asia,Kazakhstan,2021-03-21,19397998,281798.0,8277.0,3511.0,55.0
Asia,Kazakhstan,2021-03-28,19397998,290792.0,8994.0,5802.0,2291.0
Asia,Kazakhstan,2021-04-04,19397998,303922.0,13130.0,5912.0,110.0
Asia,Kazakhstan,2021-04-11,19397998,320881.0,16959.0,6028.0,116.0
Asia,Kazakhstan,2021-04-18,19397998,338845.0,17964.0,6179.0,151.0
Asia,Kazakhstan,2021-04-25,19397998,358834.0,19989.0,6373.0,194.0
Asia,Kazakhstan,2021-05-02,19397998,378570.0,19736.0,6561.0,188.0
Asia,Kazakhstan,2021-05-09,19397998,396130.0,17560.0,6758.0,197.0
Asia,Kazakhstan,2021-05-16,19397998,412236.0,16106.0,6976.0,218.0
Asia,Kazakhstan,2021-05-23,19397998,427873.0,15637.0,7149.0,173.0
Asia,Kazakhstan,2021-06-06,19397998,449858.0,9489.0,7321.0,172.0
Asia,Kazakhstan,2021-06-13,19397998,457474.0,7616.0,7465.0,144.0
Asia,Kazakhstan,2021-06-20,19397998,465185.0,7711.0,7586.0,121.0
Asia,Kazakhstan,2021-06-27,19397998,475039.0,9854.0,7666.0,80.0
Asia,Kazakhstan,2021-07-04,19397998,491277.0,16238.0,7759.0,93.0
Asia,Kazakhstan,2021-07-11,19397998,512685.0,21408.0,7934.0,175.0
Asia,Kazakhstan,2021-07-18,19397998,547510.0,34825.0,8173.0,239.0
Asia,Kazakhstan,2021-07-25,19397998,588856.0,41346.0,8538.0,365.0
Asia,Kazakhstan,2021-08-01,19397998,641547.0,52691.0,9077.0,539.0
Asia,Kazakhstan,2021-08-08,19397998,697580.0,56033.0,9909.0,832.0
Asia,Kazakhstan,2021-08-15,19397998,752926.0,55346.0,10791.0,882.0
Asia,Kazakhstan,2021-08-22,19397998,804711.0,51785.0,11725.0,934.0
Asia,Kazakhstan,2021-08-29,19397998,849557.0,44846.0,12655.0,930.0
Asia,Kazakhstan,2021-09-05,19397998,884224.0,34667.0,13732.0,1077.0
Asia,Kazakhstan,2021-09-12,19397998,912241.0,28017.0,14423.0,691.0
Asia,Kazakhstan,2021-09-19,19397998,934449.0,22208.0,15031.0,608.0
Asia,Kazakhstan,2021-09-26,19397998,952385.0,17936.0,15830.0,799.0
Asia,Kazakhstan,2021-10-03,19397998,967212.0,14827.0,16142.0,312.0
Asia,Kazakhstan,2021-10-10,19397998,981129.0,13917.0,16440.0,298.0
Asia,Kazakhstan,2021-10-17,19397998,994464.0,13335.0,16682.0,242.0
Asia,Kazakhstan,2021-10-24,19397998,1006955.0,12491.0,16933.0,251.0
Asia,Kazakhstan,2021-10-31,19397998,1018841.0,11886.0,17131.0,198.0
Asia,Kazakhstan,2021-11-07,19397998,1028928.0,10087.0,17318.0,187.0
Asia,Kazakhstan,2021-11-14,19397998,1037638.0,8710.0,17512.0,194.0
Asia,Kazakhstan,2021-11-21,19397998,1045783.0,8145.0,17670.0,158.0
Asia,Kazakhstan,2021-11-28,19397998,1052622.0,6839.0,17805.0,135.0
Asia,Kazakhstan,2021-12-05,19397998,1058105.0,5483.0,17932.0,127.0
Asia,Kazakhstan,2021-12-12,19397998,1062898.0,4793.0,18036.0,104.0
Asia,Kazakhstan,2021-12-19,19397998,1066547.0,3649.0,18116.0,80.0
Asia,Kazakhstan,2021-12-26,19397998,1069864.0,3317.0,18185.0,69.0
Asia,Kazakhstan,2022-01-02,19397998,1072999.0,3135.0,18236.0,51.0
Asia,Kazakhstan,2022-01-09,19397998,1079671.0,6672.0,18278.0,42.0
Asia,Kazakhstan,2022-01-16,19397998,1134598.0,54927.0,18312.0,34.0
Asia,Kazakhstan,2022-01-23,19397998,1231856.0,97258.0,18382.0,70.0
Asia,Kazakhstan,2022-01-30,19397998,1312308.0,80452.0,18490.0,108.0
Asia,Kazakhstan,2022-02-06,19397998,1357974.0,45666.0,18641.0,151.0
Asia,Kazakhstan,2022-02-13,19397998,1377460.0,19486.0,18771.0,130.0
Asia,Kazakhstan,2022-02-20,19397998,1386330.0,8870.0,18866.0,95.0
Asia,Kazakhstan,2022-02-27,19397998,1390173.0,3843.0,18929.0,63.0
Asia,Kazakhstan,2022-03-06,19397998,1392011.0,1838.0,18973.0,44.0
Asia,Kazakhstan,2022-03-13,19397998,1392860.0,849.0,18993.0,20.0
Asia,Kazakhstan,2022-03-20,19397998,1393427.0,567.0,19004.0,11.0
Asia,Kazakhstan,2022-03-27,19397998,1393643.0,216.0,19010.0,6.0
Asia,Kazakhstan,2022-04-03,19397998,1393892.0,249.0,19012.0,2.0
Asia,Kazakhstan,2022-04-10,19397998,1394070.0,178.0,19013.0,1.0
Asia,Kazakhstan,2022-05-08,19397998,1394632.0,109.0,19014.0,1.0
Asia,Kazakhstan,2022-05-15,19397998,1394710.0,78.0,19015.0,1.0
Asia,Kazakhstan,2022-06-05,19397998,1394957.0,70.0,19016.0,1.0
Asia,Kazakhstan,2022-06-12,19397998,1395055.0,98.0,19017.0,1.0
Asia,Kazakhstan,2022-06-26,19397998,1395466.0,299.0,19018.0,1.0
Asia,Kazakhstan,2022-07-17,19397998,1405908.0,7190.0,19020.0,2.0
Asia,Kazakhstan,2022-07-24,19397998,1420909.0,15001.0,19021.0,1.0
Asia,Kazakhstan,2022-08-07,19397998,1456527.0,16803.0,19026.0,5.0
Asia,Kazakhstan,2022-08-14,19397998,1466761.0,10234.0,19030.0,4.0
Asia,Kazakhstan,2022-08-21,19397998,1473391.0,6630.0,19034.0,4.0
Asia,Kazakhstan,2022-08-28,19397998,1477485.0,4094.0,19041.0,7.0
Asia,Kazakhstan,2022-09-11,19397998,1481525.0,1677.0,19045.0,4.0
Asia,Kazakhstan,2022-09-18,19397998,1482515.0,990.0,19048.0,3.0
Asia,Kazakhstan,2022-10-02,19397998,1483736.0,533.0,19050.0,2.0
Asia,Kazakhstan,2022-10-09,19397998,1484070.0,334.0,19052.0,2.0
Asia,Kazakhstan,2022-11-13,19397998,1485564.0,363.0,19053.0,1.0
Asia,Kazakhstan,2022-12-11,19397998,1489113.0,1304.0,19056.0,3.0
Asia,Kazakhstan,2022-12-18,19397998,1490547.0,1434.0,19057.0,1.0
Asia,Kazakhstan,2023-01-01,19397998,1493734.0,1513.0,19058.0,1.0
Asia,Kuwait,2021-01-03,4268886,151074.0,1625.0,937.0,8.0
Asia,Kuwait,2021-01-10,4268886,153900.0,2826.0,942.0,5.0
Asia,Kuwait,2021-01-17,4268886,157399.0,3499.0,947.0,5.0
Asia,Kuwait,2021-01-24,4268886,160901.0,3502.0,952.0,5.0
Asia,Kuwait,2021-01-31,4268886,164622.0,3721.0,959.0,7.0
Asia,Kuwait,2021-02-07,4268886,170036.0,5414.0,964.0,5.0
Asia,Kuwait,2021-02-14,4268886,176903.0,6867.0,998.0,34.0
Asia,Kuwait,2021-02-21,4268886,183322.0,6419.0,1039.0,41.0
Asia,Kuwait,2021-02-28,4268886,189890.0,6568.0,1078.0,39.0
Asia,Kuwait,2021-03-07,4268886,199428.0,9538.0,1120.0,42.0
Asia,Kuwait,2021-03-14,4268886,208460.0,9032.0,1165.0,45.0
Asia,Kuwait,2021-03-21,4268886,217933.0,9473.0,1215.0,50.0
Asia,Kuwait,2021-03-28,4268886,227178.0,9245.0,1279.0,64.0
Asia,Kuwait,2021-04-04,4268886,235989.0,8811.0,1339.0,60.0
Asia,Kuwait,2021-04-11,4268886,245704.0,9715.0,1403.0,64.0
Asia,Kuwait,2021-04-18,4268886,255860.0,10156.0,1440.0,37.0
Asia,Kuwait,2021-04-25,4268886,265404.0,9544.0,1511.0,71.0
Asia,Kuwait,2021-05-02,4268886,275270.0,9866.0,1569.0,58.0
Asia,Kuwait,2021-05-09,4268886,284076.0,8806.0,1635.0,66.0
Asia,Kuwait,2021-05-16,4268886,290801.0,6725.0,1687.0,52.0
Asia,Kuwait,2021-05-23,4268886,298223.0,7422.0,1724.0,37.0
Asia,Kuwait,2021-05-30,4268886,306717.0,8494.0,1764.0,40.0
Asia,Kuwait,2021-06-06,4268886,315900.0,9183.0,1794.0,30.0
Asia,Kuwait,2021-06-13,4268886,326451.0,10551.0,1817.0,23.0
Asia,Kuwait,2021-06-20,4268886,337371.0,10920.0,1862.0,45.0
Asia,Kuwait,2021-06-27,4268886,349923.0,12552.0,1919.0,57.0
Asia,Kuwait,2021-07-04,4268886,362018.0,12095.0,2005.0,86.0
Asia,Kuwait,2021-07-11,4268886,374104.0,12086.0,2100.0,95.0
Asia,Kuwait,2021-07-18,4268886,384573.0,10469.0,2211.0,111.0
Asia,Kuwait,2021-07-25,4268886,391781.0,7208.0,2279.0,68.0
Asia,Kuwait,2021-08-01,4268886,397831.0,6050.0,2320.0,41.0
Asia,Kuwait,2021-08-08,4268886,402794.0,4963.0,2366.0,46.0
Asia,Kuwait,2021-08-15,4268886,406234.0,3440.0,2386.0,20.0
Asia,Kuwait,2021-08-22,4268886,408078.0,1844.0,2403.0,17.0
Asia,Kuwait,2021-08-29,4268886,409363.0,1285.0,2416.0,13.0
Asia,Kuwait,2021-09-05,4268886,410270.0,907.0,2423.0,7.0
Asia,Kuwait,2021-09-12,4268886,410734.0,464.0,2430.0,7.0
Asia,Kuwait,2021-09-19,4268886,411124.0,390.0,2438.0,8.0
Asia,Kuwait,2021-09-26,4268886,411447.0,323.0,2445.0,7.0
Asia,Kuwait,2021-10-03,4268886,411731.0,284.0,2451.0,6.0
Asia,Kuwait,2021-10-10,4268886,412048.0,317.0,2454.0,3.0
Asia,Kuwait,2021-10-17,4268886,412297.0,249.0,2456.0,2.0
Asia,Kuwait,2021-10-24,4268886,412506.0,209.0,2460.0,4.0
Asia,Kuwait,2021-10-31,4268886,412653.0,147.0,2461.0,1.0
Asia,Kuwait,2021-11-07,4268886,412821.0,168.0,2462.0,1.0
Asia,Kuwait,2021-11-21,4268886,413120.0,138.0,2464.0,2.0
Asia,Kuwait,2021-11-28,4268886,413266.0,146.0,2465.0,1.0
Asia,Kuwait,2021-12-12,4268886,413672.0,208.0,2466.0,1.0
Asia,Kuwait,2021-12-26,4268886,414911.0,888.0,2468.0,2.0
Asia,Kuwait,2022-01-09,4268886,430920.0,13197.0,2471.0,3.0
Asia,Kuwait,2022-01-16,4268886,460828.0,29908.0,2475.0,4.0
Asia,Kuwait,2022-01-23,4268886,493107.0,32279.0,2485.0,10.0
Asia,Kuwait,2022-01-30,4268886,534062.0,40955.0,2494.0,9.0
Asia,Kuwait,2022-02-06,4268886,574587.0,40525.0,2508.0,14.0
Asia,Kuwait,2022-02-13,4268886,599039.0,24452.0,2519.0,11.0
Asia,Kuwait,2022-02-20,4268886,611820.0,12781.0,2528.0,9.0
Asia,Kuwait,2022-02-27,4268886,618703.0,6883.0,2536.0,8.0
Asia,Kuwait,2022-03-06,4268886,622489.0,3786.0,2544.0,8.0
Asia,Kuwait,2022-03-13,4268886,625461.0,2972.0,2550.0,6.0
Asia,Kuwait,2022-03-20,4268886,627143.0,1682.0,2553.0,3.0
Asia,Kuwait,2022-04-03,4268886,629525.0,1065.0,2554.0,1.0
Asia,Kuwait,2022-04-10,4268886,630322.0,797.0,2555.0,1.0
Asia,Kuwait,2022-07-10,4268886,647935.0,2820.0,2556.0,1.0
Asia,Kuwait,2022-07-17,4268886,650085.0,2150.0,2558.0,2.0
Asia,Kuwait,2022-07-24,4268886,653020.0,2935.0,2559.0,1.0
Asia,Kuwait,2022-07-31,4268886,654671.0,1651.0,2562.0,3.0
Asia,Kuwait,2022-08-14,4268886,656456.0,724.0,2563.0,1.0
Asia,Kuwait,2022-10-02,4268886,659923.0,579.0,2564.0,1.0
Asia,Kuwait,2022-10-16,4268886,661333.0,666.0,2565.0,1.0
Asia,Kuwait,2022-10-23,4268886,661787.0,454.0,2566.0,1.0
Asia,Kuwait,2022-10-30,4268886,662123.0,336.0,2569.0,3.0
Asia,Kuwait,2022-11-13,4268886,662524.0,165.0,2570.0,1.0
Asia,Kyrgyzstan,2021-06-27,6630621,6331.0,6331.0,45.0,45.0
Asia,Kyrgyzstan,2021-07-04,6630621,16455.0,10124.0,109.0,64.0
Asia,Kyrgyzstan,2021-07-11,6630621,25363.0,8908.0,176.0,67.0
Asia,Kyrgyzstan,2021-07-18,6630621,34701.0,9338.0,249.0,73.0
Asia,Kyrgyzstan,2021-07-25,6630621,42505.0,7804.0,324.0,75.0
Asia,Kyrgyzstan,2021-08-01,6630621,49128.0,6623.0,407.0,83.0
Asia,Kyrgyzstan,2021-08-08,6630621,53885.0,4757.0,470.0,63.0
Asia,Kyrgyzstan,2021-08-15,6630621,56712.0,2827.0,514.0,44.0
Asia,Kyrgyzstan,2021-08-22,6630621,58533.0,1821.0,552.0,38.0
Asia,Kyrgyzstan,2021-08-29,6630621,59974.0,1441.0,587.0,35.0
Asia,Kyrgyzstan,2021-09-05,6630621,60967.0,993.0,617.0,30.0
Asia,Kyrgyzstan,2021-09-12,6630621,61611.0,644.0,637.0,20.0
Asia,Kyrgyzstan,2021-09-19,6630621,62165.0,554.0,653.0,16.0
Asia,Kyrgyzstan,2021-09-26,6630621,62702.0,537.0,665.0,12.0
Asia,Kyrgyzstan,2021-10-03,6630621,63168.0,466.0,671.0,6.0
Asia,Kyrgyzstan,2021-10-10,6630621,63721.0,553.0,683.0,12.0
Asia,Kyrgyzstan,2021-10-17,6630621,64298.0,577.0,699.0,16.0
Asia,Kyrgyzstan,2021-10-24,6630621,65014.0,716.0,718.0,19.0
Asia,Kyrgyzstan,2021-10-31,6630621,65712.0,698.0,735.0,17.0
Asia,Kyrgyzstan,2021-11-07,6630621,66267.0,555.0,752.0,17.0
Asia,Kyrgyzstan,2021-11-14,6630621,66810.0,543.0,770.0,18.0
Asia,Kyrgyzstan,2021-11-21,6630621,67269.0,459.0,790.0,20.0
Asia,Kyrgyzstan,2021-11-28,6630621,67670.0,401.0,806.0,16.0
Asia,Kyrgyzstan,2021-12-05,6630621,68034.0,364.0,823.0,17.0
Asia,Kyrgyzstan,2021-12-12,6630621,68376.0,342.0,833.0,10.0
Asia,Kyrgyzstan,2021-12-19,6630621,68603.0,227.0,847.0,14.0
Asia,Kyrgyzstan,2021-12-26,6630621,68891.0,288.0,860.0,13.0
Asia,Kyrgyzstan,2022-01-02,6630621,69212.0,321.0,868.0,8.0
Asia,Kyrgyzstan,2022-01-09,6630621,70450.0,1238.0,882.0,14.0
Asia,Kyrgyzstan,2022-01-16,6630621,74853.0,4403.0,896.0,14.0
Asia,Kyrgyzstan,2022-01-23,6630621,80205.0,5352.0,914.0,18.0
Asia,Kyrgyzstan,2022-02-06,6630621,81409.0,1203.0,939.0,25.0
Asia,Kyrgyzstan,2022-02-13,6630621,81956.0,547.0,964.0,25.0
Asia,Kyrgyzstan,2022-02-20,6630621,82227.0,271.0,980.0,16.0
Asia,Kyrgyzstan,2022-02-27,6630621,82390.0,163.0,991.0,11.0
Asia,Kyrgyzstan,2022-03-06,6630621,82531.0,141.0,1000.0,9.0
Asia,Kyrgyzstan,2022-03-13,6630621,82632.0,101.0,1007.0,7.0
Asia,Kyrgyzstan,2022-03-20,6630621,82708.0,76.0,1014.0,7.0
Asia,Kyrgyzstan,2022-03-27,6630621,82782.0,74.0,1018.0,4.0
Asia,Kyrgyzstan,2022-04-03,6630621,82858.0,76.0,1024.0,6.0
Asia,Laos,2021-05-09,7529477,1242.0,362.0,1.0,1.0
Asia,Laos,2021-05-16,7529477,1531.0,289.0,2.0,1.0
Asia,Laos,2021-05-30,7529477,1851.0,110.0,3.0,1.0
Asia,Laos,2021-07-18,7529477,3426.0,707.0,5.0,2.0
Asia,Laos,2021-08-01,7529477,6566.0,1804.0,7.0,2.0
Asia,Laos,2021-08-08,7529477,8391.0,1825.0,8.0,1.0
Asia,Laos,2021-08-15,7529477,10092.0,1701.0,9.0,1.0
Asia,Laos,2021-08-22,7529477,12469.0,2377.0,11.0,2.0
Asia,Laos,2021-08-29,7529477,14641.0,2172.0,12.0,1.0
Asia,Laos,2021-09-05,7529477,15933.0,1292.0,16.0,4.0
Asia,Laos,2021-10-03,7529477,25217.0,3398.0,22.0,6.0
Asia,Laos,2021-10-10,7529477,28540.0,3323.0,26.0,4.0
Asia,Laos,2021-10-17,7529477,32029.0,3489.0,40.0,14.0
Asia,Laos,2021-10-24,7529477,35633.0,3604.0,52.0,12.0
Asia,Laos,2021-10-31,7529477,40271.0,4638.0,65.0,13.0
Asia,Laos,2021-11-07,7529477,47056.0,6785.0,82.0,17.0
Asia,Laos,2021-11-14,7529477,54192.0,7136.0,99.0,17.0
Asia,Laos,2021-11-21,7529477,62160.0,7968.0,132.0,33.0
Asia,Laos,2021-11-28,7529477,71518.0,9358.0,159.0,27.0
Asia,Laos,2021-12-05,7529477,79833.0,8315.0,207.0,48.0
Asia,Laos,2021-12-12,7529477,89320.0,9487.0,247.0,40.0
Asia,Laos,2021-12-19,7529477,98572.0,9252.0,273.0,26.0
Asia,Laos,2021-12-26,7529477,106231.0,7659.0,325.0,52.0
Asia,Laos,2022-01-02,7529477,112767.0,6536.0,380.0,55.0
Asia,Laos,2022-01-09,7529477,118880.0,6113.0,437.0,57.0
Asia,Laos,2022-01-16,7529477,124731.0,5851.0,495.0,58.0
Asia,Laos,2022-01-23,7529477,129953.0,5222.0,526.0,31.0
Asia,Laos,2022-01-30,7529477,133524.0,3571.0,544.0,18.0
Asia,Laos,2022-02-06,7529477,136438.0,2914.0,574.0,30.0
Asia,Laos,2022-02-13,7529477,139028.0,2590.0,594.0,20.0
Asia,Laos,2022-02-20,7529477,141083.0,2055.0,610.0,16.0
Asia,Laos,2022-02-27,7529477,142609.0,1526.0,621.0,11.0
Asia,Laos,2022-03-06,7529477,144155.0,1546.0,629.0,8.0
Asia,Laos,2022-03-13,7529477,146328.0,2173.0,640.0,11.0
Asia,Laos,2022-03-20,7529477,152957.0,6629.0,645.0,5.0
Asia,Laos,2022-03-27,7529477,167993.0,15036.0,661.0,16.0
Asia,Laos,2022-04-03,7529477,183560.0,15567.0,671.0,10.0
Asia,Lebanon,2021-01-03,5489744,186408.0,16936.0,1766.0,387.0
Asia,Lebanon,2021-01-10,5489744,215553.0,29145.0,1880.0,114.0
Asia,Lebanon,2021-01-17,5489744,249158.0,33605.0,2156.0,276.0
Asia,Lebanon,2021-01-24,5489744,276587.0,27429.0,2570.0,414.0
Asia,Lebanon,2021-01-31,5489744,298913.0,22326.0,3031.0,461.0
Asia,Lebanon,2021-02-07,5489744,317836.0,18923.0,3562.0,531.0
Asia,Lebanon,2021-02-14,5489744,336992.0,19156.0,3961.0,399.0
Asia,Lebanon,2021-02-21,5489744,353371.0,16379.0,4297.0,336.0
Asia,Lebanon,2021-02-28,5489744,372775.0,19404.0,4652.0,355.0
Asia,Lebanon,2021-03-07,5489744,393211.0,20436.0,5013.0,361.0
Asia,Lebanon,2021-03-14,5489744,415362.0,22151.0,5334.0,321.0
Asia,Lebanon,2021-03-21,5489744,436575.0,21213.0,5715.0,381.0
Asia,Lebanon,2021-03-28,5489744,458338.0,21763.0,6058.0,343.0
Asia,Lebanon,2021-04-04,5489744,477113.0,18775.0,6379.0,321.0
Asia,Lebanon,2021-04-11,5489744,494633.0,17520.0,6630.0,251.0
Asia,Lebanon,2021-04-18,5489744,508503.0,13870.0,6886.0,256.0
Asia,Lebanon,2021-04-25,5489744,519615.0,11112.0,7118.0,232.0
Asia,Lebanon,2021-05-02,5489744,527508.0,7893.0,7302.0,184.0
Asia,Lebanon,2021-05-09,5489744,532269.0,4761.0,7460.0,158.0
Asia,Lebanon,2021-05-16,5489744,535446.0,3177.0,7602.0,142.0
Asia,Lebanon,2021-05-23,5489744,538218.0,2772.0,7670.0,68.0
Asia,Lebanon,2021-05-30,5489744,540132.0,1914.0,7718.0,48.0
Asia,Lebanon,2021-06-06,5489744,541423.0,1291.0,7758.0,40.0
Asia,Lebanon,2021-06-13,5489744,542523.0,1100.0,7794.0,36.0
Asia,Lebanon,2021-06-20,5489744,543371.0,848.0,7819.0,25.0
Asia,Lebanon,2021-06-27,5489744,544291.0,920.0,7841.0,22.0
Asia,Lebanon,2021-07-04,5489744,545363.0,1072.0,7859.0,18.0
Asia,Lebanon,2021-07-11,5489744,547497.0,2134.0,7873.0,14.0
Asia,Lebanon,2021-07-18,5489744,550492.0,2995.0,7884.0,11.0
Asia,Lebanon,2021-07-25,5489744,554458.0,3966.0,7891.0,7.0
Asia,Lebanon,2021-08-01,5489744,561380.0,6922.0,7906.0,15.0
Asia,Lebanon,2021-08-08,5489744,570098.0,8718.0,7938.0,32.0
Asia,Lebanon,2021-08-15,5489744,581497.0,11399.0,7972.0,34.0
Asia,Lebanon,2021-08-22,5489744,590983.0,9486.0,8008.0,36.0
Asia,Lebanon,2021-08-29,5489744,599298.0,8315.0,8040.0,32.0
Asia,Lebanon,2021-09-05,5489744,606536.0,7238.0,8089.0,49.0
Asia,Lebanon,2021-09-12,5489744,612713.0,6177.0,8181.0,92.0
Asia,Lebanon,2021-09-19,5489744,617662.0,4949.0,8232.0,51.0
Asia,Lebanon,2021-09-26,5489744,621735.0,4073.0,8277.0,45.0
Asia,Lebanon,2021-10-03,5489744,625445.0,3710.0,8341.0,64.0
Asia,Lebanon,2021-10-10,5489744,629561.0,4116.0,8382.0,41.0
Asia,Lebanon,2021-10-17,5489744,633355.0,3794.0,8419.0,37.0
Asia,Lebanon,2021-10-24,5489744,637312.0,3957.0,8449.0,30.0
Asia,Lebanon,2021-10-31,5489744,641339.0,4027.0,8495.0,46.0
Asia,Lebanon,2021-11-07,5489744,645805.0,4466.0,8540.0,45.0
Asia,Lebanon,2021-11-14,5489744,651788.0,5983.0,8577.0,37.0
Asia,Lebanon,2021-11-21,5489744,658467.0,6679.0,8635.0,58.0
Asia,Lebanon,2021-11-28,5489744,666768.0,8301.0,8701.0,66.0
Asia,Lebanon,2021-12-05,5489744,677174.0,10406.0,8765.0,64.0
Asia,Lebanon,2021-12-12,5489744,688515.0,11341.0,8836.0,71.0
Asia,Lebanon,2021-12-19,5489744,699464.0,10949.0,8924.0,88.0
Asia,Lebanon,2021-12-26,5489744,711259.0,11795.0,9027.0,103.0
Asia,Lebanon,2022-01-02,5489744,731288.0,20029.0,9136.0,109.0
Asia,Lebanon,2022-01-09,5489744,769400.0,38112.0,9267.0,131.0
Asia,Lebanon,2022-01-16,5489744,814631.0,45231.0,9367.0,100.0
Asia,Lebanon,2022-01-23,5489744,858848.0,44217.0,9474.0,107.0
Asia,Lebanon,2022-01-30,5489744,907824.0,48976.0,9576.0,102.0
Asia,Lebanon,2022-02-06,5489744,965627.0,57803.0,9694.0,118.0
Asia,Lebanon,2022-02-13,5489744,1012044.0,46417.0,9824.0,130.0
Asia,Lebanon,2022-02-20,5489744,1043028.0,30984.0,9950.0,126.0
Asia,Lebanon,2022-02-27,5489744,1065307.0,22279.0,10069.0,119.0
Asia,Lebanon,2022-03-06,5489744,1077242.0,11935.0,10142.0,73.0
Asia,Lebanon,2022-03-13,5489744,1084114.0,6872.0,10200.0,58.0
Asia,Lebanon,2022-03-20,5489744,1087835.0,3721.0,10243.0,43.0
Asia,Lebanon,2022-03-27,5489744,1090498.0,2663.0,10278.0,35.0
Asia,Lebanon,2022-04-03,5489744,1092807.0,2309.0,10311.0,33.0
Asia,Lebanon,2022-04-10,5489744,1094503.0,1696.0,10337.0,26.0
Asia,Lebanon,2022-04-17,5489744,1095518.0,1015.0,10359.0,22.0
Asia,Lebanon,2022-04-24,5489744,1096320.0,802.0,10375.0,16.0
Asia,Lebanon,2022-05-01,5489744,1096955.0,635.0,10387.0,12.0
Asia,Lebanon,2022-05-08,5489744,1097492.0,537.0,10398.0,11.0
Asia,Lebanon,2022-05-15,5489744,1097956.0,464.0,10407.0,9.0
Asia,Lebanon,2022-05-22,5489744,1098504.0,548.0,10417.0,10.0
Asia,Lebanon,2022-05-29,5489744,1099065.0,561.0,10426.0,9.0
Asia,Lebanon,2022-06-05,5489744,1099745.0,680.0,10435.0,9.0
Asia,Lebanon,2022-06-12,5489744,1100871.0,1126.0,10444.0,9.0
Asia,Lebanon,2022-06-19,5489744,1103264.0,2393.0,10452.0,8.0
Asia,Lebanon,2022-06-26,5489744,1107602.0,4338.0,10460.0,8.0
Asia,Lebanon,2022-07-03,5489744,1114814.0,7212.0,10468.0,8.0
Asia,Lebanon,2022-07-10,5489744,1124628.0,9814.0,10476.0,8.0
Asia,Lebanon,2022-07-17,5489744,1138458.0,13830.0,10487.0,11.0
Asia,Lebanon,2022-07-24,5489744,1155660.0,17202.0,10506.0,19.0
Asia,Lebanon,2022-07-31,5489744,1172269.0,16609.0,10529.0,23.0
Asia,Lebanon,2022-08-07,5489744,1185405.0,13136.0,10546.0,17.0
Asia,Lebanon,2022-08-14,5489744,1195784.0,10379.0,10572.0,26.0
Asia,Lebanon,2022-08-21,5489744,1203404.0,7620.0,10599.0,27.0
Asia,Lebanon,2022-08-28,5489744,1207873.0,4469.0,10619.0,20.0
Asia,Lebanon,2022-09-04,5489744,1210566.0,2693.0,10636.0,17.0
Asia,Lebanon,2022-09-11,5489744,1212497.0,1931.0,10645.0,9.0
Asia,Lebanon,2022-09-18,5489744,1213769.0,1272.0,10657.0,12.0
Asia,Lebanon,2022-09-25,5489744,1214892.0,1123.0,10670.0,13.0
Asia,Lebanon,2022-10-02,5489744,1215925.0,1033.0,10677.0,7.0
Asia,Lebanon,2022-10-09,5489744,1216638.0,713.0,10684.0,7.0
Asia,Lebanon,2022-10-16,5489744,1216999.0,361.0,10688.0,4.0
Asia,Lebanon,2022-10-23,5489744,1218082.0,1083.0,10699.0,11.0
Asia,Lebanon,2022-10-30,5489744,1218630.0,548.0,10705.0,6.0
Asia,Lebanon,2022-11-06,5489744,1219141.0,511.0,10713.0,8.0
Asia,Lebanon,2022-11-13,5489744,1219573.0,432.0,10720.0,7.0
Asia,Lebanon,2022-11-20,5489744,1220043.0,470.0,10727.0,7.0
Asia,Lebanon,2022-11-27,5489744,1220385.0,342.0,10734.0,7.0
Asia,Lebanon,2022-12-04,5489744,1220714.0,329.0,10739.0,5.0
Asia,Lebanon,2022-12-11,5489744,1221144.0,430.0,10741.0,2.0
Asia,Lebanon,2022-12-18,5489744,1221640.0,496.0,10742.0,1.0
Asia,Lebanon,2022-12-25,5489744,1222126.0,486.0,10744.0,2.0
Asia,Lebanon,2023-01-01,5489744,1222808.0,682.0,10747.0,3.0
Asia,Malaysia,2021-01-03,33938216,119077.0,15177.0,483.0,32.0
Asia,Malaysia,2021-01-10,33938216,135992.0,16915.0,542.0,59.0
Asia,Malaysia,2021-01-17,33938216,158434.0,22442.0,594.0,52.0
Asia,Malaysia,2021-01-24,33938216,183801.0,25367.0,667.0,73.0
Asia,Malaysia,2021-01-31,33938216,214959.0,31158.0,746.0,79.0
Asia,Malaysia,2021-02-07,33938216,242452.0,27493.0,857.0,111.0
Asia,Malaysia,2021-02-14,33938216,264269.0,21817.0,958.0,101.0
Asia,Malaysia,2021-02-21,33938216,283569.0,19300.0,1051.0,93.0
Asia,Malaysia,2021-02-28,33938216,300752.0,17183.0,1121.0,70.0
Asia,Malaysia,2021-03-07,33938216,313460.0,12708.0,1166.0,45.0
Asia,Malaysia,2021-03-14,33938216,323763.0,10303.0,1206.0,40.0
Asia,Malaysia,2021-03-21,33938216,333040.0,9277.0,1229.0,23.0
Asia,Malaysia,2021-03-28,33938216,341944.0,8904.0,1251.0,22.0
Asia,Malaysia,2021-04-04,33938216,350959.0,9015.0,1286.0,35.0
Asia,Malaysia,2021-04-11,33938216,360856.0,9897.0,1321.0,35.0
Asia,Malaysia,2021-04-18,33938216,375054.0,14198.0,1370.0,49.0
Asia,Malaysia,2021-04-25,33938216,392942.0,17888.0,1426.0,56.0
Asia,Malaysia,2021-05-02,33938216,415012.0,22070.0,1533.0,107.0
Asia,Malaysia,2021-05-09,33938216,440677.0,25665.0,1683.0,150.0
Asia,Malaysia,2021-05-16,33938216,470110.0,29433.0,1902.0,219.0
Asia,Malaysia,2021-05-23,33938216,512091.0,41981.0,2248.0,346.0
Asia,Malaysia,2021-05-30,33938216,565533.0,53442.0,2729.0,481.0
Asia,Malaysia,2021-06-06,33938216,616815.0,51282.0,3378.0,649.0
Asia,Malaysia,2021-06-13,33938216,657508.0,40693.0,3908.0,530.0
Asia,Malaysia,2021-06-20,33938216,696408.0,38900.0,4408.0,500.0
Asia,Malaysia,2021-06-27,33938216,734048.0,37640.0,4944.0,536.0
Asia,Malaysia,2021-07-04,33938216,778652.0,44604.0,5497.0,553.0
Asia,Malaysia,2021-07-11,33938216,836296.0,57644.0,6158.0,661.0
Asia,Malaysia,2021-07-18,33938216,916561.0,80265.0,7019.0,861.0
Asia,Malaysia,2021-07-25,33938216,1013438.0,96877.0,7994.0,975.0
Asia,Malaysia,2021-08-01,33938216,1130422.0,116984.0,9184.0,1190.0
Asia,Malaysia,2021-08-08,33938216,1262540.0,132118.0,10749.0,1565.0
Asia,Malaysia,2021-08-15,33938216,1404899.0,142359.0,12510.0,1761.0
Asia,Malaysia,2021-08-22,33938216,1555093.0,150194.0,14168.0,1658.0
Asia,Malaysia,2021-08-29,33938216,1706089.0,150996.0,16087.0,1919.0
Asia,Malaysia,2021-09-05,33938216,1844835.0,138746.0,18219.0,2132.0
Asia,Malaysia,2021-09-12,33938216,1979698.0,134863.0,20711.0,2492.0
Asia,Malaysia,2021-09-19,33938216,2097830.0,118132.0,23443.0,2732.0
Asia,Malaysia,2021-09-26,33938216,2198235.0,100405.0,25437.0,1994.0
Asia,Malaysia,2021-10-03,33938216,2277565.0,79330.0,26683.0,1246.0
Asia,Malaysia,2021-10-10,33938216,2339594.0,62029.0,27329.0,646.0
Asia,Malaysia,2021-10-17,33938216,2390687.0,51093.0,27921.0,592.0
Asia,Malaysia,2021-10-24,33938216,2431716.0,41029.0,28400.0,479.0
Asia,Malaysia,2021-10-31,33938216,2471642.0,39926.0,28912.0,512.0
Asia,Malaysia,2021-11-07,33938216,2506309.0,34667.0,29291.0,379.0
Asia,Malaysia,2021-11-14,33938216,2546309.0,40000.0,29676.0,385.0
Asia,Malaysia,2021-11-21,33938216,2586601.0,40292.0,30002.0,326.0
Asia,Malaysia,2021-11-28,33938216,2623816.0,37215.0,30309.0,307.0
Asia,Malaysia,2021-12-05,33938216,2658772.0,34956.0,30614.0,305.0
Asia,Malaysia,2021-12-12,33938216,2691639.0,32867.0,30879.0,265.0
Asia,Malaysia,2021-12-19,33938216,2718955.0,27316.0,31092.0,213.0
Asia,Malaysia,2021-12-26,33938216,2741179.0,22224.0,31334.0,242.0
Asia,Malaysia,2022-01-02,33938216,2764354.0,23175.0,31532.0,198.0
Asia,Malaysia,2022-01-09,33938216,2786219.0,21865.0,31678.0,146.0
Asia,Malaysia,2022-01-16,33938216,2808347.0,22128.0,31793.0,115.0
Asia,Malaysia,2022-01-23,33938216,2832945.0,24598.0,31892.0,99.0
Asia,Malaysia,2022-01-30,33938216,2865984.0,33039.0,31965.0,73.0
Asia,Malaysia,2022-02-06,33938216,2914220.0,48236.0,32034.0,69.0
Asia,Malaysia,2022-02-13,33938216,3040235.0,126015.0,32125.0,91.0
Asia,Malaysia,2022-02-20,33938216,3221680.0,181445.0,32347.0,222.0
Asia,Malaysia,2022-02-27,33938216,3419636.0,197956.0,32674.0,327.0
Asia,Malaysia,2022-03-06,33938216,3622607.0,202971.0,33228.0,554.0
Asia,Malaysia,2022-03-13,33938216,3823571.0,200964.0,33807.0,579.0
Asia,Malaysia,2022-03-20,33938216,3993124.0,169553.0,34400.0,593.0
Asia,Malaysia,2022-03-27,33938216,4138867.0,145743.0,34788.0,388.0
Asia,Malaysia,2022-04-03,33938216,4246467.0,107600.0,35099.0,311.0
Asia,Malaysia,2022-04-10,33938216,4325818.0,79351.0,35292.0,193.0
Asia,Malaysia,2022-04-17,33938216,4389025.0,63207.0,35421.0,129.0
Asia,Malaysia,2022-04-24,33938216,4431073.0,42048.0,35499.0,78.0
Asia,Malaysia,2022-05-01,33938216,4449507.0,18434.0,35550.0,51.0
Asia,Malaysia,2022-05-08,33938216,4458889.0,9382.0,35583.0,33.0
Asia,Malaysia,2022-05-15,33938216,4478112.0,19223.0,35615.0,32.0
Asia,Malaysia,2022-05-22,33938216,4491320.0,13208.0,35643.0,28.0
Asia,Malaysia,2022-05-29,33938216,4503734.0,12414.0,35665.0,22.0
Asia,Malaysia,2022-06-05,33938216,4514989.0,11255.0,35690.0,25.0
Asia,Malaysia,2022-06-12,33938216,4526298.0,11309.0,35716.0,26.0
Asia,Malaysia,2022-06-19,33938216,4540612.0,14314.0,35735.0,19.0
Asia,Malaysia,2022-06-26,33938216,4556664.0,16052.0,35754.0,19.0
Asia,Malaysia,2022-07-03,33938216,4571355.0,14691.0,35784.0,30.0
Asia,Malaysia,2022-07-10,33938216,4592710.0,21355.0,35816.0,32.0
Asia,Malaysia,2022-07-17,33938216,4619025.0,26315.0,35862.0,46.0
Asia,Malaysia,2022-07-24,33938216,4648931.0,29906.0,35923.0,61.0
Asia,Malaysia,2022-07-31,33938216,4677270.0,28339.0,35977.0,54.0
Asia,Malaysia,2022-08-07,33938216,4705824.0,28554.0,36032.0,55.0
Asia,Malaysia,2022-08-14,33938216,4732502.0,26678.0,36093.0,61.0
Asia,Malaysia,2022-08-21,33938216,4755288.0,22786.0,36155.0,62.0
Asia,Malaysia,2022-08-28,33938216,4774003.0,18715.0,36206.0,51.0
Asia,Malaysia,2022-09-04,33938216,4789552.0,15549.0,36249.0,43.0
Asia,Malaysia,2022-09-11,33938216,4803624.0,14072.0,36285.0,36.0
Asia,Malaysia,2022-09-18,33938216,4817251.0,13627.0,36317.0,32.0
Asia,Malaysia,2022-09-25,33938216,4830214.0,12963.0,36357.0,40.0
Asia,Malaysia,2022-10-02,33938216,4842505.0,12291.0,36380.0,23.0
Asia,Malaysia,2022-10-09,33938216,4853523.0,11018.0,36403.0,23.0
Asia,Malaysia,2022-10-16,33938216,4865480.0,11957.0,36423.0,20.0
Asia,Malaysia,2022-10-23,33938216,4880005.0,14525.0,36447.0,24.0
Asia,Malaysia,2022-10-30,33938216,4896755.0,16750.0,36475.0,28.0
Asia,Malaysia,2022-11-06,33938216,4923538.0,26783.0,36495.0,20.0
Asia,Malaysia,2022-11-13,33938216,4946583.0,23045.0,36554.0,59.0
Asia,Malaysia,2022-11-20,33938216,4965666.0,19083.0,36609.0,55.0
Asia,Malaysia,2022-11-27,33938216,4984272.0,18606.0,36657.0,48.0
Asia,Malaysia,2022-12-04,33938216,4998830.0,14558.0,36716.0,59.0
Asia,Malaysia,2022-12-11,33938216,5009767.0,10937.0,36769.0,53.0
Asia,Malaysia,2022-12-18,33938216,5017016.0,7249.0,36808.0,39.0
Asia,Malaysia,2022-12-25,33938216,5023306.0,6290.0,36835.0,27.0
Asia,Malaysia,2023-01-01,33938216,5026677.0,3371.0,36858.0,23.0
Asia,Maldives,2021-01-10,523798,14109.0,242.0,49.0,1.0
Asia,Maldives,2021-01-24,523798,14993.0,480.0,51.0,2.0
Asia,Maldives,2021-01-31,523798,15841.0,848.0,52.0,1.0
Asia,Maldives,2021-02-07,523798,16783.0,942.0,55.0,3.0
Asia,Maldives,2021-02-14,523798,17828.0,1045.0,58.0,3.0
Asia,Maldives,2021-02-21,523798,18769.0,941.0,60.0,2.0
Asia,Maldives,2021-02-28,523798,19793.0,1024.0,62.0,2.0
Asia,Maldives,2021-03-07,523798,20794.0,1001.0,64.0,2.0
Asia,Maldives,2021-03-21,523798,22513.0,941.0,66.0,2.0
Asia,Maldives,2021-04-04,523798,24783.0,1259.0,67.0,1.0
Asia,Maldives,2021-04-18,523798,26348.0,731.0,70.0,3.0
Asia,Maldives,2021-04-25,523798,27874.0,1526.0,71.0,1.0
Asia,Maldives,2021-05-02,523798,30745.0,2871.0,74.0,3.0
Asia,Maldives,2021-05-09,523798,35815.0,5070.0,84.0,10.0
Asia,Maldives,2021-05-16,523798,44523.0,8708.0,97.0,13.0
Asia,Maldives,2021-05-23,523798,55924.0,11401.0,129.0,32.0
Asia,Maldives,2021-05-30,523798,63686.0,7762.0,158.0,29.0
Asia,Maldives,2021-06-06,523798,67950.0,4264.0,185.0,27.0
Asia,Maldives,2021-06-13,523798,70301.0,2351.0,197.0,12.0
Asia,Maldives,2021-06-20,523798,71896.0,1595.0,206.0,9.0
Asia,Maldives,2021-06-27,523798,73327.0,1431.0,209.0,3.0
Asia,Maldives,2021-07-04,523798,74351.0,1024.0,213.0,4.0
Asia,Maldives,2021-07-11,523798,75071.0,720.0,214.0,1.0
Asia,Maldives,2021-07-18,523798,75879.0,808.0,216.0,2.0
Asia,Maldives,2021-07-25,523798,76750.0,871.0,219.0,3.0
Asia,Maldives,2021-08-01,523798,77547.0,797.0,221.0,2.0
Asia,Maldives,2021-08-08,523798,78356.0,809.0,222.0,1.0
Asia,Maldives,2021-08-22,523798,79959.0,822.0,223.0,1.0
Asia,Maldives,2021-08-29,523798,80791.0,832.0,226.0,3.0
Asia,Maldives,2021-09-12,523798,82822.0,843.0,227.0,1.0
Asia,Maldives,2021-09-19,523798,83576.0,754.0,229.0,2.0
Asia,Maldives,2021-09-26,523798,84362.0,786.0,231.0,2.0
Asia,Maldives,2021-10-10,523798,85548.0,506.0,234.0,3.0
Asia,Maldives,2021-10-17,523798,86165.0,617.0,238.0,4.0
Asia,Maldives,2021-10-24,523798,86922.0,757.0,240.0,2.0
Asia,Maldives,2021-10-31,523798,87784.0,862.0,243.0,3.0
Asia,Maldives,2021-11-07,523798,88817.0,1033.0,245.0,2.0
Asia,Maldives,2021-11-14,523798,89840.0,1023.0,247.0,2.0
Asia,Maldives,2021-11-21,523798,90725.0,885.0,248.0,1.0
Asia,Maldives,2021-12-05,523798,92211.0,747.0,254.0,6.0
Asia,Maldives,2021-12-12,523798,93119.0,908.0,258.0,4.0
Asia,Maldives,2021-12-19,523798,93957.0,838.0,259.0,1.0
Asia,Maldives,2021-12-26,523798,94864.0,907.0,261.0,2.0
Asia,Maldives,2022-01-02,523798,96052.0,1188.0,262.0,1.0
Asia,Maldives,2022-01-09,523798,98052.0,2000.0,264.0,2.0
Asia,Maldives,2022-01-16,523798,103581.0,5529.0,265.0,1.0
Asia,Maldives,2022-01-23,523798,117461.0,13880.0,270.0,5.0
Asia,Maldives,2022-01-30,523798,136126.0,18665.0,275.0,5.0
Asia,Maldives,2022-02-06,523798,150337.0,14211.0,283.0,8.0
Asia,Maldives,2022-02-13,523798,159061.0,8724.0,289.0,6.0
Asia,Maldives,2022-02-20,523798,165073.0,6012.0,291.0,2.0
Asia,Maldives,2022-02-27,523798,169632.0,4559.0,297.0,6.0
Asia,Maldives,2022-03-27,523798,177103.0,1104.0,298.0,1.0
Asia,Maldives,2022-06-05,523798,179855.0,90.0,299.0,1.0
Asia,Maldives,2022-06-19,523798,180543.0,528.0,300.0,1.0
Asia,Maldives,2022-06-26,523798,181586.0,1043.0,305.0,5.0
Asia,Maldives,2022-07-03,523798,182720.0,1134.0,306.0,1.0
Asia,Maldives,2022-07-10,523798,183491.0,771.0,307.0,1.0
Asia,Maldives,2022-08-28,523798,184856.0,68.0,308.0,1.0
Asia,Maldives,2022-11-06,523798,185454.0,90.0,309.0,1.0
Asia,Maldives,2022-11-13,523798,185549.0,95.0,310.0,1.0
Asia,Maldives,2022-11-20,523798,185584.0,35.0,311.0,1.0
Asia,Mongolia,2021-01-24,3398373,1643.0,117.0,2.0,1.0
Asia,Mongolia,2021-03-07,3398373,3336.0,384.0,3.0,1.0
Asia,Mongolia,2021-03-14,3398373,4083.0,747.0,4.0,1.0
Asia,Mongolia,2021-03-21,3398373,5186.0,1103.0,5.0,1.0
Asia,Mongolia,2021-03-28,3398373,7589.0,2403.0,6.0,1.0
Asia,Mongolia,2021-04-04,3398373,10820.0,3231.0,12.0,6.0
Asia,Mongolia,2021-04-11,3398373,15718.0,4898.0,23.0,11.0
Asia,Mongolia,2021-04-18,3398373,22884.0,7166.0,49.0,26.0
Asia,Mongolia,2021-04-25,3398373,31339.0,8455.0,83.0,34.0
Asia,Mongolia,2021-05-02,3398373,39381.0,8042.0,131.0,48.0
Asia,Mongolia,2021-05-09,3398373,45459.0,6078.0,165.0,34.0
Asia,Mongolia,2021-05-16,3398373,49175.0,3716.0,202.0,37.0
Asia,Mongolia,2021-05-23,3398373,53100.0,3925.0,223.0,21.0
Asia,Mongolia,2021-05-30,3398373,58439.0,5339.0,253.0,30.0
Asia,Mongolia,2021-06-06,3398373,66443.0,8004.0,288.0,35.0
Asia,Mongolia,2021-06-13,3398373,78347.0,11904.0,345.0,57.0
Asia,Mongolia,2021-06-20,3398373,95819.0,17472.0,419.0,74.0
Asia,Mongolia,2021-06-27,3398373,111505.0,15686.0,479.0,60.0
Asia,Mongolia,2021-07-04,3398373,126811.0,15306.0,548.0,69.0
Asia,Mongolia,2021-07-11,3398373,139284.0,12473.0,605.0,57.0
Asia,Mongolia,2021-07-18,3398373,149733.0,10449.0,637.0,32.0
Asia,Mongolia,2021-07-25,3398373,157974.0,8241.0,688.0,51.0
Asia,Mongolia,2021-08-01,3398373,167229.0,9255.0,722.0,34.0
Asia,Mongolia,2021-08-08,3398373,175560.0,8331.0,753.0,31.0
Asia,Mongolia,2021-08-15,3398373,183652.0,8092.0,776.0,23.0
Asia,Mongolia,2021-08-22,3398373,195245.0,11593.0,802.0,26.0
Asia,Mongolia,2021-08-29,3398373,211275.0,16030.0,835.0,33.0
Asia,Mongolia,2021-09-05,3398373,236274.0,24999.0,885.0,50.0
Asia,Mongolia,2021-09-12,3398373,268983.0,32709.0,973.0,88.0
Asia,Mongolia,2021-09-19,3398373,307878.0,38895.0,1046.0,73.0
Asia,Mongolia,2021-09-26,3398373,358667.0,50789.0,1152.0,106.0
Asia,Mongolia,2021-10-03,3398373,405365.0,46698.0,1274.0,122.0
Asia,Mongolia,2021-10-10,3398373,452353.0,46988.0,1377.0,103.0
Asia,Mongolia,2021-10-17,3398373,498903.0,46550.0,1483.0,106.0
Asia,Mongolia,2021-10-24,3398373,539197.0,40294.0,1593.0,110.0
Asia,Mongolia,2021-10-31,3398373,592994.0,53797.0,1672.0,79.0
Asia,Mongolia,2021-11-07,3398373,620023.0,27029.0,1744.0,72.0
Asia,Mongolia,2021-11-14,3398373,638517.0,18494.0,1815.0,71.0
Asia,Mongolia,2021-11-21,3398373,654827.0,16310.0,1875.0,60.0
Asia,Mongolia,2021-11-28,3398373,667361.0,12534.0,1922.0,47.0
Asia,Mongolia,2021-12-05,3398373,676859.0,9498.0,1944.0,22.0
Asia,Mongolia,2021-12-12,3398373,682727.0,5868.0,1963.0,19.0
Asia,Mongolia,2021-12-19,3398373,687432.0,4705.0,1972.0,9.0
Asia,Mongolia,2021-12-26,3398373,690950.0,3518.0,1981.0,9.0
Asia,Mongolia,2022-01-02,3398373,693849.0,2899.0,1987.0,6.0
Asia,Mongolia,2022-01-09,3398373,705986.0,12137.0,2001.0,14.0
Asia,Mongolia,2022-01-16,3398373,741682.0,35696.0,2013.0,12.0
Asia,Mongolia,2022-01-23,3398373,794908.0,53226.0,2021.0,8.0
Asia,Mongolia,2022-01-30,3398373,841848.0,46940.0,2036.0,15.0
Asia,Mongolia,2022-02-06,3398373,860976.0,19128.0,2055.0,19.0
Asia,Mongolia,2022-02-13,3398373,887754.0,26778.0,2074.0,19.0
Asia,Mongolia,2022-02-20,3398373,899706.0,11952.0,2087.0,13.0
Asia,Mongolia,2022-02-27,3398373,908157.0,8451.0,2096.0,9.0
Asia,Mongolia,2022-03-06,3398373,913255.0,5098.0,2104.0,8.0
Asia,Mongolia,2022-03-13,3398373,915811.0,2556.0,2105.0,1.0
Asia,Mongolia,2022-03-20,3398373,917213.0,1402.0,2108.0,3.0
Asia,Mongolia,2022-05-01,3398373,921425.0,989.0,2110.0,2.0
Asia,Mongolia,2022-05-08,3398373,922227.0,802.0,2111.0,1.0
Asia,Mongolia,2022-05-22,3398373,924035.0,1808.0,2114.0,1.0
Asia,Mongolia,2022-05-29,3398373,925073.0,1038.0,2115.0,1.0
Asia,Mongolia,2022-06-05,3398373,927272.0,2199.0,2116.0,1.0
Asia,Mongolia,2022-07-03,3398373,928981.0,395.0,2118.0,2.0
Asia,Mongolia,2022-07-10,3398373,929653.0,672.0,2119.0,1.0
Asia,Mongolia,2022-08-07,3398373,960992.0,13970.0,2123.0,4.0
Asia,Mongolia,2022-08-21,3398373,974233.0,7810.0,2125.0,2.0
Asia,Mongolia,2022-08-28,3398373,977256.0,3023.0,2128.0,3.0
Asia,Mongolia,2022-09-04,3398373,979644.0,2388.0,2129.0,1.0
Asia,Mongolia,2022-09-11,3398373,981150.0,1506.0,2130.0,1.0
Asia,Mongolia,2022-09-18,3398373,982307.0,1157.0,2131.0,1.0
Asia,Mongolia,2022-11-13,3398373,987240.0,1588.0,2132.0,1.0
Asia,Mongolia,2022-11-20,3398373,989713.0,2473.0,2134.0,2.0
Asia,Mongolia,2022-12-04,3398373,993372.0,1271.0,2135.0,1.0
Asia,Mongolia,2022-12-25,3398373,1007314.0,244.0,2136.0,1.0
Asia,Myanmar,2021-01-03,54179312,126345.0,4459.0,2728.0,127.0
Asia,Myanmar,2021-01-10,54179312,130604.0,4259.0,2846.0,118.0
Asia,Myanmar,2021-01-17,54179312,134318.0,3714.0,2955.0,109.0
Asia,Myanmar,2021-01-24,54179312,137574.0,3256.0,3062.0,107.0
Asia,Myanmar,2021-01-31,54179312,140145.0,2571.0,3131.0,69.0
Asia,Myanmar,2021-02-07,54179312,141304.0,1159.0,3168.0,37.0
Asia,Myanmar,2021-02-14,54179312,141601.0,297.0,3189.0,21.0
Asia,Myanmar,2021-02-21,54179312,141750.0,149.0,3196.0,7.0
Asia,Myanmar,2021-02-28,54179312,141896.0,146.0,3199.0,3.0
Asia,Myanmar,2021-03-07,54179312,142034.0,138.0,3200.0,1.0
Asia,Myanmar,2021-03-14,54179312,142147.0,113.0,3202.0,2.0
Asia,Myanmar,2021-03-21,54179312,142212.0,65.0,3204.0,2.0
Asia,Myanmar,2021-03-28,54179312,142385.0,173.0,3206.0,2.0
Asia,Myanmar,2021-04-25,54179312,142722.0,78.0,3207.0,1.0
Asia,Myanmar,2021-05-02,54179312,142838.0,116.0,3209.0,2.0
Asia,Myanmar,2021-05-09,54179312,142954.0,116.0,3210.0,1.0
Asia,Myanmar,2021-05-16,54179312,143065.0,111.0,3212.0,2.0
Asia,Myanmar,2021-05-23,54179312,143234.0,169.0,3216.0,4.0
Asia,Myanmar,2021-06-06,54179312,144317.0,746.0,3225.0,9.0
Asia,Myanmar,2021-06-13,54179312,145603.0,1286.0,3244.0,19.0
Asia,Myanmar,2021-06-20,54179312,148022.0,2419.0,3262.0,18.0
Asia,Myanmar,2021-06-27,54179312,153160.0,5138.0,3297.0,35.0
Asia,Myanmar,2021-07-04,54179312,165405.0,12245.0,3419.0,122.0
Asia,Myanmar,2021-07-11,54179312,192213.0,26808.0,3838.0,419.0
Asia,Myanmar,2021-07-18,54179312,229521.0,37308.0,5000.0,1162.0
Asia,Myanmar,2021-07-25,54179312,269525.0,40004.0,7111.0,2111.0
Asia,Myanmar,2021-08-01,54179312,302665.0,33140.0,9731.0,2620.0
Asia,Myanmar,2021-08-08,54179312,329516.0,26851.0,11776.0,2045.0
Asia,Myanmar,2021-08-15,54179312,354279.0,24763.0,13263.0,1487.0
Asia,Myanmar,2021-08-22,54179312,373685.0,19406.0,14374.0,1111.0
Asia,Myanmar,2021-08-29,54179312,392300.0,18615.0,15183.0,809.0
Asia,Myanmar,2021-09-05,54179312,415416.0,23116.0,15891.0,708.0
Asia,Myanmar,2021-09-12,54179312,431833.0,16417.0,16530.0,639.0
Asia,Myanmar,2021-09-19,54179312,446573.0,14740.0,17073.0,543.0
Asia,Myanmar,2021-09-26,54179312,458154.0,11581.0,17527.0,454.0
Asia,Myanmar,2021-10-03,54179312,468463.0,10309.0,17883.0,356.0
Asia,Myanmar,2021-10-10,54179312,478651.0,10188.0,18134.0,251.0
Asia,Myanmar,2021-10-17,54179312,487853.0,9202.0,18359.0,225.0
Asia,Myanmar,2021-10-24,54179312,494263.0,6410.0,18538.0,179.0
Asia,Myanmar,2021-10-31,54179312,500073.0,5810.0,18697.0,159.0
Asia,Myanmar,2021-11-07,54179312,506816.0,6743.0,18821.0,124.0
Asia,Myanmar,2021-11-14,54179312,513262.0,6446.0,18929.0,108.0
Asia,Myanmar,2021-11-21,54179312,517922.0,4660.0,19025.0,96.0
Asia,Myanmar,2021-11-28,54179312,521561.0,3639.0,19088.0,63.0
Asia,Myanmar,2021-12-05,54179312,524407.0,2846.0,19141.0,53.0
Asia,Myanmar,2021-12-12,54179312,526661.0,2254.0,19183.0,42.0
Asia,Myanmar,2021-12-19,54179312,528253.0,1592.0,19220.0,37.0
Asia,Myanmar,2021-12-26,54179312,529613.0,1360.0,19254.0,34.0
Asia,Myanmar,2022-01-02,54179312,531025.0,1412.0,19274.0,20.0
Asia,Myanmar,2022-01-09,54179312,532062.0,1037.0,19291.0,17.0
Asia,Myanmar,2022-01-16,54179312,533144.0,1082.0,19302.0,11.0
Asia,Myanmar,2022-01-23,54179312,534071.0,927.0,19310.0,8.0
Asia,Myanmar,2022-02-20,54179312,565667.0,18896.0,19331.0,21.0
Asia,Myanmar,2022-02-27,54179312,586198.0,20531.0,19365.0,34.0
Asia,Myanmar,2022-03-06,54179312,598446.0,12248.0,19389.0,24.0
Asia,Myanmar,2022-03-13,54179312,605347.0,6901.0,19409.0,20.0
Asia,Myanmar,2022-03-20,54179312,608990.0,3643.0,19425.0,16.0
Asia,Myanmar,2022-03-27,54179312,610858.0,1868.0,19430.0,5.0
Asia,Myanmar,2022-04-03,54179312,611875.0,1017.0,19433.0,3.0
Asia,Myanmar,2022-04-10,54179312,612341.0,466.0,19434.0,1.0
Asia,Myanmar,2022-08-14,54179312,614389.0,191.0,19435.0,1.0
Asia,Myanmar,2022-08-21,54179312,614654.0,265.0,19437.0,2.0
Asia,Myanmar,2022-09-04,54179312,615559.0,597.0,19440.0,3.0
Asia,Myanmar,2022-09-11,54179312,616852.0,1293.0,19442.0,2.0
Asia,Myanmar,2022-09-18,54179312,618898.0,2046.0,19446.0,4.0
Asia,Myanmar,2022-09-25,54179312,621402.0,2504.0,19455.0,9.0
Asia,Myanmar,2022-10-02,54179312,623914.0,2512.0,19461.0,6.0
Asia,Myanmar,2022-10-09,54179312,626458.0,2544.0,19467.0,6.0
Asia,Myanmar,2022-10-16,54179312,628577.0,2119.0,19470.0,3.0
Asia,Myanmar,2022-10-23,54179312,630603.0,2026.0,19476.0,6.0
Asia,Myanmar,2022-10-30,54179312,631625.0,1022.0,19482.0,6.0
Asia,Myanmar,2022-11-06,54179312,632274.0,649.0,19485.0,3.0
Asia,Myanmar,2022-11-13,54179312,632679.0,405.0,19486.0,1.0
Asia,Myanmar,2022-11-20,54179312,633005.0,326.0,19487.0,1.0
Asia,Myanmar,2022-11-27,54179312,633167.0,162.0,19488.0,1.0
Asia,Myanmar,2022-12-25,54179312,633612.0,57.0,19490.0,2.0
Asia,Nepal,2021-01-03,30547586,261859.0,3678.0,2785.0,65.0
Asia,Nepal,2021-01-10,30547586,264780.0,2921.0,2841.0,56.0
Asia,Nepal,2021-01-17,30547586,267322.0,2542.0,2892.0,51.0
Asia,Nepal,2021-01-24,30547586,269450.0,2128.0,2934.0,42.0
Asia,Nepal,2021-01-31,30547586,270959.0,1509.0,2962.0,28.0
Asia,Nepal,2021-02-07,30547586,271925.0,966.0,2971.0,9.0
Asia,Nepal,2021-02-14,30547586,272718.0,793.0,2987.0,16.0
Asia,Nepal,2021-02-21,30547586,273431.0,713.0,2994.0,7.0
Asia,Nepal,2021-02-28,30547586,274143.0,712.0,3007.0,13.0
Asia,Nepal,2021-03-07,30547586,274721.0,578.0,3010.0,3.0
Asia,Nepal,2021-03-14,30547586,275231.0,510.0,3014.0,4.0
Asia,Nepal,2021-03-21,30547586,275906.0,675.0,3016.0,2.0
Asia,Nepal,2021-03-28,30547586,276839.0,933.0,3027.0,11.0
Asia,Nepal,2021-04-04,30547586,277944.0,1105.0,3032.0,5.0
Asia,Nepal,2021-04-11,30547586,280028.0,2084.0,3040.0,8.0
Asia,Nepal,2021-04-18,30547586,284673.0,4645.0,3083.0,43.0
Asia,Nepal,2021-04-25,30547586,300119.0,15446.0,3164.0,81.0
Asia,Nepal,2021-05-02,30547586,336030.0,35911.0,3325.0,161.0
Asia,Nepal,2021-05-09,30547586,394667.0,58637.0,3720.0,395.0
Asia,Nepal,2021-05-16,30547586,455020.0,60353.0,5001.0,1281.0
Asia,Nepal,2021-05-23,30547586,513241.0,58221.0,6346.0,1345.0
Asia,Nepal,2021-05-30,30547586,557124.0,43883.0,7272.0,926.0
Asia,Nepal,2021-06-06,30547586,588124.0,31000.0,7898.0,626.0
Asia,Nepal,2021-06-13,30547586,608472.0,20348.0,8412.0,514.0
Asia,Nepal,2021-06-20,30547586,621056.0,12584.0,8726.0,314.0
Asia,Nepal,2021-06-27,30547586,633679.0,12623.0,9009.0,283.0
Asia,Nepal,2021-07-04,30547586,644622.0,10943.0,9225.0,216.0
Asia,Nepal,2021-07-11,30547586,655449.0,10827.0,9382.0,157.0
Asia,Nepal,2021-07-18,30547586,667109.0,11660.0,9550.0,168.0
Asia,Nepal,2021-07-25,30547586,680556.0,13447.0,9713.0,163.0
Asia,Nepal,2021-08-01,30547586,697370.0,16814.0,9875.0,162.0
Asia,Nepal,2021-08-08,30547586,714877.0,17507.0,10093.0,218.0
Asia,Nepal,2021-08-15,30547586,732272.0,17395.0,10292.0,199.0
Asia,Nepal,2021-08-22,30547586,747433.0,15161.0,10509.0,217.0
Asia,Nepal,2021-08-29,30547586,759222.0,11789.0,10714.0,205.0
Asia,Nepal,2021-09-05,30547586,769271.0,10049.0,10838.0,124.0
Asia,Nepal,2021-09-12,30547586,777163.0,7892.0,10949.0,111.0
Asia,Nepal,2021-09-19,30547586,784566.0,7403.0,11040.0,91.0
Asia,Nepal,2021-09-26,30547586,791392.0,6826.0,11096.0,56.0
Asia,Nepal,2021-10-03,30547586,797192.0,5800.0,11164.0,68.0
Asia,Nepal,2021-10-10,30547586,802198.0,5006.0,11231.0,67.0
Asia,Nepal,2021-10-17,30547586,805037.0,2839.0,11284.0,53.0
Asia,Nepal,2021-10-24,30547586,809056.0,4019.0,11348.0,64.0
Asia,Nepal,2021-10-31,30547586,812570.0,3514.0,11407.0,59.0
Asia,Nepal,2021-11-07,30547586,814558.0,1988.0,11448.0,41.0
Asia,Nepal,2021-11-14,30547586,816966.0,2408.0,11477.0,29.0
Asia,Nepal,2021-11-21,30547586,819019.0,2053.0,11496.0,19.0
Asia,Nepal,2021-11-28,30547586,820878.0,1859.0,11523.0,27.0
Asia,Nepal,2021-12-05,30547586,822592.0,1714.0,11541.0,18.0
Asia,Nepal,2021-12-12,30547586,824222.0,1630.0,11554.0,13.0
Asia,Nepal,2021-12-19,30547586,825736.0,1514.0,11573.0,19.0
Asia,Nepal,2021-12-26,30547586,827271.0,1535.0,11585.0,12.0
Asia,Nepal,2022-01-02,30547586,828986.0,1715.0,11596.0,11.0
Asia,Nepal,2022-01-09,30547586,832589.0,3603.0,11604.0,8.0
Asia,Nepal,2022-01-16,30547586,853738.0,21149.0,11620.0,16.0
Asia,Nepal,2022-01-23,30547586,910394.0,56656.0,11655.0,35.0
Asia,Nepal,2022-01-30,30547586,950441.0,40047.0,11735.0,80.0
Asia,Nepal,2022-02-06,30547586,966405.0,15964.0,11814.0,79.0
Asia,Nepal,2022-02-13,30547586,973059.0,6654.0,11892.0,78.0
Asia,Nepal,2022-02-20,30547586,975559.0,2500.0,11921.0,29.0
Asia,Nepal,2022-02-27,30547586,976865.0,1306.0,11935.0,14.0
Asia,Nepal,2022-03-06,30547586,977501.0,636.0,11947.0,12.0
Asia,Nepal,2022-03-13,30547586,977937.0,436.0,11950.0,3.0
Asia,Nepal,2022-03-27,30547586,978332.0,177.0,11951.0,1.0
Asia,Nepal,2022-05-08,30547586,978942.0,114.0,11952.0,1.0
Asia,Nepal,2022-07-17,30547586,981408.0,1091.0,11953.0,1.0
Asia,Nepal,2022-07-24,30547586,983622.0,2214.0,11956.0,3.0
Asia,Nepal,2022-07-31,30547586,986596.0,2974.0,11967.0,11.0
Asia,Nepal,2022-08-07,30547586,990127.0,3531.0,11971.0,4.0
Asia,Nepal,2022-08-14,30547586,993032.0,2905.0,11988.0,17.0
Asia,Nepal,2022-08-21,30547586,995241.0,2209.0,11992.0,4.0
Asia,Nepal,2022-08-28,30547586,996834.0,1593.0,12000.0,8.0
Asia,Nepal,2022-09-04,30547586,997868.0,1034.0,12007.0,7.0
Asia,Nepal,2022-09-11,30547586,998743.0,875.0,12014.0,7.0
Asia,Nepal,2022-09-18,30547586,999241.0,498.0,12016.0,2.0
Asia,Nepal,2022-09-25,30547586,999575.0,334.0,12017.0,1.0
Asia,Nepal,2022-10-02,30547586,999789.0,214.0,12018.0,1.0
Asia,Nepal,2022-10-30,30547586,1000550.0,95.0,12019.0,1.0
Asia,Oman,2021-01-03,4576300,128867.0,577.0,1499.0,8.0
Asia,Oman,2021-01-10,4576300,130070.0,1203.0,1505.0,6.0
Asia,Oman,2021-01-17,4576300,131264.0,1194.0,1509.0,4.0
Asia,Oman,2021-01-24,4576300,132486.0,1222.0,1517.0,8.0
Asia,Oman,2021-01-31,4576300,133728.0,1242.0,1527.0,10.0
Asia,Oman,2021-02-07,4576300,135041.0,1313.0,1532.0,5.0
Asia,Oman,2021-02-14,4576300,136622.0,1581.0,1539.0,7.0
Asia,Oman,2021-02-21,4576300,138494.0,1872.0,1549.0,10.0
Asia,Oman,2021-02-28,4576300,140588.0,2094.0,1562.0,13.0
Asia,Oman,2021-03-07,4576300,142896.0,2308.0,1583.0,21.0
Asia,Oman,2021-03-14,4576300,145257.0,2361.0,1600.0,17.0
Asia,Oman,2021-03-21,4576300,149135.0,3878.0,1620.0,20.0
Asia,Oman,2021-03-28,4576300,153838.0,4703.0,1650.0,30.0
Asia,Oman,2021-04-04,4576300,160018.0,6180.0,1681.0,31.0
Asia,Oman,2021-04-11,4576300,168005.0,7987.0,1747.0,66.0
Asia,Oman,2021-04-18,4576300,176668.0,8663.0,1821.0,74.0
Asia,Oman,2021-04-25,4576300,185278.0,8610.0,1951.0,130.0
Asia,Oman,2021-05-02,4576300,193253.0,7975.0,2040.0,89.0
Asia,Oman,2021-05-09,4576300,200716.0,7463.0,2163.0,123.0
Asia,Oman,2021-05-16,4576300,204913.0,4197.0,2270.0,107.0
Asia,Oman,2021-05-23,4576300,209924.0,5011.0,2364.0,94.0
Asia,Oman,2021-05-30,4576300,215366.0,5442.0,2466.0,102.0
Asia,Oman,2021-06-06,4576300,222799.0,7433.0,2558.0,92.0
Asia,Oman,2021-06-13,4576300,233152.0,10353.0,2665.0,107.0
Asia,Oman,2021-06-20,4576300,246406.0,13254.0,2861.0,196.0
Asia,Oman,2021-06-27,4576300,260506.0,14100.0,3103.0,242.0
Asia,Oman,2021-07-04,4576300,273894.0,13388.0,3416.0,313.0
Asia,Oman,2021-07-11,4576300,283985.0,10091.0,3691.0,275.0
Asia,Oman,2021-07-18,4576300,290444.0,6459.0,3917.0,226.0
Asia,Oman,2021-07-25,4576300,293472.0,3028.0,4107.0,190.0
Asia,Oman,2021-08-01,4576300,296570.0,3098.0,4203.0,96.0
Asia,Oman,2021-08-08,4576300,298504.0,1934.0,4296.0,93.0
Asia,Oman,2021-08-15,4576300,299967.0,1463.0,4355.0,59.0
Asia,Oman,2021-08-22,4576300,301141.0,1174.0,4397.0,42.0
Asia,Oman,2021-08-29,4576300,302029.0,888.0,4423.0,26.0
Asia,Oman,2021-09-05,4576300,302599.0,570.0,4442.0,19.0
Asia,Oman,2021-09-12,4576300,303036.0,437.0,4454.0,12.0
Asia,Oman,2021-09-19,4576300,303390.0,354.0,4460.0,6.0
Asia,Oman,2021-09-26,4576300,303613.0,223.0,4461.0,1.0
Asia,Oman,2021-10-03,4576300,303813.0,200.0,4465.0,4.0
Asia,Oman,2021-10-10,4576300,303955.0,142.0,4468.0,3.0
Asia,Oman,2021-10-17,4576300,304044.0,89.0,4471.0,3.0
Asia,Oman,2021-10-24,4576300,304145.0,101.0,4476.0,5.0
Asia,Oman,2021-10-31,4576300,304281.0,136.0,4478.0,2.0
Asia,Oman,2021-11-07,4576300,304354.0,73.0,4479.0,1.0
Asia,Oman,2021-11-14,4576300,304420.0,66.0,4480.0,1.0
Asia,Oman,2022-01-02,4576300,305710.0,652.0,4483.0,3.0
Asia,Oman,2022-01-09,4576300,307349.0,1639.0,4484.0,1.0
Asia,Oman,2022-01-16,4576300,311698.0,4349.0,4486.0,2.0
Asia,Oman,2022-01-23,4576300,321123.0,9425.0,4492.0,6.0
Asia,Oman,2022-01-30,4576300,334703.0,13580.0,4501.0,9.0
Asia,Oman,2022-02-06,4576300,349663.0,14960.0,4525.0,24.0
Asia,Oman,2022-02-13,4576300,364358.0,14695.0,4562.0,37.0
Asia,Oman,2022-02-20,4576300,374565.0,10207.0,4592.0,30.0
Asia,Oman,2022-02-27,4576300,380818.0,6253.0,4605.0,13.0
Asia,Oman,2022-03-06,4576300,384522.0,3704.0,4615.0,10.0
Asia,Oman,2022-03-13,4576300,386325.0,1803.0,4617.0,2.0
Asia,Oman,2022-04-10,4576300,388662.0,230.0,4620.0,3.0
Asia,Oman,2022-04-17,4576300,388843.0,181.0,4624.0,4.0
Asia,Oman,2022-05-01,4576300,389126.0,90.0,4625.0,1.0
Asia,Oman,2022-05-08,4576300,389273.0,147.0,4626.0,1.0
Asia,Oman,2022-05-22,4576300,389506.0,109.0,4627.0,1.0
Asia,Oman,2022-05-29,4576300,389605.0,99.0,4628.0,1.0
Asia,Pakistan,2021-01-03,235824864,484362.0,14880.0,10258.0,442.0
Asia,Pakistan,2021-01-10,235824864,499517.0,15155.0,10598.0,340.0
Asia,Pakistan,2021-01-17,235824864,516770.0,17253.0,10908.0,310.0
Asia,Pakistan,2021-01-24,235824864,530818.0,14048.0,11247.0,339.0
Asia,Pakistan,2021-01-31,235824864,543214.0,12396.0,11623.0,376.0
Asia,Pakistan,2021-02-07,235824864,553128.0,9914.0,11914.0,291.0
Asia,Pakistan,2021-02-14,235824864,561625.0,8497.0,12276.0,362.0
Asia,Pakistan,2021-02-21,235824864,569846.0,8221.0,12563.0,287.0
Asia,Pakistan,2021-02-28,235824864,578797.0,8951.0,12837.0,274.0
Asia,Pakistan,2021-03-07,235824864,588728.0,9931.0,13166.0,329.0
Asia,Pakistan,2021-03-14,235824864,602536.0,13808.0,13476.0,310.0
Asia,Pakistan,2021-03-21,235824864,623135.0,20599.0,13799.0,323.0
Asia,Pakistan,2021-03-28,235824864,649824.0,26689.0,14158.0,359.0
Asia,Pakistan,2021-04-04,235824864,682888.0,33064.0,14697.0,539.0
Asia,Pakistan,2021-04-11,235824864,715968.0,33080.0,15329.0,632.0
Asia,Pakistan,2021-04-18,235824864,750158.0,34190.0,16094.0,765.0
Asia,Pakistan,2021-04-25,235824864,790016.0,39858.0,16999.0,905.0
Asia,Pakistan,2021-05-02,235824864,825519.0,35503.0,17957.0,958.0
Asia,Pakistan,2021-05-09,235824864,854241.0,28722.0,18797.0,840.0
Asia,Pakistan,2021-05-16,235824864,874751.0,20510.0,19467.0,670.0
Asia,Pakistan,2021-05-23,235824864,897468.0,22717.0,20177.0,710.0
Asia,Pakistan,2021-05-30,235824864,916239.0,18771.0,20680.0,503.0
Asia,Pakistan,2021-06-06,235824864,930511.0,14272.0,21189.0,509.0
Asia,Pakistan,2021-06-13,235824864,939931.0,9420.0,21630.0,441.0
Asia,Pakistan,2021-06-20,235824864,947218.0,7287.0,21937.0,307.0
Asia,Pakistan,2021-06-27,235824864,953842.0,6624.0,22188.0,251.0
Asia,Pakistan,2021-07-04,235824864,961085.0,7243.0,22379.0,191.0
Asia,Pakistan,2021-07-11,235824864,971304.0,10219.0,22555.0,176.0
Asia,Pakistan,2021-07-18,235824864,986668.0,15364.0,22760.0,205.0
Asia,Pakistan,2021-07-25,235824864,1001875.0,15207.0,22971.0,211.0
Asia,Pakistan,2021-08-01,235824864,1029811.0,27936.0,23360.0,389.0
Asia,Pakistan,2021-08-08,235824864,1063125.0,33314.0,23797.0,437.0
Asia,Pakistan,2021-08-15,235824864,1094699.0,31574.0,24339.0,542.0
Asia,Pakistan,2021-08-22,235824864,1119970.0,25271.0,24848.0,509.0
Asia,Pakistan,2021-08-29,235824864,1148572.0,28602.0,25535.0,687.0
Asia,Pakistan,2021-09-05,235824864,1175558.0,26986.0,26114.0,579.0
Asia,Pakistan,2021-09-12,235824864,1201367.0,25809.0,26662.0,548.0
Asia,Pakistan,2021-09-19,235824864,1221261.0,19894.0,27135.0,473.0
Asia,Pakistan,2021-09-26,235824864,1236888.0,15627.0,27524.0,389.0
Asia,Pakistan,2021-10-03,235824864,1248202.0,11314.0,27831.0,307.0
Asia,Pakistan,2021-10-10,235824864,1257188.0,8986.0,28087.0,256.0
Asia,Pakistan,2021-10-17,235824864,1263664.0,6476.0,28252.0,165.0
Asia,Pakistan,2021-10-24,235824864,1267945.0,4281.0,28359.0,107.0
Asia,Pakistan,2021-10-31,235824864,1272345.0,4400.0,28439.0,80.0
Asia,Pakistan,2021-11-07,235824864,1276240.0,3895.0,28518.0,79.0
Asia,Pakistan,2021-11-14,235824864,1279373.0,3133.0,28595.0,77.0
Asia,Pakistan,2021-11-21,235824864,1281559.0,2186.0,28655.0,60.0
Asia,Pakistan,2021-11-28,235824864,1283886.0,2327.0,28704.0,49.0
Asia,Pakistan,2021-12-05,235824864,1286453.0,2567.0,28761.0,57.0
Asia,Pakistan,2021-12-12,235824864,1288761.0,2308.0,28823.0,62.0
Asia,Pakistan,2021-12-19,235824864,1290848.0,2087.0,28870.0,47.0
Asia,Pakistan,2021-12-26,235824864,1293081.0,2233.0,28905.0,35.0
Asia,Pakistan,2022-01-02,235824864,1295933.0,2852.0,28933.0,28.0
Asia,Pakistan,2022-01-09,235824864,1302486.0,6553.0,28962.0,29.0
Asia,Pakistan,2022-01-16,235824864,1320120.0,17634.0,29003.0,41.0
Asia,Pakistan,2022-01-23,235824864,1360019.0,39899.0,29077.0,74.0
Asia,Pakistan,2022-01-30,235824864,1410013.0,49994.0,29219.0,142.0
Asia,Pakistan,2022-02-06,235824864,1454899.0,44886.0,29448.0,229.0
Asia,Pakistan,2022-02-13,235824864,1480592.0,25693.0,29731.0,283.0
Asia,Pakistan,2022-02-20,235824864,1498676.0,18084.0,29976.0,245.0
Asia,Pakistan,2022-02-27,235824864,1507657.0,8981.0,30153.0,177.0
Asia,Pakistan,2022-03-06,235824864,1513503.0,5846.0,30258.0,105.0
Asia,Pakistan,2022-03-13,235824864,1518083.0,4580.0,30304.0,46.0
Asia,Pakistan,2022-03-20,235824864,1521513.0,3430.0,30328.0,24.0
Asia,Pakistan,2022-03-27,235824864,1523590.0,2077.0,30340.0,12.0
Asia,Pakistan,2022-04-03,235824864,1525181.0,1591.0,30360.0,20.0
Asia,Pakistan,2022-04-10,235824864,1526472.0,1291.0,30361.0,1.0
Asia,Pakistan,2022-04-17,235824864,1527151.0,679.0,30363.0,2.0
Asia,Pakistan,2022-04-24,235824864,1527751.0,600.0,30369.0,6.0
Asia,Pakistan,2022-05-15,235824864,1529167.0,1211.0,30376.0,7.0
Asia,Pakistan,2022-05-22,235824864,1529711.0,544.0,30379.0,3.0
Asia,Pakistan,2022-06-12,235824864,1531112.0,462.0,30381.0,2.0
Asia,Pakistan,2022-06-19,235824864,1531830.0,718.0,30383.0,2.0
Asia,Pakistan,2022-06-26,235824864,1533482.0,1652.0,30386.0,3.0
Asia,Pakistan,2022-07-03,235824864,1537297.0,3815.0,30399.0,13.0
Asia,Pakistan,2022-07-10,235824864,1542377.0,5080.0,30420.0,21.0
Asia,Pakistan,2022-07-17,235824864,1545647.0,3270.0,30438.0,18.0
Asia,Pakistan,2022-07-24,235824864,1549766.0,4119.0,30464.0,26.0
Asia,Pakistan,2022-07-31,235824864,1553930.0,4164.0,30486.0,22.0
Asia,Pakistan,2022-08-07,235824864,1558557.0,4627.0,30505.0,19.0
Asia,Pakistan,2022-08-14,235824864,1562307.0,3750.0,30523.0,18.0
Asia,Pakistan,2022-08-21,235824864,1565768.0,3461.0,30550.0,27.0
Asia,Pakistan,2022-08-28,235824864,1568183.0,2415.0,30571.0,21.0
Asia,Pakistan,2022-09-04,235824864,1569788.0,1605.0,30588.0,17.0
Asia,Pakistan,2022-09-11,235824864,1570952.0,1164.0,30599.0,11.0
Asia,Pakistan,2022-09-18,235824864,1571732.0,780.0,30605.0,6.0
Asia,Pakistan,2022-09-25,235824864,1572269.0,537.0,30612.0,7.0
Asia,Pakistan,2022-10-02,235824864,1572598.0,329.0,30616.0,4.0
Asia,Pakistan,2022-10-09,235824864,1572972.0,374.0,30623.0,7.0
Asia,Pakistan,2022-10-30,235824864,1573922.0,603.0,30625.0,2.0
Asia,Pakistan,2022-11-06,235824864,1574321.0,399.0,30627.0,2.0
Asia,Pakistan,2022-11-13,235824864,1574596.0,275.0,30629.0,2.0
Asia,Pakistan,2022-11-20,235824864,1574867.0,271.0,30630.0,1.0
Asia,Pakistan,2022-12-04,235824864,1575273.0,208.0,30632.0,2.0
Asia,Pakistan,2022-12-11,235824864,1575424.0,151.0,30635.0,3.0
Asia,Palestine,2021-01-03,5250076,157879.0,9339.0,1578.0,172.0
Asia,Palestine,2021-01-10,5250076,165250.0,7371.0,1735.0,157.0
Asia,Palestine,2021-01-17,5250076,170637.0,5387.0,1861.0,126.0
Asia,Palestine,2021-01-24,5250076,174413.0,3776.0,1951.0,90.0
Asia,Palestine,2021-01-31,5250076,178516.0,4103.0,2010.0,59.0
Asia,Palestine,2021-02-07,5250076,182541.0,4025.0,2058.0,48.0
Asia,Palestine,2021-02-14,5250076,188464.0,5923.0,2125.0,67.0
Asia,Palestine,2021-02-21,5250076,194875.0,6411.0,2172.0,47.0
Asia,Palestine,2021-02-28,5250076,206438.0,11563.0,2236.0,64.0
Asia,Palestine,2021-03-07,5250076,220639.0,14201.0,2352.0,116.0
Asia,Palestine,2021-03-14,5250076,234449.0,13810.0,2494.0,142.0
Asia,Palestine,2021-03-21,5250076,249421.0,14972.0,2656.0,162.0
Asia,Palestine,2021-03-28,5250076,263220.0,13799.0,2810.0,154.0
Asia,Palestine,2021-04-04,5250076,277130.0,13910.0,2941.0,131.0
Asia,Palestine,2021-04-11,5250076,294639.0,17509.0,3102.0,161.0
Asia,Palestine,2021-04-18,5250076,308579.0,13940.0,3251.0,149.0
Asia,Palestine,2021-04-25,5250076,319100.0,10521.0,3419.0,168.0
Asia,Palestine,2021-05-02,5250076,325967.0,6867.0,3525.0,106.0
Asia,Palestine,2021-05-09,5250076,330278.0,4311.0,3619.0,94.0
Asia,Palestine,2021-05-16,5250076,332499.0,2221.0,3691.0,72.0
Asia,Palestine,2021-05-23,5250076,334042.0,1543.0,3727.0,36.0
Asia,Palestine,2021-05-30,5250076,336679.0,2637.0,3760.0,33.0
Asia,Palestine,2021-06-06,5250076,338694.0,2015.0,3784.0,24.0
Asia,Palestine,2021-06-13,5250076,340253.0,1559.0,3798.0,14.0
Asia,Palestine,2021-06-20,5250076,341446.0,1193.0,3818.0,20.0
Asia,Palestine,2021-06-27,5250076,342481.0,1035.0,3826.0,8.0
Asia,Palestine,2021-07-04,5250076,343333.0,852.0,3838.0,12.0
Asia,Palestine,2021-07-11,5250076,343948.0,615.0,3848.0,10.0
Asia,Palestine,2021-07-18,5250076,344482.0,534.0,3855.0,7.0
Asia,Palestine,2021-07-25,5250076,344872.0,390.0,3865.0,10.0
Asia,Palestine,2021-08-01,5250076,345702.0,830.0,3872.0,7.0
Asia,Palestine,2021-08-08,5250076,346712.0,1010.0,3879.0,7.0
Asia,Palestine,2021-08-15,5250076,349108.0,2396.0,3891.0,12.0
Asia,Palestine,2021-08-22,5250076,354603.0,5495.0,3900.0,9.0
Asia,Palestine,2021-08-29,5250076,365009.0,10406.0,3937.0,37.0
Asia,Palestine,2021-09-05,5250076,381222.0,16213.0,3988.0,51.0
Asia,Palestine,2021-09-12,5250076,397573.0,16351.0,4067.0,79.0
Asia,Palestine,2021-09-19,5250076,412442.0,14869.0,4177.0,110.0
Asia,Palestine,2021-09-26,5250076,426033.0,13591.0,4286.0,109.0
Asia,Palestine,2021-10-03,5250076,436136.0,10103.0,4400.0,114.0
Asia,Palestine,2021-10-10,5250076,443216.0,7080.0,4495.0,95.0
Asia,Palestine,2021-10-17,5250076,447882.0,4666.0,4576.0,81.0
Asia,Palestine,2021-10-24,5250076,451189.0,3307.0,4626.0,50.0
Asia,Palestine,2021-10-31,5250076,453547.0,2358.0,4676.0,50.0
Asia,Palestine,2021-11-07,5250076,455491.0,1944.0,4716.0,40.0
Asia,Palestine,2021-11-14,5250076,456969.0,1478.0,4751.0,35.0
Asia,Palestine,2021-11-21,5250076,458273.0,1304.0,4774.0,23.0
Asia,Palestine,2021-11-28,5250076,459689.0,1416.0,4792.0,18.0
Asia,Palestine,2021-12-05,5250076,461944.0,2255.0,4814.0,22.0
Asia,Palestine,2021-12-12,5250076,464036.0,2092.0,4837.0,23.0
Asia,Palestine,2021-12-19,5250076,466327.0,2291.0,4867.0,30.0
Asia,Palestine,2021-12-26,5250076,468443.0,2116.0,4900.0,33.0
Asia,Palestine,2022-01-02,5250076,470658.0,2215.0,4942.0,42.0
Asia,Palestine,2022-01-09,5250076,472646.0,1988.0,4978.0,36.0
Asia,Palestine,2022-01-16,5250076,475686.0,3040.0,5016.0,38.0
Asia,Palestine,2022-01-23,5250076,482979.0,7293.0,5049.0,33.0
Asia,Palestine,2022-01-30,5250076,516059.0,33080.0,5087.0,38.0
Asia,Palestine,2022-02-06,5250076,574105.0,58046.0,5152.0,65.0
Asia,Palestine,2022-02-13,5250076,611258.0,37153.0,5265.0,113.0
Asia,Palestine,2022-02-20,5250076,631756.0,20498.0,5391.0,126.0
Asia,Palestine,2022-02-27,5250076,644637.0,12881.0,5496.0,105.0
Asia,Palestine,2022-03-06,5250076,651125.0,6488.0,5577.0,81.0
Asia,Palestine,2022-03-13,5250076,653662.0,2537.0,5612.0,35.0
Asia,Palestine,2022-03-20,5250076,654954.0,1292.0,5641.0,29.0
Asia,Palestine,2022-03-27,5250076,655750.0,796.0,5655.0,14.0
Asia,Palestine,2022-04-10,5250076,656617.0,330.0,5656.0,1.0
Asia,Palestine,2022-04-17,5250076,656876.0,259.0,5657.0,1.0
Asia,Palestine,2022-05-15,5250076,657456.0,263.0,5659.0,2.0
Asia,Palestine,2022-05-22,5250076,657573.0,117.0,5660.0,1.0
Asia,Palestine,2022-07-03,5250076,662490.0,2637.0,5662.0,2.0
Asia,Palestine,2022-07-10,5250076,665085.0,2595.0,5663.0,1.0
Asia,Palestine,2022-07-17,5250076,672039.0,6954.0,5664.0,1.0
Asia,Palestine,2022-07-24,5250076,682096.0,10057.0,5678.0,14.0
Asia,Palestine,2022-07-31,5250076,691065.0,8969.0,5688.0,10.0
Asia,Palestine,2022-08-07,5250076,697447.0,6382.0,5691.0,3.0
Asia,Palestine,2022-08-14,5250076,698384.0,937.0,5694.0,3.0
Asia,Palestine,2022-08-28,5250076,701739.0,3355.0,5700.0,6.0
Asia,Palestine,2022-09-04,5250076,702591.0,852.0,5706.0,6.0
Asia,Palestine,2022-09-11,5250076,702768.0,177.0,5707.0,1.0
Asia,Palestine,2022-09-25,5250076,702870.0,102.0,5708.0,1.0
Asia,Philippines,2021-01-03,115559008,477802.0,8799.0,9253.0,186.0
Asia,Philippines,2021-01-10,115559008,487684.0,9882.0,9398.0,145.0
Asia,Philippines,2021-01-17,115559008,500573.0,12889.0,9884.0,486.0
Asia,Philippines,2021-01-24,115559008,513619.0,13046.0,10190.0,306.0
Asia,Philippines,2021-01-31,115559008,525614.0,11995.0,10669.0,479.0
Asia,Philippines,2021-02-07,115559008,537305.0,11691.0,11110.0,441.0
Asia,Philippines,2021-02-14,115559008,549175.0,11870.0,11507.0,397.0
Asia,Philippines,2021-02-21,115559008,561168.0,11993.0,12068.0,561.0
Asia,Philippines,2021-02-28,115559008,576344.0,15176.0,12289.0,221.0
Asia,Philippines,2021-03-07,115559008,594407.0,18063.0,12465.0,176.0
Asia,Philippines,2021-03-14,115559008,621489.0,27082.0,12766.0,301.0
Asia,Philippines,2021-03-21,115559008,663773.0,42284.0,12930.0,164.0
Asia,Philippines,2021-03-28,115559008,721878.0,58105.0,13159.0,229.0
Asia,Philippines,2021-04-04,115559008,795043.0,73165.0,13423.0,264.0
Asia,Philippines,2021-04-11,115559008,864847.0,69804.0,14744.0,1321.0
Asia,Philippines,2021-04-18,115559008,936117.0,71270.0,15810.0,1066.0
Asia,Philippines,2021-04-25,115559008,997499.0,61382.0,16674.0,864.0
Asia,Philippines,2021-05-02,115559008,1054970.0,57471.0,17431.0,757.0
Asia,Philippines,2021-05-09,115559008,1101980.0,47010.0,18472.0,1041.0
Asia,Philippines,2021-05-16,115559008,1143946.0,41966.0,19191.0,719.0
Asia,Philippines,2021-05-23,115559008,1179791.0,35845.0,19951.0,760.0
Asia,Philippines,2021-05-30,115559008,1223617.0,43826.0,20860.0,909.0
Asia,Philippines,2021-06-06,115559008,1269465.0,45848.0,21898.0,1038.0
Asia,Philippines,2021-06-13,115559008,1315627.0,46162.0,22788.0,890.0
Asia,Philippines,2021-06-20,115559008,1358990.0,43363.0,23621.0,833.0
Asia,Philippines,2021-06-27,115559008,1397984.0,38994.0,24372.0,751.0
Asia,Philippines,2021-07-04,115559008,1436354.0,38370.0,25149.0,777.0
Asia,Philippines,2021-07-11,115559008,1472863.0,36509.0,25915.0,766.0
Asia,Philippines,2021-07-18,115559008,1507745.0,34882.0,26714.0,799.0
Asia,Philippines,2021-07-25,115559008,1548732.0,40987.0,27224.0,510.0
Asia,Philippines,2021-08-01,115559008,1597595.0,48863.0,28016.0,792.0
Asia,Philippines,2021-08-08,115559008,1658814.0,61219.0,29122.0,1106.0
Asia,Philippines,2021-08-15,115559008,1741236.0,82422.0,30340.0,1218.0
Asia,Philippines,2021-08-22,115559008,1839314.0,98078.0,31810.0,1470.0
Asia,Philippines,2021-08-29,115559008,1953836.0,114522.0,33109.0,1299.0
Asia,Philippines,2021-09-05,115559008,2080916.0,127080.0,34234.0,1125.0
Asia,Philippines,2021-09-12,115559008,2227326.0,146410.0,35145.0,911.0
Asia,Philippines,2021-09-19,115559008,2366679.0,139353.0,36788.0,1643.0
Asia,Philippines,2021-09-26,115559008,2490799.0,124120.0,37405.0,617.0
Asia,Philippines,2021-10-03,115559008,2593292.0,102493.0,38768.0,1363.0
Asia,Philippines,2021-10-10,115559008,2666522.0,73230.0,39624.0,856.0
Asia,Philippines,2021-10-17,115559008,2720343.0,53821.0,40675.0,1051.0
Asia,Philippines,2021-10-24,115559008,2756902.0,36559.0,41793.0,1118.0
Asia,Philippines,2021-10-31,115559008,2787258.0,30356.0,43172.0,1379.0
Asia,Philippines,2021-11-07,115559008,2803207.0,15949.0,44430.0,1258.0
Asia,Philippines,2021-11-14,115559008,2816964.0,13757.0,45581.0,1151.0
Asia,Philippines,2021-11-21,115559008,2825869.0,8905.0,47074.0,1493.0
Asia,Philippines,2021-11-28,115559008,2831710.0,5841.0,48361.0,1287.0
Asia,Philippines,2021-12-05,115559008,2834611.0,2901.0,49386.0,1025.0
Asia,Philippines,2021-12-12,115559008,2836443.0,1832.0,50280.0,894.0
Asia,Philippines,2021-12-19,115559008,2837462.0,1019.0,50739.0,459.0
Asia,Philippines,2021-12-26,115559008,2838474.0,1012.0,51200.0,461.0
Asia,Philippines,2022-01-02,115559008,2851735.0,13261.0,51570.0,370.0
Asia,Philippines,2022-01-09,115559008,2965361.0,113626.0,52150.0,580.0
Asia,Philippines,2022-01-16,115559008,3205304.0,239943.0,52907.0,757.0
Asia,Philippines,2022-01-23,115559008,3417118.0,211814.0,53472.0,565.0
Asia,Philippines,2022-01-30,115559008,3545656.0,128538.0,53891.0,419.0
Asia,Philippines,2022-02-06,115559008,3609552.0,63896.0,54526.0,635.0
Asia,Philippines,2022-02-13,115559008,3637212.0,27660.0,54930.0,404.0
Asia,Philippines,2022-02-20,115559008,3652099.0,14887.0,55684.0,754.0
Asia,Philippines,2022-02-27,115559008,3661046.0,8947.0,56401.0,717.0
Asia,Philippines,2022-03-06,115559008,3667535.0,6489.0,57023.0,622.0
Asia,Philippines,2022-03-13,115559008,3670739.0,3204.0,57610.0,587.0
Asia,Philippines,2022-03-20,115559008,3674279.0,3540.0,58263.0,653.0
Asia,Philippines,2022-03-27,115559008,3676989.0,2710.0,59015.0,752.0
Asia,Philippines,2022-04-03,115559008,3679175.0,2186.0,59343.0,328.0
Asia,Philippines,2022-04-10,115559008,3681046.0,1871.0,59769.0,426.0
Asia,Philippines,2022-04-17,115559008,3682693.0,1647.0,59969.0,200.0
Asia,Philippines,2022-04-24,115559008,3684130.0,1437.0,60182.0,213.0
Asia,Philippines,2022-05-01,115559008,3685507.0,1377.0,60397.0,215.0
Asia,Philippines,2022-05-08,115559008,3686624.0,1117.0,60439.0,42.0
Asia,Philippines,2022-05-15,115559008,3687729.0,1105.0,60452.0,13.0
Asia,Philippines,2022-05-22,115559008,3688941.0,1212.0,60455.0,3.0
Asia,Philippines,2022-06-05,115559008,3691545.0,1291.0,60456.0,1.0
Asia,Philippines,2022-06-12,115559008,3693222.0,1677.0,60461.0,5.0
Asia,Philippines,2022-06-19,115559008,3696264.0,3042.0,60467.0,6.0
Asia,Philippines,2022-06-26,115559008,3700876.0,4612.0,60518.0,51.0
Asia,Philippines,2022-07-03,115559008,3706948.0,6072.0,60602.0,84.0
Asia,Philippines,2022-07-10,115559008,3716449.0,9501.0,60640.0,38.0
Asia,Philippines,2022-07-17,115559008,3730541.0,14092.0,60641.0,1.0
Asia,Philippines,2022-07-24,115559008,3748877.0,18336.0,60694.0,53.0
Asia,Philippines,2022-07-31,115559008,3772468.0,23591.0,60737.0,43.0
Asia,Philippines,2022-08-07,115559008,3799334.0,26866.0,60837.0,100.0
Asia,Philippines,2022-08-14,115559008,3827759.0,28425.0,61078.0,241.0
Asia,Philippines,2022-08-21,115559008,3852161.0,24402.0,61386.0,308.0
Asia,Philippines,2022-08-28,115559008,3872323.0,20162.0,61720.0,334.0
Asia,Philippines,2022-09-04,115559008,3889097.0,16774.0,62062.0,342.0
Asia,Philippines,2022-09-11,115559008,3906257.0,17160.0,62342.0,280.0
Asia,Philippines,2022-09-18,115559008,3918326.0,12069.0,62587.0,245.0
Asia,Philippines,2022-09-25,115559008,3934683.0,16357.0,62819.0,232.0
Asia,Philippines,2022-10-02,115559008,3951769.0,17086.0,63042.0,223.0
Asia,Philippines,2022-10-09,115559008,3965764.0,13995.0,63297.0,255.0
Asia,Philippines,2022-10-16,115559008,3980644.0,14880.0,63547.0,250.0
Asia,Philippines,2022-10-23,115559008,3993049.0,12405.0,63814.0,267.0
Asia,Philippines,2022-10-30,115559008,4002089.0,9040.0,64074.0,260.0
Asia,Philippines,2022-11-06,115559008,4008456.0,6367.0,64291.0,217.0
Asia,Philippines,2022-11-13,115559008,4016395.0,7939.0,64405.0,114.0
Asia,Philippines,2022-11-20,115559008,4024854.0,8459.0,64485.0,80.0
Asia,Philippines,2022-11-27,115559008,4032356.0,7502.0,64608.0,123.0
Asia,Philippines,2022-12-04,115559008,4039850.0,7494.0,64750.0,142.0
Asia,Philippines,2022-12-11,115559008,4047908.0,8058.0,64902.0,152.0
Asia,Philippines,2022-12-18,115559008,4055266.0,7358.0,65094.0,192.0
Asia,Philippines,2022-12-25,115559008,4059369.0,4103.0,65262.0,168.0
Asia,Philippines,2023-01-01,115559008,4062659.0,3290.0,65415.0,153.0
Asia,Qatar,2021-01-03,2695131,144240.0,1337.0,245.0,1.0
Asia,Qatar,2021-01-10,2695131,145672.0,1432.0,246.0,1.0
Asia,Qatar,2021-01-24,2695131,148772.0,1683.0,248.0,2.0
Asia,Qatar,2021-02-07,2695131,153690.0,2706.0,250.0,2.0
Asia,Qatar,2021-02-14,2695131,156804.0,3114.0,255.0,5.0
Asia,Qatar,2021-02-21,2695131,159967.0,3163.0,256.0,1.0
Asia,Qatar,2021-02-28,2695131,163197.0,3230.0,257.0,1.0
Asia,Qatar,2021-03-07,2695131,166475.0,3278.0,262.0,5.0
Asia,Qatar,2021-03-14,2695131,169767.0,3292.0,265.0,3.0
Asia,Qatar,2021-03-21,2695131,173206.0,3439.0,272.0,7.0
Asia,Qatar,2021-03-28,2695131,177135.0,3929.0,284.0,12.0
Asia,Qatar,2021-04-04,2695131,182548.0,5413.0,301.0,17.0
Asia,Qatar,2021-04-11,2695131,189064.0,6516.0,331.0,30.0
Asia,Qatar,2021-04-18,2695131,195757.0,6693.0,376.0,45.0
Asia,Qatar,2021-04-25,2695131,201496.0,5739.0,418.0,42.0
Asia,Qatar,2021-05-02,2695131,206302.0,4806.0,465.0,47.0
Asia,Qatar,2021-05-09,2695131,210603.0,4301.0,502.0,37.0
Asia,Qatar,2021-05-16,2695131,212927.0,2324.0,526.0,24.0
Asia,Qatar,2021-05-23,2695131,215160.0,2233.0,543.0,17.0
Asia,Qatar,2021-05-30,2695131,217041.0,1881.0,554.0,11.0
Asia,Qatar,2021-06-06,2695131,218455.0,1414.0,566.0,12.0
Asia,Qatar,2021-06-13,2695131,219613.0,1158.0,576.0,10.0
Asia,Qatar,2021-06-20,2695131,220693.0,1080.0,582.0,6.0
Asia,Qatar,2021-06-27,2695131,221590.0,897.0,588.0,6.0
Asia,Qatar,2021-07-04,2695131,222453.0,863.0,592.0,4.0
Asia,Qatar,2021-07-11,2695131,223272.0,819.0,599.0,7.0
Asia,Qatar,2021-07-25,2695131,225072.0,912.0,600.0,1.0
Asia,Qatar,2021-08-01,2695131,226239.0,1167.0,601.0,1.0
Asia,Qatar,2021-08-29,2695131,232187.0,1555.0,602.0,1.0
Asia,Qatar,2021-09-12,2695131,234509.0,1072.0,604.0,2.0
Asia,Qatar,2021-10-03,2695131,236834.0,603.0,606.0,2.0
Asia,Qatar,2021-10-10,2695131,237359.0,525.0,607.0,1.0
Asia,Qatar,2021-10-17,2695131,237867.0,508.0,608.0,1.0
Asia,Qatar,2021-10-31,2695131,239143.0,707.0,610.0,2.0
Asia,Qatar,2021-11-07,2695131,239995.0,852.0,611.0,1.0
Asia,Qatar,2021-12-12,2695131,245188.0,1117.0,612.0,1.0
Asia,Qatar,2021-12-19,2695131,246367.0,1179.0,614.0,2.0
Asia,Qatar,2022-01-02,2695131,251361.0,3565.0,618.0,4.0
Asia,Qatar,2022-01-16,2695131,295221.0,28259.0,624.0,6.0
Asia,Qatar,2022-01-23,2695131,320364.0,25143.0,633.0,9.0
Asia,Qatar,2022-01-30,2695131,336081.0,15717.0,645.0,12.0
Asia,Qatar,2022-02-06,2695131,344711.0,8630.0,652.0,7.0
Asia,Qatar,2022-02-13,2695131,350188.0,5477.0,656.0,4.0
Asia,Qatar,2022-02-20,2695131,353780.0,3592.0,662.0,6.0
Asia,Qatar,2022-02-27,2695131,356363.0,2583.0,667.0,5.0
Asia,Qatar,2022-03-06,2695131,358083.0,1720.0,670.0,3.0
Asia,Qatar,2022-03-13,2695131,359028.0,945.0,675.0,5.0
Asia,Qatar,2022-03-20,2695131,359806.0,778.0,677.0,2.0
Asia,Qatar,2022-06-19,2695131,374923.0,3077.0,678.0,1.0
Asia,Qatar,2022-07-03,2695131,383807.0,4530.0,679.0,1.0
Asia,Qatar,2022-07-17,2695131,393834.0,5453.0,680.0,1.0
Asia,Qatar,2022-07-31,2695131,407749.0,6427.0,681.0,1.0
Asia,Qatar,2022-09-11,2695131,435192.0,4247.0,682.0,1.0
Asia,Qatar,2022-10-23,2695131,465130.0,3732.0,684.0,2.0
Asia,Qatar,2022-11-27,2695131,477420.0,1794.0,685.0,1.0
Asia,Saudi Arabia,2021-01-03,36408824,362979.0,913.0,6239.0,63.0
Asia,Saudi Arabia,2021-01-10,36408824,363692.0,713.0,6286.0,47.0
Asia,Saudi Arabia,2021-01-17,36408824,364753.0,1061.0,6318.0,32.0
Asia,Saudi Arabia,2021-01-24,36408824,366185.0,1432.0,6350.0,32.0
Asia,Saudi Arabia,2021-01-31,36408824,367813.0,1628.0,6372.0,22.0
Asia,Saudi Arabia,2021-02-07,36408824,369961.0,2148.0,6397.0,25.0
Asia,Saudi Arabia,2021-02-14,36408824,372410.0,2449.0,6428.0,31.0
Asia,Saudi Arabia,2021-02-21,36408824,374691.0,2281.0,6457.0,29.0
Asia,Saudi Arabia,2021-02-28,36408824,377061.0,2370.0,6488.0,31.0
Asia,Saudi Arabia,2021-03-07,36408824,379474.0,2413.0,6524.0,36.0
Asia,Saudi Arabia,2021-03-14,36408824,382059.0,2585.0,6563.0,39.0
Asia,Saudi Arabia,2021-03-21,36408824,384653.0,2594.0,6602.0,39.0
Asia,Saudi Arabia,2021-03-28,36408824,387794.0,3141.0,6643.0,41.0
Asia,Saudi Arabia,2021-04-04,36408824,392009.0,4215.0,6690.0,47.0
Asia,Saudi Arabia,2021-04-11,36408824,397636.0,5627.0,6747.0,57.0
Asia,Saudi Arabia,2021-04-18,36408824,404054.0,6418.0,6810.0,63.0
Asia,Saudi Arabia,2021-04-25,36408824,411263.0,7209.0,6887.0,77.0
Asia,Saudi Arabia,2021-05-02,36408824,418411.0,7148.0,6968.0,81.0
Asia,Saudi Arabia,2021-05-09,36408824,425442.0,7031.0,7059.0,91.0
Asia,Saudi Arabia,2021-05-16,36408824,432269.0,6827.0,7147.0,88.0
Asia,Saudi Arabia,2021-05-23,36408824,439847.0,7578.0,7237.0,90.0
Asia,Saudi Arabia,2021-05-30,36408824,448284.0,8437.0,7334.0,97.0
Asia,Saudi Arabia,2021-06-06,36408824,456562.0,8278.0,7440.0,106.0
Asia,Saudi Arabia,2021-06-13,36408824,464780.0,8218.0,7553.0,113.0
Asia,Saudi Arabia,2021-06-20,36408824,473112.0,8332.0,7663.0,110.0
Asia,Saudi Arabia,2021-06-27,36408824,482003.0,8891.0,7760.0,97.0
Asia,Saudi Arabia,2021-07-04,36408824,491612.0,9609.0,7863.0,103.0
Asia,Saudi Arabia,2021-07-11,36408824,500083.0,8471.0,7963.0,100.0
Asia,Saudi Arabia,2021-07-18,36408824,508521.0,8438.0,8063.0,100.0
Asia,Saudi Arabia,2021-07-25,36408824,516949.0,8428.0,8155.0,92.0
Asia,Saudi Arabia,2021-08-01,36408824,525730.0,8781.0,8237.0,82.0
Asia,Saudi Arabia,2021-08-08,36408824,532785.0,7055.0,8320.0,83.0
Asia,Saudi Arabia,2021-08-15,36408824,537983.0,5198.0,8399.0,79.0
Asia,Saudi Arabia,2021-08-22,36408824,541610.0,3627.0,8469.0,70.0
Asia,Saudi Arabia,2021-08-29,36408824,543796.0,2186.0,8526.0,57.0
Asia,Saudi Arabia,2021-09-05,36408824,545123.0,1327.0,8572.0,46.0
Asia,Saudi Arabia,2021-09-12,36408824,545912.0,789.0,8617.0,45.0
Asia,Saudi Arabia,2021-09-19,36408824,546479.0,567.0,8656.0,39.0
Asia,Saudi Arabia,2021-09-26,36408824,546882.0,403.0,8694.0,38.0
Asia,Saudi Arabia,2021-10-03,36408824,547221.0,339.0,8722.0,28.0
Asia,Saudi Arabia,2021-10-10,36408824,547532.0,311.0,8743.0,21.0
Asia,Saudi Arabia,2021-10-17,36408824,547890.0,358.0,8760.0,17.0
Asia,Saudi Arabia,2021-10-24,36408824,548205.0,315.0,8776.0,16.0
Asia,Saudi Arabia,2021-10-31,36408824,548571.0,366.0,8793.0,17.0
Asia,Saudi Arabia,2021-11-07,36408824,548890.0,319.0,8803.0,10.0
Asia,Saudi Arabia,2021-11-14,36408824,549192.0,302.0,8811.0,8.0
Asia,Saudi Arabia,2021-11-21,36408824,549443.0,251.0,8823.0,12.0
Asia,Saudi Arabia,2021-11-28,36408824,549671.0,228.0,8832.0,9.0
Asia,Saudi Arabia,2021-12-05,36408824,549877.0,206.0,8842.0,10.0
Asia,Saudi Arabia,2021-12-12,36408824,550189.0,312.0,8852.0,10.0
Asia,Saudi Arabia,2021-12-19,36408824,550738.0,549.0,8861.0,9.0
Asia,Saudi Arabia,2021-12-26,36408824,552406.0,1668.0,8870.0,9.0
Asia,Saudi Arabia,2022-01-02,36408824,557082.0,4676.0,8878.0,8.0
Asia,Saudi Arabia,2022-01-09,36408824,575293.0,18211.0,8892.0,14.0
Asia,Saudi Arabia,2022-01-16,36408824,609953.0,34660.0,8905.0,13.0
Asia,Saudi Arabia,2022-01-23,36408824,647819.0,37866.0,8918.0,13.0
Asia,Saudi Arabia,2022-01-30,36408824,679384.0,31565.0,8933.0,15.0
Asia,Saudi Arabia,2022-02-06,36408824,705637.0,26253.0,8953.0,20.0
Asia,Saudi Arabia,2022-02-13,36408824,726251.0,20614.0,8971.0,18.0
Asia,Saudi Arabia,2022-02-20,36408824,738331.0,12080.0,8982.0,11.0
Asia,Saudi Arabia,2022-02-27,36408824,743742.0,5411.0,8994.0,12.0
Asia,Saudi Arabia,2022-03-06,36408824,747119.0,3377.0,9006.0,12.0
Asia,Saudi Arabia,2022-03-13,36408824,748624.0,1505.0,9017.0,11.0
Asia,Saudi Arabia,2022-03-20,36408824,749471.0,847.0,9027.0,10.0
Asia,Saudi Arabia,2022-03-27,36408824,750258.0,787.0,9038.0,11.0
Asia,Saudi Arabia,2022-04-03,36408824,750998.0,740.0,9047.0,9.0
Asia,Saudi Arabia,2022-04-10,36408824,751717.0,719.0,9055.0,8.0
Asia,Saudi Arabia,2022-04-17,36408824,752479.0,762.0,9068.0,13.0
Asia,Saudi Arabia,2022-04-24,36408824,753332.0,853.0,9076.0,8.0
Asia,Saudi Arabia,2022-05-01,36408824,754011.0,679.0,9088.0,12.0
Asia,Saudi Arabia,2022-05-08,36408824,755076.0,1065.0,9099.0,11.0
Asia,Saudi Arabia,2022-05-15,36408824,758795.0,3719.0,9114.0,15.0
Asia,Saudi Arabia,2022-05-22,36408824,762575.0,3780.0,9128.0,14.0
Asia,Saudi Arabia,2022-05-29,36408824,766196.0,3621.0,9143.0,15.0
Asia,Saudi Arabia,2022-06-05,36408824,770650.0,4454.0,9155.0,12.0
Asia,Saudi Arabia,2022-06-12,36408824,776890.0,6240.0,9170.0,15.0
Asia,Saudi Arabia,2022-06-19,36408824,783907.0,7017.0,9185.0,15.0
Asia,Saudi Arabia,2022-06-26,36408824,790957.0,7050.0,9198.0,13.0
Asia,Saudi Arabia,2022-07-03,36408824,796268.0,5311.0,9211.0,13.0
Asia,Saudi Arabia,2022-07-10,36408824,799788.0,3520.0,9220.0,9.0
Asia,Saudi Arabia,2022-07-17,36408824,803158.0,3370.0,9230.0,10.0
Asia,Saudi Arabia,2022-07-24,36408824,807215.0,4057.0,9238.0,8.0
Asia,Saudi Arabia,2022-07-31,36408824,809449.0,2234.0,9250.0,12.0
Asia,Saudi Arabia,2022-08-07,36408824,810887.0,1438.0,9260.0,10.0
Asia,Saudi Arabia,2022-08-14,36408824,811853.0,966.0,9269.0,9.0
Asia,Saudi Arabia,2022-08-21,36408824,812535.0,682.0,9276.0,7.0
Asia,Saudi Arabia,2022-08-28,36408824,813107.0,572.0,9289.0,13.0
Asia,Saudi Arabia,2022-09-04,36408824,813682.0,575.0,9302.0,13.0
Asia,Saudi Arabia,2022-09-11,36408824,814356.0,674.0,9315.0,13.0
Asia,Saudi Arabia,2022-09-18,36408824,815097.0,741.0,9330.0,15.0
Asia,Saudi Arabia,2022-09-25,36408824,815743.0,646.0,9341.0,11.0
Asia,Saudi Arabia,2022-10-02,36408824,816575.0,832.0,9353.0,12.0
Asia,Saudi Arabia,2022-10-09,36408824,817490.0,915.0,9365.0,12.0
Asia,Saudi Arabia,2022-10-16,36408824,818698.0,1208.0,9380.0,15.0
Asia,Saudi Arabia,2022-10-23,36408824,820156.0,1458.0,9392.0,12.0
Asia,Saudi Arabia,2022-10-30,36408824,821937.0,1781.0,9405.0,13.0
Asia,Saudi Arabia,2022-11-06,36408824,823494.0,1557.0,9417.0,12.0
Asia,Saudi Arabia,2022-11-13,36408824,824438.0,944.0,9432.0,15.0
Asia,Saudi Arabia,2022-11-20,36408824,825029.0,591.0,9446.0,14.0
Asia,Saudi Arabia,2022-11-27,36408824,825402.0,373.0,9457.0,11.0
Asia,Saudi Arabia,2022-12-04,36408824,825718.0,316.0,9471.0,14.0
Asia,Saudi Arabia,2022-12-11,36408824,826153.0,435.0,9482.0,11.0
Asia,Saudi Arabia,2022-12-18,36408824,826478.0,325.0,9494.0,12.0
Asia,Saudi Arabia,2022-12-25,36408824,826766.0,288.0,9508.0,14.0
Asia,Saudi Arabia,2023-01-01,36408824,827004.0,238.0,9518.0,10.0
Asia,Singapore,2021-05-02,5637022,61218.0,212.0,31.0,2.0
Asia,Singapore,2021-05-23,5637022,61824.0,239.0,32.0,1.0
Asia,Singapore,2021-05-30,5637022,62028.0,204.0,33.0,1.0
Asia,Singapore,2021-06-13,5637022,62276.0,80.0,34.0,1.0
Asia,Singapore,2021-06-27,5637022,62544.0,130.0,36.0,2.0
Asia,Singapore,2021-07-25,5637022,64179.0,1106.0,37.0,1.0
Asia,Singapore,2021-08-08,5637022,65764.0,662.0,42.0,5.0
Asia,Singapore,2021-08-15,5637022,66172.0,408.0,44.0,2.0
Asia,Singapore,2021-08-22,5637022,66478.0,306.0,49.0,5.0
Asia,Singapore,2021-08-29,5637022,67304.0,826.0,55.0,6.0
Asia,Singapore,2021-09-12,5637022,71687.0,3027.0,58.0,3.0
Asia,Singapore,2021-09-19,5637022,77804.0,6117.0,60.0,2.0
Asia,Singapore,2021-09-26,5637022,87892.0,10088.0,78.0,18.0
Asia,Singapore,2021-10-03,5637022,103843.0,15951.0,113.0,35.0
Asia,Singapore,2021-10-10,5637022,126966.0,23123.0,162.0,49.0
Asia,Singapore,2021-10-17,5637022,148178.0,21212.0,233.0,71.0
Asia,Singapore,2021-10-24,5637022,172644.0,24466.0,315.0,82.0
Asia,Singapore,2021-10-31,5637022,198374.0,25730.0,407.0,92.0
Asia,Singapore,2021-11-07,5637022,218333.0,19959.0,497.0,90.0
Asia,Singapore,2021-11-14,5637022,237203.0,18870.0,586.0,89.0
Asia,Singapore,2021-11-21,5637022,252188.0,14985.0,662.0,76.0
Asia,Singapore,2021-11-28,5637022,262383.0,10195.0,701.0,39.0
Asia,Singapore,2021-12-05,5637022,269211.0,6828.0,759.0,58.0
Asia,Singapore,2021-12-12,5637022,273362.0,4151.0,794.0,35.0
Asia,Singapore,2021-12-19,5637022,275910.0,2548.0,813.0,19.0
Asia,Singapore,2021-12-26,5637022,277764.0,1854.0,822.0,9.0
Asia,Singapore,2022-01-02,5637022,280290.0,2526.0,829.0,7.0
Asia,Singapore,2022-01-09,5637022,285647.0,5357.0,838.0,9.0
Asia,Singapore,2022-01-16,5637022,291849.0,6202.0,843.0,5.0
Asia,Singapore,2022-01-23,5637022,313772.0,21923.0,848.0,5.0
Asia,Singapore,2022-01-30,5637022,348330.0,34558.0,854.0,6.0
Asia,Singapore,2022-02-06,5637022,397823.0,49493.0,871.0,17.0
Asia,Singapore,2022-02-13,5637022,469495.0,71672.0,897.0,26.0
Asia,Singapore,2022-02-20,5637022,582638.0,113143.0,945.0,48.0
Asia,Singapore,2022-02-27,5637022,710880.0,128242.0,1007.0,62.0
Asia,Singapore,2022-03-06,5637022,832821.0,121941.0,1078.0,71.0
Asia,Singapore,2022-03-13,5637022,939436.0,106615.0,1145.0,67.0
Asia,Singapore,2022-03-20,5637022,1015017.0,75581.0,1198.0,53.0
Asia,Singapore,2022-03-27,5637022,1072005.0,56988.0,1246.0,48.0
Asia,Singapore,2022-04-03,5637022,1109744.0,37739.0,1274.0,28.0
Asia,Singapore,2022-04-10,5637022,1138001.0,28257.0,1294.0,20.0
Asia,Singapore,2022-04-17,5637022,1160300.0,22299.0,1316.0,22.0
Asia,Singapore,2022-04-24,5637022,1182168.0,21868.0,1325.0,9.0
Asia,Singapore,2022-05-01,5637022,1199640.0,17472.0,1336.0,11.0
Asia,Singapore,2022-05-08,5637022,1217922.0,18282.0,1352.0,16.0
Asia,Singapore,2022-05-15,5637022,1242884.0,24962.0,1363.0,11.0
Asia,Singapore,2022-05-22,5637022,1269635.0,26751.0,1375.0,12.0
Asia,Singapore,2022-05-29,5637022,1295920.0,26285.0,1383.0,8.0
Asia,Singapore,2022-06-05,5637022,1318984.0,23064.0,1393.0,10.0
Asia,Singapore,2022-06-12,5637022,1341256.0,22272.0,1398.0,5.0
Asia,Singapore,2022-06-19,5637022,1367761.0,26505.0,1405.0,7.0
Asia,Singapore,2022-06-26,5637022,1408358.0,40597.0,1409.0,4.0
Asia,Singapore,2022-07-03,5637022,1461107.0,52749.0,1419.0,10.0
Asia,Singapore,2022-07-10,5637022,1523881.0,62774.0,1432.0,13.0
Asia,Singapore,2022-07-17,5637022,1589099.0,65218.0,1457.0,25.0
Asia,Singapore,2022-07-24,5637022,1652981.0,63882.0,1483.0,26.0
Asia,Singapore,2022-07-31,5637022,1708950.0,55969.0,1520.0,37.0
Asia,Singapore,2022-08-07,5637022,1754777.0,45827.0,1541.0,21.0
Asia,Singapore,2022-08-14,5637022,1791046.0,36269.0,1560.0,19.0
Asia,Singapore,2022-08-21,5637022,1814917.0,23871.0,1584.0,24.0
Asia,Singapore,2022-08-28,5637022,1831332.0,16415.0,1591.0,7.0
Asia,Singapore,2022-09-04,5637022,1844785.0,13453.0,1596.0,5.0
Asia,Singapore,2022-09-11,5637022,1858497.0,13712.0,1602.0,6.0
Asia,Singapore,2022-09-18,5637022,1873290.0,14793.0,1608.0,6.0
Asia,Singapore,2022-09-25,5637022,1889544.0,16254.0,1615.0,7.0
Asia,Singapore,2022-10-02,5637022,1911417.0,21873.0,1622.0,7.0
Asia,Singapore,2022-10-09,5637022,1948402.0,36985.0,1632.0,10.0
Asia,Singapore,2022-10-16,5637022,2005884.0,57482.0,1646.0,14.0
Asia,Singapore,2022-10-23,5637022,2059709.0,53825.0,1663.0,17.0
Asia,Singapore,2022-10-30,5637022,2096520.0,36811.0,1680.0,17.0
Asia,Singapore,2022-11-06,5637022,2121435.0,24915.0,1690.0,10.0
Asia,Singapore,2022-11-13,5637022,2137876.0,16441.0,1697.0,7.0
Asia,Singapore,2022-11-20,5637022,2148794.0,10918.0,1700.0,3.0
Asia,Singapore,2022-11-27,5637022,2162594.0,13800.0,1702.0,2.0
Asia,Singapore,2022-12-04,5637022,2171389.0,8795.0,1706.0,4.0
Asia,Singapore,2022-12-11,5637022,2179755.0,8366.0,1707.0,1.0
Asia,Singapore,2022-12-18,5637022,2188409.0,8654.0,1710.0,3.0
Asia,Singapore,2022-12-25,5637022,2193890.0,5481.0,1711.0,1.0
Asia,South Korea,2021-01-03,51815808,64251.0,7396.0,962.0,154.0
Asia,South Korea,2021-01-10,51815808,69095.0,4844.0,1125.0,163.0
Asia,South Korea,2021-01-17,51815808,72718.0,3623.0,1249.0,124.0
Asia,South Korea,2021-01-24,51815808,75514.0,2796.0,1349.0,100.0
Asia,South Korea,2021-01-31,51815808,78503.0,2989.0,1420.0,71.0
Asia,South Korea,2021-02-07,51815808,81176.0,2673.0,1471.0,51.0
Asia,South Korea,2021-02-14,51815808,83861.0,2685.0,1522.0,51.0
Asia,South Korea,2021-02-21,51815808,87317.0,3456.0,1557.0,35.0
Asia,South Korea,2021-02-28,51815808,90020.0,2703.0,1603.0,46.0
Asia,South Korea,2021-03-07,51815808,92810.0,2790.0,1634.0,31.0
Asia,South Korea,2021-03-14,51815808,96007.0,3197.0,1669.0,35.0
Asia,South Korea,2021-03-21,51815808,99065.0,3058.0,1696.0,27.0
Asia,South Korea,2021-03-28,51815808,102127.0,3062.0,1722.0,26.0
Asia,South Korea,2021-04-04,51815808,105747.0,3620.0,1744.0,22.0
Asia,South Korea,2021-04-11,51815808,110141.0,4394.0,1768.0,24.0
Asia,South Korea,2021-04-18,51815808,114646.0,4505.0,1797.0,29.0
Asia,South Korea,2021-04-25,51815808,119378.0,4732.0,1813.0,16.0
Asia,South Korea,2021-05-02,51815808,123720.0,4342.0,1834.0,21.0
Asia,South Korea,2021-05-09,51815808,127764.0,4044.0,1875.0,41.0
Asia,South Korea,2021-05-16,51815808,132280.0,4516.0,1903.0,28.0
Asia,South Korea,2021-05-23,51815808,136458.0,4178.0,1934.0,31.0
Asia,South Korea,2021-05-30,51815808,140338.0,3880.0,1959.0,25.0
Asia,South Korea,2021-06-06,51815808,144635.0,4297.0,1974.0,15.0
Asia,South Korea,2021-06-13,51815808,148273.0,3638.0,1988.0,14.0
Asia,South Korea,2021-06-20,51815808,151506.0,3233.0,2004.0,16.0
Asia,South Korea,2021-06-27,51815808,155572.0,4066.0,2015.0,11.0
Asia,South Korea,2021-07-04,51815808,160795.0,5223.0,2028.0,13.0
Asia,South Korea,2021-07-11,51815808,169146.0,8351.0,2044.0,16.0
Asia,South Korea,2021-07-18,51815808,179203.0,10057.0,2058.0,14.0
Asia,South Korea,2021-07-25,51815808,190166.0,10963.0,2077.0,19.0
Asia,South Korea,2021-08-01,51815808,201001.0,10835.0,2099.0,22.0
Asia,South Korea,2021-08-08,51815808,212447.0,11446.0,2125.0,26.0
Asia,South Korea,2021-08-15,51815808,225481.0,13034.0,2167.0,42.0
Asia,South Korea,2021-08-22,51815808,237778.0,12297.0,2222.0,55.0
Asia,South Korea,2021-08-29,51815808,250049.0,12271.0,2284.0,62.0
Asia,South Korea,2021-09-05,51815808,261777.0,11728.0,2327.0,43.0
Asia,South Korea,2021-09-12,51815808,274413.0,12636.0,2360.0,33.0
Asia,South Korea,2021-09-19,51815808,287534.0,13121.0,2409.0,49.0
Asia,South Korea,2021-09-26,51815808,303553.0,16019.0,2456.0,47.0
Asia,South Korea,2021-10-03,51815808,319777.0,16224.0,2513.0,57.0
Asia,South Korea,2021-10-10,51815808,332816.0,13039.0,2583.0,70.0
Asia,South Korea,2021-10-17,51815808,343445.0,10629.0,2668.0,85.0
Asia,South Korea,2021-10-24,51815808,353089.0,9644.0,2773.0,105.0
Asia,South Korea,2021-10-31,51815808,366385.0,13296.0,2859.0,86.0
Asia,South Korea,2021-11-07,51815808,381692.0,15307.0,2980.0,121.0
Asia,South Korea,2021-11-14,51815808,397466.0,15774.0,3115.0,135.0
Asia,South Korea,2021-11-21,51815808,418251.0,20785.0,3298.0,183.0
Asia,South Korea,2021-11-28,51815808,444198.0,25947.0,3580.0,282.0
Asia,South Korea,2021-12-05,51815808,477356.0,33158.0,3893.0,313.0
Asia,South Korea,2021-12-12,51815808,523085.0,45729.0,4293.0,400.0
Asia,South Korea,2021-12-19,51815808,570413.0,47328.0,4776.0,483.0
Asia,South Korea,2021-12-26,51815808,611667.0,41254.0,5300.0,524.0
Asia,South Korea,2022-01-02,51815808,642202.0,30535.0,5730.0,430.0
Asia,South Korea,2022-01-09,51815808,667386.0,25184.0,6071.0,341.0
Asia,South Korea,2022-01-16,51815808,696030.0,28644.0,6333.0,262.0
Asia,South Korea,2022-01-23,51815808,741408.0,45378.0,6565.0,232.0
Asia,South Korea,2022-01-30,51815808,845699.0,104291.0,6755.0,190.0
Asia,South Korea,2022-02-06,51815808,1044962.0,199263.0,6886.0,131.0
Asia,South Korea,2022-02-13,51815808,1405244.0,360282.0,7102.0,216.0
Asia,South Korea,2022-02-20,51815808,2058161.0,652917.0,7450.0,348.0
Asia,South Korea,2022-02-27,51815808,3134456.0,1076295.0,8058.0,608.0
Asia,South Korea,2022-03-06,51815808,4666970.0,1532514.0,9096.0,1038.0
Asia,South Korea,2022-03-13,51815808,6866212.0,2199242.0,10595.0,1499.0
Asia,South Korea,2022-03-20,51815808,9582560.0,2716348.0,12757.0,2162.0
Asia,South Korea,2022-03-27,51815808,12002874.0,2420314.0,15186.0,2429.0
Asia,South Korea,2022-04-03,51815808,14001266.0,1998392.0,17453.0,2267.0
Asia,South Korea,2022-04-10,51815808,15424519.0,1423253.0,19679.0,2226.0
Asia,South Korea,2022-04-17,51815808,16353436.0,928917.0,21224.0,1545.0
Asia,South Korea,2022-04-24,51815808,16929504.0,576068.0,22243.0,1019.0
Asia,South Korea,2022-05-01,51815808,17295622.0,366118.0,22958.0,715.0
Asia,South Korea,2022-05-08,51815808,17564962.0,269340.0,23400.0,442.0
Asia,South Korea,2022-05-15,51815808,17795312.0,230350.0,23744.0,344.0
Asia,South Korea,2022-05-22,51815808,17967641.0,172329.0,23987.0,243.0
Asia,South Korea,2022-05-29,51815808,18086447.0,118806.0,24167.0,180.0
Asia,South Korea,2022-06-05,51815808,18168708.0,82261.0,24299.0,132.0
Asia,South Korea,2022-06-12,51815808,18229278.0,60570.0,24390.0,91.0
Asia,South Korea,2022-06-19,51815808,18280063.0,50785.0,24463.0,73.0
Asia,South Korea,2022-06-26,51815808,18329423.0,49360.0,24530.0,67.0
Asia,South Korea,2022-07-03,51815808,18389611.0,60188.0,24576.0,46.0
Asia,South Korea,2022-07-10,51815808,18511845.0,122234.0,24668.0,92.0
Asia,South Korea,2022-07-17,51815808,18761757.0,249912.0,24765.0,97.0
Asia,South Korea,2022-07-24,51815808,19211613.0,449856.0,24907.0,142.0
Asia,South Korea,2022-07-31,51815808,19776050.0,564437.0,25084.0,177.0
Asia,South Korea,2022-08-07,51815808,20489128.0,713078.0,25332.0,248.0
Asia,South Korea,2022-08-14,51815808,21355958.0,866830.0,25710.0,378.0
Asia,South Korea,2022-08-21,51815808,22240331.0,884373.0,26161.0,451.0
Asia,South Korea,2022-08-28,51815808,22983818.0,743487.0,26689.0,528.0
Asia,South Korea,2022-09-04,51815808,23569192.0,585374.0,27193.0,504.0
Asia,South Korea,2022-09-11,51815808,24004887.0,435695.0,27533.0,340.0
Asia,South Korea,2022-09-18,51815808,24394466.0,389579.0,27891.0,358.0
Asia,South Korea,2022-09-25,51815808,24620128.0,225662.0,28272.0,381.0
Asia,South Korea,2022-10-02,51815808,24819611.0,199483.0,28528.0,256.0
Asia,South Korea,2022-10-09,51815808,24970789.0,151178.0,28708.0,180.0
Asia,South Korea,2022-10-16,51815808,25120465.0,149676.0,28856.0,148.0
Asia,South Korea,2022-10-23,51815808,25297334.0,176869.0,29017.0,161.0
Asia,South Korea,2022-10-30,51815808,25538799.0,241465.0,29230.0,213.0
Asia,South Korea,2022-11-06,51815808,25838239.0,299440.0,29420.0,190.0
Asia,South Korea,2022-11-13,51815808,26194229.0,355990.0,29748.0,328.0
Asia,South Korea,2022-11-20,51815808,26558765.0,364536.0,30111.0,363.0
Asia,South Korea,2022-11-27,51815808,26937516.0,378751.0,30454.0,343.0
Asia,South Korea,2022-12-04,51815808,27308090.0,370574.0,30793.0,339.0
Asia,South Korea,2022-12-11,51815808,27728482.0,420392.0,31128.0,335.0
Asia,South Korea,2022-12-18,51815808,28188293.0,459811.0,31490.0,362.0
Asia,South Korea,2022-12-25,51815808,28659055.0,470762.0,31882.0,392.0
Asia,South Korea,2023-01-01,51815808,29116800.0,457745.0,32301.0,419.0
Asia,Sri Lanka,2021-01-03,21832150,44774.0,3720.0,213.0,22.0
Asia,Sri Lanka,2021-01-10,21832150,48380.0,3606.0,232.0,19.0
Asia,Sri Lanka,2021-01-17,21832150,53062.0,4682.0,264.0,32.0
Asia,Sri Lanka,2021-01-24,21832150,58430.0,5368.0,283.0,19.0
Asia,Sri Lanka,2021-01-31,21832150,64157.0,5727.0,316.0,33.0
Asia,Sri Lanka,2021-02-07,21832150,69348.0,5191.0,356.0,40.0
Asia,Sri Lanka,2021-02-14,21832150,75654.0,6306.0,397.0,41.0
Asia,Sri Lanka,2021-02-21,21832150,79999.0,4345.0,445.0,48.0
Asia,Sri Lanka,2021-02-28,21832150,83242.0,3243.0,471.0,26.0
Asia,Sri Lanka,2021-03-07,21832150,85695.0,2453.0,502.0,31.0
Asia,Sri Lanka,2021-03-14,21832150,87907.0,2212.0,527.0,25.0
Asia,Sri Lanka,2021-03-21,21832150,90200.0,2293.0,546.0,19.0
Asia,Sri Lanka,2021-03-28,21832150,92088.0,1888.0,561.0,15.0
Asia,Sri Lanka,2021-04-04,21832150,93436.0,1348.0,581.0,20.0
Asia,Sri Lanka,2021-04-11,21832150,95131.0,1695.0,598.0,17.0
Asia,Sri Lanka,2021-04-18,21832150,96796.0,1665.0,618.0,20.0
Asia,Sri Lanka,2021-04-25,21832150,101379.0,4583.0,642.0,24.0
Asia,Sri Lanka,2021-05-02,21832150,111753.0,10374.0,687.0,45.0
Asia,Sri Lanka,2021-05-09,21832150,125906.0,14153.0,801.0,114.0
Asia,Sri Lanka,2021-05-16,21832150,142746.0,16840.0,962.0,161.0
Asia,Sri Lanka,2021-05-23,21832150,164201.0,21455.0,1210.0,248.0
Asia,Sri Lanka,2021-05-30,21832150,183452.0,19251.0,1441.0,231.0
Asia,Sri Lanka,2021-06-06,21832150,205333.0,21881.0,1742.0,301.0
Asia,Sri Lanka,2021-06-13,21832150,223638.0,18305.0,2136.0,394.0
Asia,Sri Lanka,2021-06-20,21832150,239689.0,16051.0,2524.0,388.0
Asia,Sri Lanka,2021-06-27,21832150,253618.0,13929.0,2887.0,363.0
Asia,Sri Lanka,2021-07-04,21832150,265630.0,12012.0,3179.0,292.0
Asia,Sri Lanka,2021-07-11,21832150,274538.0,8908.0,3445.0,266.0
Asia,Sri Lanka,2021-07-18,21832150,284932.0,10394.0,3722.0,277.0
Asia,Sri Lanka,2021-07-25,21832150,296516.0,11584.0,4042.0,320.0
Asia,Sri Lanka,2021-08-01,21832150,311349.0,14833.0,4451.0,409.0
Asia,Sri Lanka,2021-08-08,21832150,329994.0,18645.0,5054.0,603.0
Asia,Sri Lanka,2021-08-15,21832150,354968.0,24974.0,6039.0,985.0
Asia,Sri Lanka,2021-08-22,21832150,390000.0,35032.0,7366.0,1327.0
Asia,Sri Lanka,2021-08-29,21832150,431519.0,41519.0,8775.0,1409.0
Asia,Sri Lanka,2021-09-05,21832150,462767.0,31248.0,10140.0,1365.0
Asia,Sri Lanka,2021-09-12,21832150,485922.0,23155.0,11296.0,1156.0
Asia,Sri Lanka,2021-09-19,21832150,504491.0,18569.0,12125.0,829.0
Asia,Sri Lanka,2021-09-26,21832150,513609.0,9118.0,12680.0,555.0
Asia,Sri Lanka,2021-10-03,21832150,520432.0,6823.0,13059.0,379.0
Asia,Sri Lanka,2021-10-10,21832150,526383.0,5951.0,13331.0,272.0
Asia,Sri Lanka,2021-10-17,21832150,531648.0,5265.0,13484.0,153.0
Asia,Sri Lanka,2021-10-24,21832150,536084.0,4436.0,13611.0,127.0
Asia,Sri Lanka,2021-10-31,21832150,541073.0,4989.0,13743.0,132.0
Asia,Sri Lanka,2021-11-07,21832150,545256.0,4183.0,13856.0,113.0
Asia,Sri Lanka,2021-11-14,21832150,551542.0,6286.0,13995.0,139.0
Asia,Sri Lanka,2021-11-21,21832150,556626.0,5084.0,14127.0,132.0
Asia,Sri Lanka,2021-11-28,21832150,562520.0,5894.0,14305.0,178.0
Asia,Sri Lanka,2021-12-05,21832150,567682.0,5162.0,14461.0,156.0
Asia,Sri Lanka,2021-12-12,21832150,572902.0,5220.0,14614.0,153.0
Asia,Sri Lanka,2021-12-19,21832150,579685.0,6783.0,14752.0,138.0
Asia,Sri Lanka,2021-12-26,21832150,583649.0,3964.0,14884.0,132.0
Asia,Sri Lanka,2022-01-02,21832150,587935.0,4286.0,15019.0,135.0
Asia,Sri Lanka,2022-01-09,21832150,591667.0,3732.0,15119.0,100.0
Asia,Sri Lanka,2022-01-16,21832150,596347.0,4680.0,15211.0,92.0
Asia,Sri Lanka,2022-01-23,21832150,601886.0,5539.0,15299.0,88.0
Asia,Sri Lanka,2022-01-30,21832150,610103.0,8217.0,15420.0,121.0
Asia,Sri Lanka,2022-02-06,21832150,618520.0,8417.0,15595.0,175.0
Asia,Sri Lanka,2022-02-13,21832150,628116.0,9596.0,15808.0,213.0
Asia,Sri Lanka,2022-02-20,21832150,636837.0,8721.0,15994.0,186.0
Asia,Sri Lanka,2022-02-27,21832150,645037.0,8200.0,16190.0,196.0
Asia,Sri Lanka,2022-03-06,21832150,650140.0,5103.0,16331.0,141.0
Asia,Sri Lanka,2022-03-13,21832150,656041.0,5901.0,16397.0,66.0
Asia,Sri Lanka,2022-03-20,21832150,658197.0,2156.0,16431.0,34.0
Asia,Sri Lanka,2022-03-27,21832150,660890.0,2693.0,16459.0,28.0
Asia,Sri Lanka,2022-04-03,21832150,661991.0,1101.0,16481.0,22.0
Asia,Sri Lanka,2022-04-10,21832150,662592.0,601.0,16489.0,8.0
Asia,Sri Lanka,2022-04-17,21832150,662864.0,272.0,16496.0,7.0
Asia,Sri Lanka,2022-04-24,21832150,663160.0,296.0,16502.0,6.0
Asia,Sri Lanka,2022-05-01,21832150,663373.0,213.0,16505.0,3.0
Asia,Sri Lanka,2022-05-08,21832150,663561.0,188.0,16509.0,4.0
Asia,Sri Lanka,2022-05-15,21832150,663671.0,110.0,16511.0,2.0
Asia,Sri Lanka,2022-05-22,21832150,663758.0,87.0,16512.0,1.0
Asia,Sri Lanka,2022-05-29,21832150,663816.0,58.0,16516.0,4.0
Asia,Sri Lanka,2022-06-05,21832150,663869.0,53.0,16518.0,2.0
Asia,Sri Lanka,2022-06-12,21832150,663950.0,81.0,16519.0,1.0
Asia,Sri Lanka,2022-06-19,21832150,663997.0,47.0,16520.0,1.0
Asia,Sri Lanka,2022-06-26,21832150,664080.0,83.0,16521.0,1.0
Asia,Sri Lanka,2022-07-03,21832150,664167.0,87.0,16522.0,1.0
Asia,Sri Lanka,2022-07-10,21832150,664273.0,106.0,16525.0,3.0
Asia,Sri Lanka,2022-07-17,21832150,664448.0,175.0,16528.0,3.0
Asia,Sri Lanka,2022-07-24,21832150,664900.0,452.0,16537.0,9.0
Asia,Sri Lanka,2022-07-31,21832150,665739.0,839.0,16556.0,19.0
Asia,Sri Lanka,2022-08-07,21832150,666764.0,1025.0,16586.0,30.0
Asia,Sri Lanka,2022-08-14,21832150,668012.0,1248.0,16621.0,35.0
Asia,Sri Lanka,2022-08-21,21832150,669033.0,1021.0,16654.0,33.0
Asia,Sri Lanka,2022-08-28,21832150,669749.0,716.0,16687.0,33.0
Asia,Sri Lanka,2022-09-04,21832150,670176.0,427.0,16711.0,24.0
Asia,Sri Lanka,2022-09-11,21832150,670444.0,268.0,16728.0,17.0
Asia,Sri Lanka,2022-09-18,21832150,670596.0,152.0,16747.0,19.0
Asia,Sri Lanka,2022-09-25,21832150,670709.0,113.0,16755.0,8.0
Asia,Sri Lanka,2022-10-02,21832150,670790.0,81.0,16762.0,7.0
Asia,Sri Lanka,2022-10-09,21832150,670869.0,79.0,16768.0,6.0
Asia,Sri Lanka,2022-10-16,21832150,670921.0,52.0,16769.0,1.0
Asia,Sri Lanka,2022-10-23,21832150,670994.0,73.0,16774.0,5.0
Asia,Sri Lanka,2022-10-30,21832150,671070.0,76.0,16779.0,5.0
Asia,Sri Lanka,2022-11-06,21832150,671328.0,258.0,16782.0,3.0
Asia,Sri Lanka,2022-11-13,21832150,671417.0,89.0,16784.0,2.0
Asia,Sri Lanka,2022-11-20,21832150,671505.0,88.0,16791.0,7.0
Asia,Sri Lanka,2022-11-27,21832150,671638.0,133.0,16800.0,9.0
Asia,Sri Lanka,2022-12-04,21832150,671703.0,65.0,16805.0,5.0
Asia,Sri Lanka,2022-12-11,21832150,671752.0,49.0,16808.0,3.0
Asia,Sri Lanka,2022-12-18,21832150,671808.0,56.0,16814.0,6.0
Asia,Sri Lanka,2022-12-25,21832150,671851.0,43.0,16815.0,1.0
Asia,Sri Lanka,2023-01-01,21832150,671891.0,40.0,16817.0,2.0
Asia,Syria,2021-01-03,22125242,11616.0,684.0,723.0,54.0
Asia,Syria,2021-01-10,22125242,12274.0,658.0,768.0,45.0
Asia,Syria,2021-01-17,22125242,12942.0,668.0,824.0,56.0
Asia,Syria,2021-01-24,22125242,13557.0,615.0,879.0,55.0
Asia,Syria,2021-01-31,22125242,13998.0,441.0,916.0,37.0
Asia,Syria,2021-02-07,22125242,14408.0,410.0,947.0,31.0
Asia,Syria,2021-02-14,22125242,14820.0,412.0,975.0,28.0
Asia,Syria,2021-02-21,22125242,15143.0,323.0,996.0,21.0
Asia,Syria,2021-02-28,22125242,15533.0,390.0,1023.0,27.0
Asia,Syria,2021-03-07,22125242,15925.0,392.0,1058.0,35.0
Asia,Syria,2021-03-14,22125242,16401.0,476.0,1094.0,36.0
Asia,Syria,2021-03-21,22125242,17240.0,839.0,1153.0,59.0
Asia,Syria,2021-03-28,22125242,18356.0,1116.0,1227.0,74.0
Asia,Syria,2021-04-04,22125242,19284.0,928.0,1299.0,72.0
Asia,Syria,2021-04-11,22125242,20118.0,834.0,1368.0,69.0
Asia,Syria,2021-04-18,22125242,21004.0,886.0,1437.0,69.0
Asia,Syria,2021-04-25,22125242,21999.0,995.0,1526.0,89.0
Asia,Syria,2021-05-02,22125242,22818.0,819.0,1598.0,72.0
Asia,Syria,2021-05-09,22125242,23319.0,501.0,1648.0,50.0
Asia,Syria,2021-05-16,22125242,23693.0,374.0,1693.0,45.0
Asia,Syria,2021-05-23,22125242,24052.0,359.0,1729.0,36.0
Asia,Syria,2021-05-30,22125242,24440.0,388.0,1763.0,34.0
Asia,Syria,2021-06-06,22125242,24639.0,199.0,1790.0,27.0
Asia,Syria,2021-06-13,22125242,24789.0,150.0,1808.0,18.0
Asia,Syria,2021-06-20,22125242,25076.0,287.0,1841.0,33.0
Asia,Syria,2021-06-27,22125242,25365.0,289.0,1864.0,23.0
Asia,Syria,2021-07-04,22125242,25619.0,254.0,1885.0,21.0
Asia,Syria,2021-07-11,22125242,25776.0,157.0,1897.0,12.0
Asia,Syria,2021-07-18,22125242,25827.0,51.0,1904.0,7.0
Asia,Syria,2021-07-25,22125242,25865.0,38.0,1905.0,1.0
Asia,Syria,2021-08-01,22125242,25963.0,98.0,1914.0,9.0
Asia,Syria,2021-08-08,22125242,26081.0,118.0,1919.0,5.0
Asia,Syria,2021-08-15,22125242,26292.0,211.0,1935.0,16.0
Asia,Syria,2021-08-22,22125242,26799.0,507.0,1964.0,29.0
Asia,Syria,2021-08-29,22125242,27539.0,740.0,1998.0,34.0
Asia,Syria,2021-09-05,22125242,28423.0,884.0,2033.0,35.0
Asia,Syria,2021-09-12,22125242,29358.0,935.0,2071.0,38.0
Asia,Syria,2021-09-19,22125242,30519.0,1161.0,2120.0,49.0
Asia,Syria,2021-09-26,22125242,32580.0,2061.0,2198.0,78.0
Asia,Syria,2021-10-03,22125242,34696.0,2116.0,2265.0,67.0
Asia,Syria,2021-10-10,22125242,36713.0,2017.0,2332.0,67.0
Asia,Syria,2021-10-17,22125242,38705.0,1992.0,2391.0,59.0
Asia,Syria,2021-10-24,22125242,41222.0,2517.0,2492.0,101.0
Asia,Syria,2021-10-31,22125242,43146.0,1924.0,2560.0,68.0
Asia,Syria,2021-11-07,22125242,44899.0,1753.0,2613.0,53.0
Asia,Syria,2021-11-14,22125242,46130.0,1231.0,2661.0,48.0
Asia,Syria,2021-11-21,22125242,47091.0,961.0,2699.0,38.0
Asia,Syria,2021-11-28,22125242,47863.0,772.0,2733.0,34.0
Asia,Syria,2021-12-05,22125242,48538.0,675.0,2772.0,39.0
Asia,Syria,2021-12-12,22125242,49189.0,651.0,2809.0,37.0
Asia,Syria,2021-12-19,22125242,49693.0,504.0,2841.0,32.0
Asia,Syria,2021-12-26,22125242,50051.0,358.0,2871.0,30.0
Asia,Syria,2022-01-02,22125242,50310.0,259.0,2901.0,30.0
Asia,Syria,2022-01-09,22125242,50482.0,172.0,2924.0,23.0
Asia,Syria,2022-01-16,22125242,50674.0,192.0,2944.0,20.0
Asia,Syria,2022-01-23,22125242,50943.0,269.0,2965.0,21.0
Asia,Syria,2022-01-30,22125242,51284.0,341.0,2984.0,19.0
Asia,Syria,2022-02-06,22125242,51826.0,542.0,3004.0,20.0
Asia,Syria,2022-02-13,22125242,52626.0,800.0,3026.0,22.0
Asia,Syria,2022-02-20,22125242,53527.0,901.0,3047.0,21.0
Asia,Syria,2022-02-27,22125242,54380.0,853.0,3068.0,21.0
Asia,Syria,2022-03-06,22125242,54963.0,583.0,3092.0,24.0
Asia,Syria,2022-03-13,22125242,55329.0,366.0,3114.0,22.0
Asia,Syria,2022-03-20,22125242,55538.0,209.0,3125.0,11.0
Asia,Syria,2022-03-27,22125242,55650.0,112.0,3133.0,8.0
Asia,Syria,2022-04-03,22125242,55706.0,56.0,3144.0,11.0
Asia,Syria,2022-04-10,22125242,55739.0,33.0,3146.0,2.0
Asia,Syria,2022-04-17,22125242,55769.0,30.0,3149.0,3.0
Asia,Syria,2022-04-24,22125242,55795.0,26.0,3150.0,1.0
Asia,Syria,2022-08-07,22125242,56474.0,195.0,3153.0,3.0
Asia,Syria,2022-08-14,22125242,56700.0,226.0,3157.0,4.0
Asia,Syria,2022-08-21,22125242,56838.0,138.0,3160.0,3.0
Asia,Syria,2022-08-28,22125242,56973.0,135.0,3163.0,3.0
Asia,Tajikistan,2021-01-03,9952789,13674.0,119.0,91.0,1.0
Asia,Tajikistan,2021-07-04,9952789,14003.0,158.0,94.0,3.0
Asia,Tajikistan,2021-07-11,9952789,14240.0,237.0,104.0,10.0
Asia,Tajikistan,2021-07-18,9952789,14527.0,287.0,112.0,8.0
Asia,Tajikistan,2021-07-25,9952789,15004.0,477.0,118.0,6.0
Asia,Tajikistan,2021-08-01,9952789,15550.0,546.0,122.0,4.0
Asia,Tajikistan,2021-08-08,9952789,16051.0,501.0,123.0,1.0
Asia,Tajikistan,2021-08-15,9952789,16521.0,470.0,125.0,2.0
Asia,Thailand,2021-01-03,71697024,7694.0,1553.0,64.0,4.0
Asia,Thailand,2021-01-10,71697024,10298.0,2604.0,67.0,3.0
Asia,Thailand,2021-01-17,71697024,12054.0,1756.0,70.0,3.0
Asia,Thailand,2021-01-24,71697024,13500.0,1446.0,73.0,3.0
Asia,Thailand,2021-01-31,71697024,18782.0,5282.0,77.0,4.0
Asia,Thailand,2021-02-07,71697024,23371.0,4589.0,79.0,2.0
Asia,Thailand,2021-02-14,71697024,24571.0,1200.0,80.0,1.0
Asia,Thailand,2021-02-21,71697024,25415.0,844.0,83.0,3.0
Asia,Thailand,2021-03-07,71697024,26370.0,419.0,85.0,2.0
Asia,Thailand,2021-03-14,71697024,26927.0,557.0,86.0,1.0
Asia,Thailand,2021-03-21,71697024,27803.0,876.0,90.0,4.0
Asia,Thailand,2021-03-28,71697024,28734.0,931.0,94.0,4.0
Asia,Thailand,2021-04-04,71697024,29127.0,393.0,95.0,1.0
Asia,Thailand,2021-04-11,71697024,32625.0,3498.0,97.0,2.0
Asia,Thailand,2021-04-18,71697024,42352.0,9727.0,101.0,4.0
Asia,Thailand,2021-04-25,71697024,55460.0,13108.0,140.0,39.0
Asia,Thailand,2021-05-02,71697024,68984.0,13524.0,245.0,105.0
Asia,Thailand,2021-05-09,71697024,83375.0,14391.0,399.0,154.0
Asia,Thailand,2021-05-16,71697024,101447.0,18072.0,589.0,190.0
Asia,Thailand,2021-05-23,71697024,129500.0,28053.0,776.0,187.0
Asia,Thailand,2021-05-30,71697024,154307.0,24807.0,1012.0,236.0
Asia,Thailand,2021-06-06,71697024,177467.0,23160.0,1236.0,224.0
Asia,Thailand,2021-06-13,71697024,195909.0,18442.0,1449.0,213.0
Asia,Thailand,2021-06-20,71697024,218131.0,22222.0,1629.0,180.0
Asia,Thailand,2021-06-27,71697024,244447.0,26316.0,1912.0,283.0
Asia,Thailand,2021-07-04,71697024,283067.0,38620.0,2226.0,314.0
Asia,Thailand,2021-07-11,71697024,336371.0,53304.0,2711.0,485.0
Asia,Thailand,2021-07-18,71697024,403386.0,67015.0,3341.0,630.0
Asia,Thailand,2021-07-25,71697024,497302.0,93916.0,4059.0,718.0
Asia,Thailand,2021-08-01,71697024,615314.0,118012.0,4990.0,931.0
Asia,Thailand,2021-08-08,71697024,756505.0,141191.0,6204.0,1214.0
Asia,Thailand,2021-08-15,71697024,907157.0,150652.0,7552.0,1348.0
Asia,Thailand,2021-08-22,71697024,1049295.0,142138.0,9320.0,1768.0
Asia,Thailand,2021-08-29,71697024,1174091.0,124796.0,11143.0,1823.0
Asia,Thailand,2021-09-05,71697024,1280534.0,106443.0,12855.0,1712.0
Asia,Thailand,2021-09-12,71697024,1382173.0,101639.0,14353.0,1498.0
Asia,Thailand,2021-09-19,71697024,1476477.0,94304.0,15363.0,1010.0
Asia,Thailand,2021-09-26,71697024,1561638.0,85161.0,16268.0,905.0
Asia,Thailand,2021-10-03,71697024,1637432.0,75794.0,17014.0,746.0
Asia,Thailand,2021-10-10,71697024,1710884.0,73452.0,17691.0,677.0
Asia,Thailand,2021-10-17,71697024,1783701.0,72817.0,18273.0,582.0
Asia,Thailand,2021-10-24,71697024,1850482.0,66781.0,18755.0,482.0
Asia,Thailand,2021-10-31,71697024,1912024.0,61542.0,19205.0,450.0
Asia,Thailand,2021-11-07,71697024,1967999.0,55975.0,19664.0,459.0
Asia,Thailand,2021-11-14,71697024,2018410.0,50411.0,20036.0,372.0
Asia,Thailand,2021-11-21,71697024,2064581.0,46171.0,20387.0,351.0
Asia,Thailand,2021-11-28,71697024,2106813.0,42232.0,20707.0,320.0
Asia,Thailand,2021-12-05,71697024,2141241.0,34428.0,20944.0,237.0
Asia,Thailand,2021-12-12,71697024,2168646.0,27405.0,21171.0,227.0
Asia,Thailand,2021-12-19,71697024,2191528.0,22882.0,21377.0,206.0
Asia,Thailand,2021-12-26,71697024,2209970.0,18442.0,21580.0,203.0
Asia,Thailand,2022-01-02,71697024,2229558.0,19588.0,21720.0,140.0
Asia,Thailand,2022-01-09,71697024,2269550.0,39992.0,21825.0,105.0
Asia,Thailand,2022-01-16,71697024,2324485.0,54935.0,21925.0,100.0
Asia,Thailand,2022-01-23,71697024,2377500.0,53015.0,22032.0,107.0
Asia,Thailand,2022-01-30,71697024,2432534.0,55034.0,22157.0,125.0
Asia,Thailand,2022-02-06,71697024,2497001.0,64467.0,22291.0,134.0
Asia,Thailand,2022-02-13,71697024,2593327.0,96326.0,22436.0,145.0
Asia,Thailand,2022-02-20,71697024,2712315.0,118988.0,22624.0,188.0
Asia,Thailand,2022-02-27,71697024,2869616.0,157301.0,22891.0,267.0
Asia,Thailand,2022-03-06,71697024,3026695.0,157079.0,23235.0,344.0
Asia,Thailand,2022-03-13,71697024,3184825.0,158130.0,23709.0,474.0
Asia,Thailand,2022-03-20,71697024,3353969.0,169144.0,24246.0,537.0
Asia,Thailand,2022-03-27,71697024,3529085.0,175116.0,24799.0,553.0
Asia,Thailand,2022-04-03,71697024,3711595.0,182510.0,25415.0,616.0
Asia,Thailand,2022-04-10,71697024,3883485.0,171890.0,26083.0,668.0
Asia,Thailand,2022-04-17,71697024,4029959.0,146474.0,26882.0,799.0
Asia,Thailand,2022-04-24,71697024,4165874.0,135915.0,27775.0,893.0
Asia,Thailand,2022-05-01,71697024,4262484.0,96610.0,28617.0,842.0
Asia,Thailand,2022-05-08,71697024,4324850.0,62366.0,29088.0,471.0
Asia,Thailand,2022-05-15,71697024,4373846.0,48996.0,29472.0,384.0
Asia,Thailand,2022-05-22,71697024,4411494.0,37648.0,29746.0,274.0
Asia,Thailand,2022-05-29,71697024,4442648.0,31154.0,29972.0,226.0
Asia,Thailand,2022-06-05,71697024,4466793.0,24145.0,30171.0,199.0
Asia,Thailand,2022-06-12,71697024,4484863.0,18070.0,30334.0,163.0
Asia,Thailand,2022-06-19,71697024,4499044.0,14181.0,30467.0,133.0
Asia,Thailand,2022-06-26,71697024,4514155.0,15111.0,30592.0,125.0
Asia,Thailand,2022-07-03,71697024,4530105.0,15950.0,30700.0,108.0
Asia,Thailand,2022-07-10,71697024,4545043.0,14938.0,30835.0,135.0
Asia,Thailand,2022-07-17,71697024,4559029.0,13986.0,30996.0,161.0
Asia,Thailand,2022-07-24,71697024,4575853.0,16824.0,31157.0,161.0
Asia,Thailand,2022-07-31,71697024,4590176.0,14323.0,31385.0,228.0
Asia,Thailand,2022-08-07,71697024,4605609.0,15433.0,31596.0,211.0
Asia,Thailand,2022-08-14,71697024,4620425.0,14816.0,31828.0,232.0
Asia,Thailand,2022-08-21,71697024,4634180.0,13755.0,32027.0,199.0
Asia,Thailand,2022-08-28,71697024,4646412.0,12232.0,32222.0,195.0
Asia,Thailand,2022-09-04,71697024,4658542.0,12130.0,32400.0,178.0
Asia,Thailand,2022-09-11,71697024,4667546.0,9004.0,32539.0,139.0
Asia,Thailand,2022-09-18,71697024,4673387.0,5841.0,32629.0,90.0
Asia,Thailand,2022-09-25,71697024,4678352.0,4965.0,32718.0,89.0
Asia,Thailand,2022-10-02,71697024,4682132.0,3780.0,32771.0,53.0
Asia,Thailand,2022-10-09,71697024,4685047.0,2915.0,32829.0,58.0
Asia,Thailand,2022-10-16,71697024,4687281.0,2234.0,32882.0,53.0
Asia,Thailand,2022-10-23,71697024,4689897.0,2616.0,32922.0,40.0
Asia,Thailand,2022-10-30,71697024,4692448.0,2551.0,32955.0,33.0
Asia,Thailand,2022-11-06,71697024,4695207.0,2759.0,32995.0,40.0
Asia,Thailand,2022-11-13,71697024,4698373.0,3166.0,33037.0,42.0
Asia,Thailand,2022-11-20,71697024,4702330.0,3957.0,33106.0,69.0
Asia,Thailand,2022-11-27,71697024,4707244.0,4914.0,33180.0,74.0
Asia,Thailand,2022-12-04,71697024,4711528.0,4284.0,33285.0,105.0
Asia,Thailand,2022-12-11,71697024,4715489.0,3961.0,33392.0,107.0
Asia,Thailand,2022-12-18,71697024,4718908.0,3419.0,33505.0,113.0
Asia,Thailand,2022-12-25,71697024,4721808.0,2900.0,33594.0,89.0
Asia,Thailand,2023-01-01,71697024,4723919.0,2111.0,33669.0,75.0
Asia,Turkey,2021-01-03,85341248,2232035.0,98662.0,21295.0,1671.0
Asia,Turkey,2021-01-10,85341248,2317118.0,85083.0,22631.0,1336.0
Asia,Turkey,2021-01-17,85341248,2380665.0,63547.0,23832.0,1201.0
Asia,Turkey,2021-01-24,85341248,2424328.0,43663.0,24933.0,1101.0
Asia,Turkey,2021-01-31,85341248,2470901.0,46573.0,25865.0,932.0
Asia,Turkey,2021-02-07,85341248,2524786.0,53885.0,26685.0,820.0
Asia,Turkey,2021-02-14,85341248,2579896.0,55110.0,27377.0,692.0
Asia,Turkey,2021-02-21,85341248,2631876.0,51980.0,27983.0,606.0
Asia,Turkey,2021-02-28,85341248,2693164.0,61288.0,28503.0,520.0
Asia,Turkey,2021-03-07,85341248,2769230.0,76066.0,28965.0,462.0
Asia,Turkey,2021-03-14,85341248,2866012.0,96782.0,29421.0,456.0
Asia,Turkey,2021-03-21,85341248,2992694.0,126682.0,29959.0,538.0
Asia,Turkey,2021-03-28,85341248,3179115.0,186421.0,30923.0,964.0
Asia,Turkey,2021-04-04,85341248,3445052.0,265937.0,32078.0,1155.0
Asia,Turkey,2021-04-11,85341248,3798333.0,353281.0,33702.0,1624.0
Asia,Turkey,2021-04-18,85341248,4212645.0,414312.0,35608.0,1906.0
Asia,Turkey,2021-04-25,85341248,4591416.0,378771.0,38011.0,2403.0
Asia,Turkey,2021-05-02,85341248,4849408.0,257992.0,40504.0,2493.0
Asia,Turkey,2021-05-09,85341248,5016141.0,166733.0,42746.0,2242.0
Asia,Turkey,2021-05-16,85341248,5106862.0,90721.0,44537.0,1791.0
Asia,Turkey,2021-05-23,85341248,5178648.0,71786.0,46071.0,1534.0
Asia,Turkey,2021-05-30,85341248,5235978.0,57330.0,47271.0,1200.0
Asia,Turkey,2021-06-06,85341248,5282594.0,46616.0,48068.0,797.0
Asia,Turkey,2021-06-13,85341248,5325435.0,42841.0,48668.0,600.0
Asia,Turkey,2021-06-20,85341248,5365208.0,39773.0,49122.0,454.0
Asia,Turkey,2021-06-27,85341248,5404144.0,38936.0,49524.0,402.0
Asia,Turkey,2021-07-04,85341248,5440368.0,36224.0,49874.0,350.0
Asia,Turkey,2021-07-11,85341248,5476294.0,35926.0,50200.0,326.0
Asia,Turkey,2021-07-18,85341248,5522039.0,45745.0,50495.0,295.0
Asia,Turkey,2021-07-25,85341248,5587378.0,65339.0,50866.0,371.0
Asia,Turkey,2021-08-01,85341248,5727045.0,139667.0,51298.0,432.0
Asia,Turkey,2021-08-08,85341248,5895841.0,168796.0,52021.0,723.0
Asia,Turkey,2021-08-15,85341248,6059806.0,163965.0,52905.0,884.0
Asia,Turkey,2021-08-22,85341248,6197041.0,137235.0,54140.0,1235.0
Asia,Turkey,2021-08-29,85341248,6329549.0,132508.0,55758.0,1618.0
Asia,Turkey,2021-09-05,85341248,6478663.0,149114.0,57604.0,1846.0
Asia,Turkey,2021-09-12,85341248,6636899.0,158236.0,59429.0,1825.0
Asia,Turkey,2021-09-19,85341248,6820861.0,183962.0,61185.0,1756.0
Asia,Turkey,2021-09-26,85341248,7013639.0,192778.0,62790.0,1605.0
Asia,Turkey,2021-10-03,85341248,7210916.0,197277.0,64309.0,1519.0
Asia,Turkey,2021-10-10,85341248,7416182.0,205266.0,65823.0,1514.0
Asia,Turkey,2021-10-17,85341248,7630163.0,213981.0,67270.0,1447.0
Asia,Turkey,2021-10-24,85341248,7827013.0,196850.0,68745.0,1475.0
Asia,Turkey,2021-10-31,85341248,8009040.0,182027.0,70252.0,1507.0
Asia,Turkey,2021-11-07,85341248,8206375.0,197335.0,71769.0,1517.0
Asia,Turkey,2021-11-14,85341248,8386542.0,180167.0,73172.0,1403.0
Asia,Turkey,2021-11-21,85341248,8550377.0,163835.0,74691.0,1519.0
Asia,Turkey,2021-11-28,85341248,8724400.0,174023.0,76086.0,1395.0
Asia,Turkey,2021-12-05,85341248,8881760.0,157360.0,77462.0,1376.0
Asia,Turkey,2021-12-12,85341248,9022223.0,140463.0,78823.0,1361.0
Asia,Turkey,2021-12-19,85341248,9154209.0,131986.0,80098.0,1275.0
Asia,Turkey,2021-12-26,85341248,9286986.0,132777.0,81303.0,1205.0
Asia,Turkey,2022-01-02,85341248,9519281.0,232295.0,82406.0,1103.0
Asia,Turkey,2022-01-09,85341248,9916725.0,397444.0,83433.0,1027.0
Asia,Turkey,2022-01-16,85341248,10403064.0,486339.0,84490.0,1057.0
Asia,Turkey,2022-01-23,85341248,10881626.0,478562.0,85645.0,1155.0
Asia,Turkey,2022-01-30,85341248,11438476.0,556850.0,86916.0,1271.0
Asia,Turkey,2022-02-06,85341248,12150567.0,712091.0,88357.0,1441.0
Asia,Turkey,2022-02-13,85341248,12834534.0,683967.0,90039.0,1682.0
Asia,Turkey,2022-02-20,85341248,13434130.0,599596.0,91955.0,1916.0
Asia,Turkey,2022-02-27,85341248,13975389.0,541259.0,93850.0,1895.0
Asia,Turkey,2022-03-06,85341248,14326217.0,350828.0,95250.0,1400.0
Asia,Turkey,2022-03-13,85341248,14534239.0,208022.0,96262.0,1012.0
Asia,Turkey,2022-03-20,85341248,14680836.0,146597.0,97122.0,860.0
Asia,Turkey,2022-03-27,85341248,14789483.0,108647.0,97711.0,589.0
Asia,Turkey,2022-04-03,85341248,14885710.0,96227.0,98123.0,412.0
Asia,Turkey,2022-04-10,85341248,14953365.0,67655.0,98387.0,264.0
Asia,Turkey,2022-04-17,85341248,14991669.0,38304.0,98577.0,190.0
Asia,Turkey,2022-04-24,85341248,15016270.0,24601.0,98705.0,128.0
Asia,Turkey,2022-05-01,85341248,15032093.0,15823.0,98802.0,97.0
Asia,Turkey,2022-05-08,85341248,15041899.0,9806.0,98868.0,66.0
Asia,Turkey,2022-05-15,85341248,15053168.0,11269.0,98921.0,53.0
Asia,Turkey,2022-05-22,85341248,15062393.0,9225.0,98956.0,35.0
Asia,Turkey,2022-05-29,85341248,15070000.0,7607.0,98986.0,30.0
Asia,Turkey,2022-06-05,85341248,15077320.0,7320.0,99004.0,18.0
Asia,Turkey,2022-06-12,85341248,15084875.0,7555.0,99027.0,23.0
Asia,Turkey,2022-06-19,85341248,15095831.0,10956.0,99042.0,15.0
Asia,Turkey,2022-06-26,85341248,15122466.0,26635.0,99055.0,13.0
Asia,Turkey,2022-07-03,85341248,15179580.0,57114.0,99084.0,29.0
Asia,Turkey,2022-07-10,85341248,15296676.0,117096.0,99115.0,31.0
Asia,Turkey,2022-07-17,85341248,15523208.0,226532.0,99209.0,94.0
Asia,Turkey,2022-07-24,85341248,15888630.0,365422.0,99367.0,158.0
Asia,Turkey,2022-07-31,85341248,16294951.0,406321.0,99703.0,336.0
Asia,Turkey,2022-08-07,85341248,16527205.0,232254.0,100084.0,381.0
Asia,Turkey,2022-08-14,85341248,16670982.0,143777.0,100425.0,341.0
Asia,Turkey,2022-08-21,85341248,16751004.0,80022.0,100653.0,228.0
Asia,Turkey,2022-08-28,85341248,16796886.0,45882.0,100859.0,206.0
Asia,Turkey,2022-09-04,85341248,16829077.0,32191.0,101000.0,141.0
Asia,Turkey,2022-09-11,85341248,16851518.0,22441.0,101089.0,89.0
Asia,Turkey,2022-09-18,85341248,16872929.0,21411.0,101162.0,73.0
Asia,Turkey,2022-09-25,85341248,16895658.0,22729.0,101200.0,38.0
Asia,Turkey,2022-10-02,85341248,16918774.0,23116.0,101224.0,24.0
Asia,Turkey,2022-10-09,85341248,16937497.0,18723.0,101262.0,38.0
Asia,Turkey,2022-10-16,85341248,16952979.0,15482.0,101287.0,25.0
Asia,Turkey,2022-10-23,85341248,16964787.0,11808.0,101329.0,42.0
Asia,Turkey,2022-10-30,85341248,16975870.0,11083.0,101354.0,25.0
Asia,Turkey,2022-11-06,85341248,16989378.0,13508.0,101384.0,30.0
Asia,Turkey,2022-11-13,85341248,17004677.0,15299.0,101419.0,35.0
Asia,United Arab Emirates,2021-01-03,9441138,211641.0,10749.0,674.0,19.0
Asia,United Arab Emirates,2021-01-10,9441138,227702.0,16061.0,702.0,28.0
Asia,United Arab Emirates,2021-01-17,9441138,249808.0,22106.0,740.0,38.0
Asia,United Arab Emirates,2021-01-24,9441138,274376.0,24568.0,783.0,43.0
Asia,United Arab Emirates,2021-01-31,9441138,300661.0,26285.0,838.0,55.0
Asia,United Arab Emirates,2021-02-07,9441138,323402.0,22741.0,914.0,76.0
Asia,United Arab Emirates,2021-02-14,9441138,345605.0,22203.0,1001.0,87.0
Asia,United Arab Emirates,2021-02-21,9441138,368175.0,22570.0,1108.0,107.0
Asia,United Arab Emirates,2021-02-28,9441138,388594.0,20419.0,1213.0,105.0
Asia,United Arab Emirates,2021-03-07,9441138,408236.0,19642.0,1310.0,97.0
Asia,United Arab Emirates,2021-03-14,9441138,424405.0,16169.0,1388.0,78.0
Asia,United Arab Emirates,2021-03-21,9441138,438638.0,14233.0,1433.0,45.0
Asia,United Arab Emirates,2021-03-28,9441138,453069.0,14431.0,1477.0,44.0
Asia,United Arab Emirates,2021-04-04,9441138,468023.0,14954.0,1504.0,27.0
Asia,United Arab Emirates,2021-04-11,9441138,481937.0,13914.0,1529.0,25.0
Asia,United Arab Emirates,2021-04-18,9441138,495224.0,13287.0,1550.0,21.0
Asia,United Arab Emirates,2021-04-25,9441138,508925.0,13701.0,1569.0,19.0
Asia,United Arab Emirates,2021-05-02,9441138,521948.0,13023.0,1591.0,22.0
Asia,United Arab Emirates,2021-05-09,9441138,534445.0,12497.0,1610.0,19.0
Asia,United Arab Emirates,2021-05-16,9441138,544931.0,10486.0,1629.0,19.0
Asia,United Arab Emirates,2021-05-23,9441138,554516.0,9585.0,1648.0,19.0
Asia,United Arab Emirates,2021-05-30,9441138,567263.0,12747.0,1673.0,25.0
Asia,United Arab Emirates,2021-06-06,9441138,581197.0,13934.0,1696.0,23.0
Asia,United Arab Emirates,2021-06-13,9441138,596017.0,14820.0,1724.0,28.0
Asia,United Arab Emirates,2021-06-20,9441138,610179.0,14162.0,1752.0,28.0
Asia,United Arab Emirates,2021-06-27,9441138,624814.0,14635.0,1792.0,40.0
Asia,United Arab Emirates,2021-07-04,9441138,637877.0,13063.0,1831.0,39.0
Asia,United Arab Emirates,2021-07-11,9441138,648702.0,10825.0,1860.0,29.0
Asia,United Arab Emirates,2021-07-18,9441138,659449.0,10747.0,1896.0,36.0
Asia,United Arab Emirates,2021-07-25,9441138,670108.0,10659.0,1916.0,20.0
Asia,United Arab Emirates,2021-08-01,9441138,680858.0,10750.0,1949.0,33.0
Asia,United Arab Emirates,2021-08-08,9441138,691554.0,10696.0,1971.0,22.0
Asia,United Arab Emirates,2021-08-15,9441138,700587.0,9033.0,1997.0,26.0
Asia,United Arab Emirates,2021-08-22,9441138,708302.0,7715.0,2018.0,21.0
Asia,United Arab Emirates,2021-08-29,9441138,715394.0,7092.0,2036.0,18.0
Asia,United Arab Emirates,2021-09-05,9441138,722292.0,6898.0,2045.0,9.0
Asia,United Arab Emirates,2021-09-12,9441138,728266.0,5974.0,2062.0,17.0
Asia,United Arab Emirates,2021-09-19,9441138,732299.0,4033.0,2073.0,11.0
Asia,United Arab Emirates,2021-09-26,9441138,734596.0,2297.0,2089.0,16.0
Asia,United Arab Emirates,2021-10-03,9441138,736524.0,1928.0,2100.0,11.0
Asia,United Arab Emirates,2021-10-10,9441138,737655.0,1131.0,2113.0,13.0
Asia,United Arab Emirates,2021-10-17,9441138,738487.0,832.0,2118.0,5.0
Asia,United Arab Emirates,2021-10-24,9441138,739190.0,703.0,2129.0,11.0
Asia,United Arab Emirates,2021-10-31,9441138,739824.0,634.0,2136.0,7.0
Asia,United Arab Emirates,2021-11-07,9441138,740362.0,538.0,2139.0,3.0
Asia,United Arab Emirates,2021-11-14,9441138,740879.0,517.0,2143.0,4.0
Asia,United Arab Emirates,2021-11-21,9441138,741370.0,491.0,2144.0,1.0
Asia,United Arab Emirates,2021-11-28,9441138,741858.0,488.0,2145.0,1.0
Asia,United Arab Emirates,2021-12-05,9441138,742278.0,420.0,2148.0,3.0
Asia,United Arab Emirates,2021-12-12,9441138,742719.0,441.0,2151.0,3.0
Asia,United Arab Emirates,2021-12-26,9441138,749530.0,5678.0,2156.0,5.0
Asia,United Arab Emirates,2022-01-02,9441138,764493.0,14963.0,2165.0,9.0
Asia,United Arab Emirates,2022-01-09,9441138,782866.0,18373.0,2173.0,8.0
Asia,United Arab Emirates,2022-01-16,9441138,802181.0,19315.0,2188.0,15.0
Asia,United Arab Emirates,2022-01-23,9441138,822886.0,20705.0,2211.0,23.0
Asia,United Arab Emirates,2022-01-30,9441138,840739.0,17853.0,2239.0,28.0
Asia,United Arab Emirates,2022-02-06,9441138,855642.0,14903.0,2262.0,23.0
Asia,United Arab Emirates,2022-02-13,9441138,866971.0,11329.0,2284.0,22.0
Asia,United Arab Emirates,2022-02-20,9441138,873882.0,6911.0,2293.0,9.0
Asia,United Arab Emirates,2022-02-27,9441138,878746.0,4864.0,2301.0,8.0
Asia,United Arab Emirates,2022-03-13,9441138,885089.0,2612.0,2302.0,1.0
Asia,United Arab Emirates,2022-06-05,9441138,910338.0,3269.0,2305.0,3.0
Asia,United Arab Emirates,2022-06-19,9441138,925898.0,9651.0,2308.0,3.0
Asia,United Arab Emirates,2022-06-26,9441138,937037.0,11139.0,2311.0,3.0
Asia,United Arab Emirates,2022-07-03,9441138,949384.0,12347.0,2317.0,6.0
Asia,United Arab Emirates,2022-07-10,9441138,961345.0,11961.0,2323.0,6.0
Asia,United Arab Emirates,2022-07-17,9441138,972007.0,10662.0,2325.0,2.0
Asia,United Arab Emirates,2022-07-24,9441138,981657.0,9650.0,2331.0,6.0
Asia,United Arab Emirates,2022-07-31,9441138,990400.0,8743.0,2334.0,3.0
Asia,United Arab Emirates,2022-08-07,9441138,997769.0,7369.0,2337.0,3.0
Asia,United Arab Emirates,2022-08-14,9441138,1003929.0,6160.0,2339.0,2.0
Asia,United Arab Emirates,2022-08-21,9441138,1009116.0,5187.0,2341.0,2.0
Asia,United Arab Emirates,2022-09-11,9441138,1019625.0,2880.0,2342.0,1.0
Asia,United Arab Emirates,2022-09-25,9441138,1025213.0,2675.0,2343.0,1.0
Asia,United Arab Emirates,2022-10-02,9441138,1027933.0,2720.0,2345.0,2.0
Asia,United Arab Emirates,2022-10-09,9441138,1030478.0,2545.0,2346.0,1.0
Asia,United Arab Emirates,2022-10-23,9441138,1034784.0,2262.0,2348.0,2.0
Asia,Uzbekistan,2021-03-28,34627648,1132.0,1123.0,4.0,4.0
Asia,Uzbekistan,2021-04-04,34627648,2403.0,1271.0,9.0,5.0
Asia,Uzbekistan,2021-04-11,34627648,3715.0,1312.0,12.0,3.0
Asia,Uzbekistan,2021-04-18,34627648,5583.0,1868.0,16.0,4.0
Asia,Uzbekistan,2021-04-25,34627648,7956.0,2373.0,23.0,7.0
Asia,Uzbekistan,2021-05-02,34627648,10607.0,2651.0,31.0,8.0
Asia,Uzbekistan,2021-05-09,34627648,13360.0,2753.0,40.0,9.0
Asia,Uzbekistan,2021-05-16,34627648,15494.0,2134.0,48.0,8.0
Asia,Uzbekistan,2021-05-23,34627648,17258.0,1764.0,58.0,10.0
Asia,Uzbekistan,2021-05-30,34627648,18936.0,1678.0,68.0,10.0
Asia,Uzbekistan,2021-06-06,34627648,20565.0,1629.0,74.0,6.0
Asia,Uzbekistan,2021-06-13,34627648,22414.0,1849.0,86.0,12.0
Asia,Uzbekistan,2021-06-20,34627648,25053.0,2639.0,96.0,10.0
Asia,Uzbekistan,2021-06-27,34627648,28293.0,3240.0,109.0,13.0
Asia,Uzbekistan,2021-07-04,34627648,31673.0,3380.0,129.0,20.0
Asia,Uzbekistan,2021-07-11,34627648,35022.0,3349.0,152.0,23.0
Asia,Uzbekistan,2021-07-18,34627648,38574.0,3552.0,179.0,27.0
Asia,Uzbekistan,2021-07-25,34627648,43596.0,5022.0,216.0,37.0
Asia,Uzbekistan,2021-08-01,34627648,49680.0,6084.0,263.0,47.0
Asia,Uzbekistan,2021-08-08,34627648,56092.0,6412.0,311.0,48.0
Asia,Uzbekistan,2021-08-15,34627648,62498.0,6406.0,359.0,48.0
Asia,Uzbekistan,2021-08-22,34627648,68456.0,5958.0,406.0,47.0
Asia,Uzbekistan,2021-08-29,34627648,74219.0,5763.0,453.0,47.0
Asia,Uzbekistan,2021-09-05,34627648,79091.0,4872.0,498.0,45.0
Asia,Uzbekistan,2021-09-12,34627648,83470.0,4379.0,537.0,39.0
Asia,Uzbekistan,2021-09-19,34627648,87518.0,4048.0,570.0,33.0
Asia,Uzbekistan,2021-09-26,34627648,91073.0,3555.0,603.0,33.0
Asia,Uzbekistan,2021-10-03,34627648,94295.0,3222.0,627.0,24.0
Asia,Uzbekistan,2021-10-10,34627648,97217.0,2922.0,649.0,22.0
Asia,Uzbekistan,2021-10-17,34627648,99892.0,2675.0,668.0,19.0
Asia,Uzbekistan,2021-10-24,34627648,102508.0,2616.0,684.0,16.0
Asia,Uzbekistan,2021-10-31,34627648,104824.0,2316.0,703.0,19.0
Asia,Uzbekistan,2021-11-07,34627648,106739.0,1915.0,718.0,15.0
Asia,Uzbekistan,2021-11-14,34627648,108485.0,1746.0,736.0,18.0
Asia,Uzbekistan,2021-11-21,34627648,109974.0,1489.0,757.0,21.0
Asia,Uzbekistan,2021-11-28,34627648,111463.0,1489.0,778.0,21.0
Asia,Uzbekistan,2021-12-05,34627648,112954.0,1491.0,800.0,22.0
Asia,Uzbekistan,2021-12-12,34627648,114356.0,1402.0,819.0,19.0
Asia,Uzbekistan,2021-12-19,34627648,115666.0,1310.0,840.0,21.0
Asia,Uzbekistan,2021-12-26,34627648,116785.0,1119.0,860.0,20.0
Asia,Uzbekistan,2022-01-02,34627648,117584.0,799.0,864.0,4.0
Asia,Uzbekistan,2022-01-09,34627648,119132.0,1548.0,876.0,12.0
Asia,Uzbekistan,2022-01-16,34627648,124524.0,5392.0,897.0,21.0
Asia,Uzbekistan,2022-01-23,34627648,133465.0,8941.0,921.0,24.0
Asia,Uzbekistan,2022-01-30,34627648,141410.0,7945.0,943.0,22.0
Asia,Uzbekistan,2022-02-06,34627648,148030.0,6620.0,965.0,22.0
Asia,Uzbekistan,2022-02-13,34627648,152163.0,4133.0,983.0,18.0
Asia,Uzbekistan,2022-02-20,34627648,153829.0,1666.0,1000.0,17.0
Asia,Uzbekistan,2022-02-27,34627648,154807.0,978.0,1014.0,14.0
Asia,Uzbekistan,2022-03-06,34627648,155369.0,562.0,1016.0,2.0
Asia,Vietnam,2021-05-16,98186856,4212.0,800.0,37.0,2.0
Asia,Vietnam,2021-05-23,98186856,5275.0,1063.0,42.0,5.0
Asia,Vietnam,2021-05-30,98186856,7168.0,1893.0,47.0,5.0
Asia,Vietnam,2021-06-06,98186856,8791.0,1623.0,53.0,6.0
Asia,Vietnam,2021-06-13,98186856,10630.0,1839.0,60.0,7.0
Asia,Vietnam,2021-06-20,98186856,13258.0,2628.0,67.0,7.0
Asia,Vietnam,2021-06-27,98186856,15740.0,2482.0,80.0,13.0
Asia,Vietnam,2021-07-04,98186856,20261.0,4521.0,99.0,19.0
Asia,Vietnam,2021-07-11,98186856,30478.0,10217.0,162.0,63.0
Asia,Vietnam,2021-07-18,98186856,55845.0,25367.0,254.0,92.0
Asia,Vietnam,2021-07-25,98186856,101173.0,45328.0,370.0,116.0
Asia,Vietnam,2021-08-01,98186856,157507.0,56334.0,1306.0,936.0
Asia,Vietnam,2021-08-08,98186856,215560.0,58053.0,3397.0,2091.0
Asia,Vietnam,2021-08-15,98186856,275044.0,59484.0,5774.0,2377.0
Asia,Vietnam,2021-08-22,98186856,348059.0,73015.0,8277.0,2503.0
Asia,Vietnam,2021-08-29,98186856,435265.0,87206.0,10749.0,2472.0
Asia,Vietnam,2021-09-05,98186856,524307.0,89042.0,13074.0,2325.0
Asia,Vietnam,2021-09-12,98186856,613375.0,89068.0,15279.0,2205.0
Asia,Vietnam,2021-09-19,98186856,687063.0,73688.0,17090.0,1811.0
Asia,Vietnam,2021-09-26,98186856,756689.0,69626.0,18584.0,1494.0
Asia,Vietnam,2021-10-03,98186856,808578.0,51889.0,19715.0,1131.0
Asia,Vietnam,2021-10-10,98186856,839662.0,31084.0,20555.0,840.0
Asia,Vietnam,2021-10-17,98186856,864053.0,24391.0,21194.0,639.0
Asia,Vietnam,2021-10-24,98186856,888940.0,24887.0,21673.0,479.0
Asia,Vietnam,2021-10-31,98186856,921122.0,32182.0,22083.0,410.0
Asia,Vietnam,2021-11-07,98186856,968684.0,47562.0,22531.0,448.0
Asia,Vietnam,2021-11-14,98186856,1026522.0,57838.0,23082.0,551.0
Asia,Vietnam,2021-11-21,98186856,1094514.0,67992.0,23761.0,679.0
Asia,Vietnam,2021-11-28,98186856,1210340.0,115826.0,24882.0,1121.0
Asia,Vietnam,2021-12-05,98186856,1309092.0,98752.0,26260.0,1378.0
Asia,Vietnam,2021-12-12,98186856,1413051.0,103959.0,27839.0,1579.0
Asia,Vietnam,2021-12-19,98186856,1540478.0,127427.0,29566.0,1727.0
Asia,Vietnam,2021-12-26,98186856,1651673.0,111195.0,31214.0,1648.0
Asia,Vietnam,2022-01-02,98186856,1763040.0,111367.0,32831.0,1617.0
Asia,Vietnam,2022-01-09,98186856,1899575.0,136535.0,34319.0,1488.0
Asia,Vietnam,2022-01-16,98186856,2023546.0,123971.0,35609.0,1290.0
Asia,Vietnam,2022-01-23,98186856,2141422.0,117876.0,36719.0,1110.0
Asia,Vietnam,2022-01-30,98186856,2263053.0,121631.0,37668.0,949.0
Asia,Vietnam,2022-02-06,98186856,2341971.0,78918.0,38324.0,656.0
Asia,Vietnam,2022-02-13,98186856,2510860.0,168889.0,38946.0,622.0
Asia,Vietnam,2022-02-20,98186856,2787493.0,276633.0,39501.0,555.0
Asia,Vietnam,2022-02-27,98186856,3321005.0,533512.0,40144.0,643.0
Asia,Vietnam,2022-03-06,98186856,4434700.0,1113695.0,40813.0,669.0
Asia,Vietnam,2022-03-13,98186856,6112648.0,1677948.0,41385.0,572.0
Asia,Vietnam,2022-03-20,98186856,7958048.0,1845400.0,41880.0,495.0
Asia,Vietnam,2022-03-27,98186856,9011473.0,1053425.0,42306.0,426.0
Asia,Vietnam,2022-04-03,98186856,9818328.0,806855.0,42600.0,294.0
Asia,Vietnam,2022-04-10,98186856,10198236.0,379908.0,42813.0,213.0
Asia,Vietnam,2022-04-17,98186856,10432547.0,234311.0,42944.0,131.0
Asia,Vietnam,2022-04-24,98186856,10563502.0,130955.0,43013.0,69.0
Asia,Vietnam,2022-05-01,98186856,10653526.0,90024.0,43042.0,29.0
Asia,Vietnam,2022-05-08,98186856,10676184.0,22658.0,43056.0,14.0
Asia,Vietnam,2022-05-15,98186856,10696630.0,20446.0,43065.0,9.0
Asia,Vietnam,2022-05-22,98186856,10708887.0,12257.0,43075.0,10.0
Asia,Vietnam,2022-05-29,98186856,10717251.0,8364.0,43078.0,3.0
Asia,Vietnam,2022-06-05,98186856,10725239.0,7988.0,43081.0,3.0
Asia,Vietnam,2022-06-12,98186856,10731812.0,6573.0,43083.0,2.0
Asia,Vietnam,2022-06-26,98186856,10743448.0,5808.0,43084.0,1.0
Asia,Vietnam,2022-07-03,98186856,10748127.0,4679.0,43088.0,4.0
Asia,Vietnam,2022-07-10,98186856,10754348.0,6221.0,43089.0,1.0
Asia,Vietnam,2022-07-17,98186856,10759850.0,5502.0,43091.0,2.0
Asia,Vietnam,2022-07-24,98186856,10767200.0,7350.0,43092.0,1.0
Asia,Vietnam,2022-07-31,98186856,10774679.0,7479.0,43093.0,1.0
Asia,Vietnam,2022-08-07,98186856,11346137.0,571458.0,43094.0,1.0
Asia,Vietnam,2022-08-14,98186856,11364355.0,18218.0,43098.0,4.0
Asia,Vietnam,2022-08-21,98186856,11382258.0,17903.0,43106.0,8.0
Asia,Vietnam,2022-08-28,98186856,11401597.0,19339.0,43113.0,7.0
Asia,Vietnam,2022-09-04,98186856,11417503.0,15906.0,43122.0,9.0
Asia,Vietnam,2022-09-11,98186856,11437970.0,20467.0,43130.0,8.0
Asia,Vietnam,2022-09-18,98186856,11456558.0,18588.0,43141.0,11.0
Asia,Vietnam,2022-09-25,98186856,11471340.0,14782.0,43146.0,5.0
Asia,Vietnam,2022-10-02,98186856,11480028.0,8688.0,43151.0,5.0
Asia,Vietnam,2022-10-09,98186856,11485361.0,5333.0,43153.0,2.0
Asia,Vietnam,2022-10-16,98186856,11492273.0,6912.0,43155.0,2.0
Asia,Vietnam,2022-10-23,98186856,11496829.0,4556.0,43159.0,4.0
Asia,Vietnam,2022-10-30,98186856,11502169.0,5340.0,43163.0,4.0
Asia,Vietnam,2022-11-06,98186856,11505608.0,3439.0,43166.0,3.0
Asia,Vietnam,2022-11-20,98186856,11511178.0,2731.0,43169.0,3.0
Asia,Vietnam,2022-11-27,98186856,11514174.0,2996.0,43170.0,1.0
Asia,Vietnam,2022-12-04,98186856,11517517.0,3343.0,43177.0,7.0
Asia,Vietnam,2022-12-11,98186856,11520445.0,2928.0,43179.0,2.0
Asia,Vietnam,2022-12-18,98186856,11522750.0,2305.0,43180.0,1.0
Asia,Vietnam,2022-12-25,98186856,11524202.0,1452.0,43184.0,4.0
Asia,Vietnam,2023-01-01,98186856,11525231.0,1029.0,43186.0,2.0
Asia,Yemen,2021-01-03,33696612,2105.0,9.0,611.0,4.0
Asia,Yemen,2021-01-17,33696612,2116.0,8.0,613.0,2.0
Asia,Yemen,2021-01-24,33696612,2122.0,6.0,616.0,3.0
Asia,Yemen,2021-02-14,33696612,2140.0,9.0,617.0,1.0
Asia,Yemen,2021-02-21,33696612,2161.0,21.0,619.0,2.0
Asia,Yemen,2021-02-28,33696612,2273.0,112.0,632.0,13.0
Asia,Yemen,2021-03-07,33696612,2448.0,175.0,651.0,19.0
Asia,Yemen,2021-03-14,33696612,2775.0,327.0,684.0,33.0
Asia,Yemen,2021-03-21,33696612,3282.0,507.0,738.0,54.0
Asia,Yemen,2021-03-28,33696612,3973.0,691.0,833.0,95.0
Asia,Yemen,2021-04-04,33696612,4701.0,728.0,933.0,100.0
Asia,Yemen,2021-04-11,33696612,5280.0,579.0,1032.0,99.0
Asia,Yemen,2021-04-18,33696612,5774.0,494.0,1120.0,88.0
Asia,Yemen,2021-04-25,33696612,6109.0,335.0,1176.0,56.0
Asia,Yemen,2021-05-02,33696612,6329.0,220.0,1230.0,54.0
Asia,Yemen,2021-05-09,33696612,6466.0,137.0,1271.0,41.0
Asia,Yemen,2021-05-16,33696612,6542.0,76.0,1286.0,15.0
Asia,Yemen,2021-05-23,33696612,6653.0,111.0,1305.0,19.0
Asia,Yemen,2021-05-30,33696612,6731.0,78.0,1319.0,14.0
Asia,Yemen,2021-06-06,33696612,6780.0,49.0,1325.0,6.0
Asia,Yemen,2021-06-13,33696612,6857.0,77.0,1347.0,22.0
Asia,Yemen,2021-06-20,33696612,6877.0,20.0,1353.0,6.0
Asia,Yemen,2021-06-27,33696612,6906.0,29.0,1358.0,5.0
Asia,Yemen,2021-07-04,33696612,6926.0,20.0,1361.0,3.0
Asia,Yemen,2021-07-11,33696612,6941.0,15.0,1366.0,5.0
Asia,Yemen,2021-07-18,33696612,6977.0,36.0,1368.0,2.0
Asia,Yemen,2021-07-25,33696612,7008.0,31.0,1373.0,5.0
Asia,Yemen,2021-08-01,33696612,7061.0,53.0,1375.0,2.0
Asia,Yemen,2021-08-08,33696612,7157.0,96.0,1384.0,9.0
Asia,Yemen,2021-08-15,33696612,7273.0,116.0,1401.0,17.0
Asia,Yemen,2021-08-22,33696612,7487.0,214.0,1416.0,15.0
Asia,Yemen,2021-08-29,33696612,7751.0,264.0,1450.0,34.0
Asia,Yemen,2021-09-05,33696612,8056.0,305.0,1519.0,69.0
Asia,Yemen,2021-09-12,33696612,8358.0,302.0,1569.0,50.0
Asia,Yemen,2021-09-19,33696612,8630.0,272.0,1638.0,69.0
Asia,Yemen,2021-09-26,33696612,8891.0,261.0,1682.0,44.0
Asia,Yemen,2021-10-03,33696612,9139.0,248.0,1734.0,52.0
Asia,Yemen,2021-10-10,33696612,9345.0,206.0,1775.0,41.0
Asia,Yemen,2021-10-17,33696612,9512.0,167.0,1802.0,27.0
Asia,Yemen,2021-10-24,33696612,9662.0,150.0,1838.0,36.0
Asia,Yemen,2021-10-31,33696612,9779.0,117.0,1880.0,42.0
Asia,Yemen,2021-11-07,33696612,9858.0,79.0,1907.0,27.0
Asia,Yemen,2021-11-14,33696612,9918.0,60.0,1923.0,16.0
Asia,Yemen,2021-11-21,33696612,9955.0,37.0,1938.0,15.0
Asia,Yemen,2021-11-28,33696612,9981.0,26.0,1945.0,7.0
Asia,Yemen,2021-12-05,33696612,10021.0,40.0,1953.0,8.0
Asia,Yemen,2021-12-12,33696612,10063.0,42.0,1968.0,15.0
Asia,Yemen,2021-12-19,33696612,10097.0,34.0,1976.0,8.0
Asia,Yemen,2021-12-26,33696612,10111.0,14.0,1983.0,7.0
Asia,Yemen,2022-01-02,33696612,10127.0,16.0,1984.0,1.0
Asia,Yemen,2022-01-09,33696612,10178.0,51.0,1986.0,2.0
Asia,Yemen,2022-01-16,33696612,10318.0,140.0,1988.0,2.0
Asia,Yemen,2022-01-23,33696612,10585.0,267.0,1995.0,7.0
Asia,Yemen,2022-01-30,33696612,10998.0,413.0,2007.0,12.0
Asia,Yemen,2022-02-06,33696612,11249.0,251.0,2026.0,19.0
Asia,Yemen,2022-02-13,33696612,11664.0,415.0,2102.0,76.0
Asia,Yemen,2022-02-20,33696612,11731.0,67.0,2120.0,18.0
Asia,Yemen,2022-02-27,33696612,11760.0,29.0,2133.0,13.0
Asia,Yemen,2022-03-06,33696612,11775.0,15.0,2135.0,2.0
Asia,Yemen,2022-03-13,33696612,11784.0,9.0,2139.0,4.0
Asia,Yemen,2022-03-20,33696612,11799.0,15.0,2140.0,1.0
Asia,Yemen,2022-03-27,33696612,11803.0,4.0,2142.0,2.0
Asia,Yemen,2022-04-03,33696612,11806.0,3.0,2143.0,1.0
Asia,Yemen,2022-04-10,33696612,11813.0,7.0,2147.0,4.0
Asia,Yemen,2022-04-17,33696612,11817.0,4.0,2148.0,1.0
Asia,Yemen,2022-05-01,33696612,11819.0,1.0,2149.0,1.0
Asia,Yemen,2022-07-31,33696612,11877.0,28.0,2151.0,2.0
Asia,Yemen,2022-08-07,33696612,11895.0,18.0,2152.0,1.0
Asia,Yemen,2022-08-21,33696612,11915.0,12.0,2153.0,1.0
Asia,Yemen,2022-08-28,33696612,11925.0,10.0,2155.0,2.0
Asia,Yemen,2022-09-25,33696612,11935.0,3.0,2157.0,2.0
Asia,Yemen,2022-10-09,33696612,11939.0,4.0,2158.0,1.0
Asia,Yemen,2022-11-06,33696612,11945.0,6.0,2159.0,1.0
